// Auto-generated from ctrlvoid.png (flattened onto black) by png_to_rgb565.py. Do not edit.
#pragma once

#include <stdint.h>

constexpr int SPLASH_CTRLVOID_W = 200;
constexpr int SPLASH_CTRLVOID_H = 200;
constexpr uint16_t SPLASH_CTRLVOID[40000] PROGMEM = {
    0x0000, 0x0000, 0x0000, 0x0000, 0x0000, 0x0000, 0x0000, 0x0000, 0x0000, 0x0000, 0x0000, 0x0000,
    0x0000, 0x0000, 0x0000, 0x0000, 0x0000, 0x0000, 0x0000, 0x0000, 0x0000, 0x0000, 0x0000, 0x0000,
    0x0000, 0x0000, 0x0000, 0x0000, 0x0000, 0x0000, 0x0000, 0x0000, 0x0000, 0x0000, 0x0000, 0x0000,
    0x0000, 0x0000, 0x0000, 0x0000, 0x0000, 0x0000, 0x0000, 0x0000, 0x0000, 0x0000, 0x0000, 0x0000,
    0x0000, 0x0000, 0x0000, 0x0000, 0x0000, 0x0000, 0x0000, 0x0000, 0x0000, 0x0000, 0x0000, 0x0000,
    0x0000, 0x0000, 0x0000, 0x0000, 0x0000, 0x0000, 0x0000, 0x0000, 0x0000, 0x0000, 0x0000, 0x0000,
    0x0000, 0x0000, 0x0000, 0x0000, 0x0000, 0x0000, 0x0000, 0x0000, 0x0000, 0x0000, 0x0000, 0x0000,
    0x0000, 0x0000, 0x0000, 0x0000, 0x0000, 0x0000, 0x0000, 0x0000, 0x0000, 0x0000, 0x0000, 0x0000,
    0x0000, 0x0000, 0x0000, 0x0000, 0x0000, 0x0000, 0x0000, 0x0000, 0x0000, 0x0000, 0x0000, 0x0000,
    0x0000, 0x0000, 0x0000, 0x0000, 0x0000, 0x0000, 0x0000, 0x0000, 0x0000, 0x0000, 0x0000, 0x0000,
    0x0000, 0x0000, 0x0000, 0x0000, 0x0000, 0x0000, 0x0000, 0x0000, 0x0000, 0x0000, 0x0000, 0x0000,
    0x0000, 0x0000, 0x0000, 0x0000, 0x0000, 0x0000, 0x0000, 0x0000, 0x0000, 0x0000, 0x0000, 0x0000,
    0x0000, 0x0000, 0x0000, 0x0000, 0x0000, 0x0000, 0x0000, 0x0000, 0x0000, 0x0000, 0x0000, 0x0000,
    0x0000, 0x0000, 0x0000, 0x0000, 0x0000, 0x0000, 0x0000, 0x0000, 0x0000, 0x0000, 0x0000, 0x0000,
    0x0000, 0x0000, 0x0000, 0x0000, 0x0000, 0x0000, 0x0000, 0x0000, 0x0000, 0x0000, 0x0000, 0x0000,
    0x0000, 0x0000, 0x0000, 0x0000, 0x0000, 0x0000, 0x0000, 0x0000, 0x0000, 0x0000, 0x0000, 0x0000,
    0x0000, 0x0000, 0x0000, 0x0000, 0x0000, 0x0000, 0x0000, 0x0000, 0x0000, 0x0000, 0x0000, 0x0000,
    0x0000, 0x0000, 0x0000, 0x0000, 0x0000, 0x0000, 0x0000, 0x0000, 0x0000, 0x0000, 0x0000, 0x0000,
    0x0000, 0x0000, 0x0000, 0x0000, 0x0000, 0x0000, 0x0000, 0x0000, 0x0000, 0x0000, 0x0000, 0x0000,
    0x0000, 0x0000, 0x0000, 0x0000, 0x0000, 0x0000, 0x0000, 0x0000, 0x0000, 0x0000, 0x0000, 0x0000,
    0x0000, 0x0000, 0x0000, 0x0000, 0x0000, 0x0000, 0x0000, 0x0000, 0x0000, 0x0000, 0x0000, 0x0000,
    0x0000, 0x0000, 0x0000, 0x0000, 0x0000, 0x0000, 0x0000, 0x0000, 0x0000, 0x0000, 0x0000, 0x0000,
    0x0000, 0x0000, 0x0000, 0x0000, 0x0000, 0x0000, 0x0000, 0x0000, 0x0000, 0x0000, 0x0000, 0x0000,
    0x0000, 0x0000, 0x0000, 0x0000, 0x0000, 0x0000, 0x0000, 0x0000, 0x0000, 0x0000, 0x0000, 0x0000,
    0x0000, 0x0000, 0x0000, 0x0000, 0x0000, 0x0000, 0x0000, 0x0000, 0x0000, 0x0000, 0x0000, 0x0000,
    0x0000, 0x0000, 0x0000, 0x0000, 0x0000, 0x0000, 0x0000, 0x0000, 0x0000, 0x0000, 0x0000, 0x0000,
    0x0000, 0x0000, 0x0000, 0x0000, 0x0000, 0x0000, 0x0000, 0x0000, 0x0000, 0x0000, 0x0000, 0x0000,
    0x0000, 0x0000, 0x0000, 0x0000, 0x0000, 0x0000, 0x0000, 0x0000, 0x0000, 0x0000, 0x0000, 0x0000,
    0x0000, 0x0000, 0x0000, 0x0000, 0x0000, 0x0000, 0x0000, 0x0000, 0x0000, 0x0000, 0x0000, 0x0000,
    0x0000, 0x0000, 0x0000, 0x0000, 0x0000, 0x0000, 0x0000, 0x0000, 0x0000, 0x0000, 0x0000, 0x0000,
    0x0000, 0x0000, 0x0000, 0x0000, 0x0000, 0x0000, 0x0000, 0x0000, 0x0000, 0x0000, 0x0000, 0x0000,
    0x0000, 0x0000, 0x0000, 0x0000, 0x0000, 0x0000, 0x0000, 0x0000, 0x0000, 0x0000, 0x0000, 0x0000,
    0x0000, 0x0000, 0x0000, 0x0000, 0x0000, 0x0000, 0x0000, 0x0000, 0x0000, 0x0000, 0x0000, 0x0000,
    0x0000, 0x0000, 0x0000, 0x0000, 0x0000, 0x0000, 0x0000, 0x0000, 0x0000, 0x0000, 0x0000, 0x0000,
    0x0000, 0x0000, 0x0000, 0x0000, 0x0000, 0x0000, 0x0000, 0x0000, 0x0000, 0x0000, 0x0000, 0x0000,
    0x0000, 0x0000, 0x0000, 0x0000, 0x0000, 0x0000, 0x0000, 0x0000, 0x0000, 0x0000, 0x0000, 0x0000,
    0x0000, 0x0000, 0x0000, 0x0000, 0x0000, 0x0000, 0x0000, 0x0000, 0x0000, 0x0000, 0x0000, 0x0000,
    0x0000, 0x0000, 0x0000, 0x0000, 0x0000, 0x0000, 0x0000, 0x0000, 0x0000, 0x0000, 0x0000, 0x0000,
    0x0000, 0x0000, 0x0000, 0x0000, 0x0000, 0x0000, 0x0000, 0x0000, 0x0000, 0x0000, 0x0000, 0x0000,
    0x0000, 0x0000, 0x0000, 0x0000, 0x0000, 0x0000, 0x0000, 0x0000, 0x0000, 0x0000, 0x0000, 0x0000,
    0x0000, 0x0000, 0x0000, 0x0000, 0x0000, 0x0000, 0x0000, 0x0000, 0x0000, 0x0000, 0x0000, 0x0000,
    0x0000, 0x0000, 0x0000, 0x0000, 0x0000, 0x0000, 0x0000, 0x0000, 0x0000, 0x0000, 0x0000, 0x0000,
    0x0000, 0x0000, 0x0000, 0x0000, 0x0000, 0x0000, 0x0000, 0x0000, 0x0000, 0x0000, 0x0000, 0x0000,
    0x0000, 0x0000, 0x0000, 0x0000, 0x0000, 0x0000, 0x0000, 0x0000, 0x0000, 0x0000, 0x0000, 0x0000,
    0x0000, 0x0000, 0x0000, 0x0000, 0x0000, 0x0000, 0x0000, 0x0000, 0x0000, 0x0000, 0x0000, 0x0000,
    0x0000, 0x0000, 0x0000, 0x0000, 0x0000, 0x0000, 0x0000, 0x0000, 0x0000, 0x0000, 0x0000, 0x0000,
    0x0000, 0x0000, 0x0000, 0x0000, 0x0000, 0x0000, 0x0000, 0x0000, 0x0000, 0x0000, 0x0000, 0x0000,
    0x0000, 0x0000, 0x0000, 0x0000, 0x0000, 0x0000, 0x0000, 0x0000, 0x0000, 0x0000, 0x0000, 0x0000,
    0x0000, 0x0000, 0x0000, 0x0000, 0x0000, 0x0000, 0x0000, 0x0000, 0x0000, 0x0000, 0x0000, 0x0000,
    0x0000, 0x0000, 0x0000, 0x0000, 0x0000, 0x0000, 0x0000, 0x0000, 0x0000, 0x0000, 0x0000, 0x0000,
    0x0000, 0x0000, 0x0000, 0x0000, 0x0000, 0x0000, 0x0000, 0x0000, 0x0000, 0x0000, 0x0000, 0x0000,
    0x0000, 0x0000, 0x0000, 0x0000, 0x0000, 0x0000, 0x0000, 0x0000, 0x0000, 0x0000, 0x0000, 0x0000,
    0x0000, 0x0000, 0x0000, 0x0000, 0x0000, 0x0000, 0x0000, 0x0000, 0x0000, 0x0000, 0x0000, 0x0000,
    0x0000, 0x0000, 0x0000, 0x0000, 0x0000, 0x0000, 0x0000, 0x0000, 0x0000, 0x0000, 0x0000, 0x0000,
    0x0000, 0x0000, 0x0000, 0x0000, 0x0000, 0x0000, 0x0000, 0x0000, 0x0000, 0x0000, 0x0000, 0x0000,
    0x0000, 0x0000, 0x0000, 0x0000, 0x0000, 0x0000, 0x0000, 0x0000, 0x0000, 0x0000, 0x0000, 0x0000,
    0x0000, 0x0000, 0x0000, 0x0000, 0x0000, 0x0000, 0x0000, 0x0000, 0x0000, 0x0000, 0x0000, 0x0000,
    0x0000, 0x0000, 0x0000, 0x0000, 0x0000, 0x0000, 0x0000, 0x0000, 0x0000, 0x0000, 0x0000, 0x0000,
    0x0000, 0x0000, 0x0000, 0x0000, 0x0000, 0x0000, 0x0000, 0x0000, 0x0000, 0x0000, 0x0000, 0x0000,
    0x0000, 0x0000, 0x0000, 0x0000, 0x0000, 0x0000, 0x0000, 0x0000, 0x0000, 0x0000, 0x0000, 0x0000,
    0x0000, 0x0000, 0x0000, 0x0000, 0x0000, 0x0000, 0x0000, 0x0000, 0x0000, 0x0000, 0x0000, 0x0000,
    0x0000, 0x0000, 0x0000, 0x0000, 0x0000, 0x0000, 0x0000, 0x0000, 0x0000, 0x0000, 0x0000, 0x0000,
    0x0000, 0x0000, 0x0000, 0x0000, 0x0000, 0x0000, 0x0000, 0x0000, 0x0000, 0x0000, 0x0000, 0x0000,
    0x0000, 0x0000, 0x0000, 0x0000, 0x0000, 0x0000, 0x0000, 0x0000, 0x0000, 0x0000, 0x0000, 0x0000,
    0x0000, 0x0000, 0x0000, 0x0000, 0x0000, 0x0000, 0x0000, 0x0000, 0x0000, 0x0000, 0x0000, 0x0000,
    0x0000, 0x0000, 0x0000, 0x0000, 0x0000, 0x0000, 0x0000, 0x0000, 0x0000, 0x0000, 0x0000, 0x0000,
    0x0000, 0x0000, 0x0000, 0x0000, 0x0000, 0x0000, 0x0000, 0x0000, 0x0000, 0x0000, 0x0000, 0x0000,
    0x0000, 0x0000, 0x0000, 0x0000, 0x0000, 0x0000, 0x0000, 0x0000, 0x0000, 0x0000, 0x0000, 0x0000,
    0x0000, 0x0000, 0x0000, 0x0000, 0x0000, 0x0000, 0x0000, 0x0000, 0x0000, 0x0000, 0x0000, 0x0000,
    0x0000, 0x0000, 0x0000, 0x0000, 0x0000, 0x0000, 0x0000, 0x0000, 0x0000, 0x0000, 0x0000, 0x0000,
    0x0000, 0x0000, 0x0000, 0x0000, 0x0000, 0x0000, 0x0000, 0x0000, 0x0000, 0x0000, 0x0000, 0x0000,
    0x0000, 0x0000, 0x0000, 0x0000, 0x0000, 0x0000, 0x0000, 0x0000, 0x0000, 0x0000, 0x0000, 0x0000,
    0x0000, 0x0000, 0x0000, 0x0000, 0x0000, 0x0000, 0x0000, 0x0000, 0x0000, 0x0000, 0x0000, 0x0000,
    0x0000, 0x0000, 0x0000, 0x0000, 0x0000, 0x0000, 0x0000, 0x0000, 0x0000, 0x0000, 0x0000, 0x0000,
    0x0000, 0x0000, 0x0000, 0x0000, 0x0000, 0x0000, 0x0000, 0x0000, 0x0000, 0x0000, 0x0000, 0x0000,
    0x0000, 0x0000, 0x0000, 0x0000, 0x0000, 0x0000, 0x0000, 0x0000, 0x0000, 0x0000, 0x0000, 0x0000,
    0x0000, 0x0000, 0x0000, 0x0000, 0x0000, 0x0000, 0x0000, 0x0000, 0x0000, 0x0000, 0x0000, 0x0000,
    0x0000, 0x0000, 0x0000, 0x0000, 0x0000, 0x0000, 0x0000, 0x0000, 0x0000, 0x0000, 0x0000, 0x0000,
    0x0000, 0x0000, 0x0000, 0x0000, 0x0000, 0x0000, 0x0000, 0x0000, 0x0000, 0x0000, 0x0000, 0x0000,
    0x0000, 0x0000, 0x0000, 0x0000, 0x0000, 0x0000, 0x0000, 0x0000, 0x0000, 0x0000, 0x0000, 0x0000,
    0x0000, 0x0000, 0x0000, 0x0000, 0x0000, 0x0000, 0x0000, 0x0000, 0x0000, 0x0000, 0x0000, 0x0000,
    0x0000, 0x0000, 0x0000, 0x0000, 0x0000, 0x0000, 0x0000, 0x0000, 0x0000, 0x0000, 0x0000, 0x0000,
    0x0000, 0x0000, 0x0000, 0x0000, 0x0000, 0x0000, 0x0000, 0x0000, 0x0000, 0x0000, 0x0000, 0x0000,
    0x0000, 0x0000, 0x0000, 0x0000, 0x0000, 0x0000, 0x0000, 0x0000, 0x0000, 0x0000, 0x0000, 0x0000,
    0x0000, 0x0000, 0x0000, 0x0000, 0x0000, 0x0000, 0x0000, 0x0000, 0x0000, 0x0000, 0x0000, 0x0000,
    0x0000, 0x0000, 0x0000, 0x0000, 0x0000, 0x0000, 0x0000, 0x0000, 0x0000, 0x0000, 0x0000, 0x0000,
    0x0000, 0x0000, 0x0000, 0x0000, 0x0000, 0x0000, 0x0000, 0x0000, 0x0000, 0x0000, 0x0000, 0x0000,
    0x0000, 0x0000, 0x0000, 0x0000, 0x0000, 0x0000, 0x0000, 0x0000, 0x0000, 0x0000, 0x0000, 0x0000,
    0x0000, 0x0000, 0x0000, 0x0000, 0x0000, 0x0000, 0x0000, 0x0000, 0x0000, 0x0000, 0x0000, 0x0000,
    0x0000, 0x0000, 0x0000, 0x0000, 0x0000, 0x0000, 0x0000, 0x0000, 0x0000, 0x0000, 0x0000, 0x0000,
    0x0000, 0x0000, 0x0000, 0x0000, 0x0000, 0x0000, 0x0000, 0x0000, 0x0000, 0x0000, 0x0000, 0x0000,
    0x0000, 0x0000, 0x0000, 0x0000, 0x0000, 0x0000, 0x0000, 0x0000, 0x0000, 0x0000, 0x0000, 0x0000,
    0x0000, 0x0000, 0x0000, 0x0000, 0x0000, 0x0000, 0x0000, 0x0000, 0x0000, 0x0000, 0x0000, 0x0000,
    0x0000, 0x0000, 0x0000, 0x0000, 0x0000, 0x0000, 0x0000, 0x0000, 0x0000, 0x0000, 0x0000, 0x0000,
    0x0000, 0x0000, 0x0000, 0x0000, 0x0000, 0x0000, 0x0000, 0x0000, 0x0000, 0x0000, 0x0000, 0x0000,
    0x0000, 0x0000, 0x0000, 0x0000, 0x0000, 0x0000, 0x0000, 0x0000, 0x0000, 0x0000, 0x0000, 0x0000,
    0x0000, 0x0000, 0x0000, 0x0000, 0x0000, 0x0000, 0x0000, 0x0000, 0x0000, 0x0000, 0x0000, 0x0000,
    0x0000, 0x0000, 0x0000, 0x0000, 0x0000, 0x0000, 0x0000, 0x0000, 0x0000, 0x0000, 0x0000, 0x0000,
    0x0000, 0x0000, 0x0000, 0x0000, 0x0000, 0x0000, 0x0000, 0x0000, 0x0000, 0x0000, 0x0000, 0x0000,
    0x0000, 0x0000, 0x0000, 0x0000, 0x0000, 0x0000, 0x0000, 0x0000, 0x0000, 0x0000, 0x0000, 0x0000,
    0x0000, 0x0000, 0x0000, 0x0000, 0x0000, 0x0000, 0x0000, 0x0000, 0x0000, 0x0000, 0x0000, 0x0000,
    0x0000, 0x0000, 0x0000, 0x0000, 0x0000, 0x0000, 0x0000, 0x0000, 0x0000, 0x0000, 0x0000, 0x0000,
    0x0000, 0x0000, 0x0000, 0x0000, 0x0000, 0x0000, 0x0000, 0x0000, 0x0000, 0x0000, 0x0000, 0x0000,
    0x0000, 0x0000, 0x0000, 0x0000, 0x0000, 0x0000, 0x0000, 0x0000, 0x0000, 0x0000, 0x0000, 0x0000,
    0x0000, 0x0000, 0x0000, 0x0000, 0x0000, 0x0000, 0x0000, 0x0000, 0x0000, 0x0000, 0x0000, 0x0000,
    0x0000, 0x0000, 0x0000, 0x0000, 0x0000, 0x0000, 0x0000, 0x0000, 0x0000, 0x0000, 0x0000, 0x0000,
    0x0000, 0x0000, 0x0000, 0x0000, 0x0000, 0x0000, 0x0000, 0x0000, 0x0000, 0x0000, 0x0000, 0x0000,
    0x0000, 0x0000, 0x0000, 0x0000, 0x0000, 0x0000, 0x0000, 0x0000, 0x0000, 0x0000, 0x0000, 0x0000,
    0x0000, 0x0000, 0x0000, 0x0000, 0x0000, 0x0000, 0x0000, 0x0000, 0x0000, 0x0000, 0x0000, 0x0000,
    0x0000, 0x0000, 0x0000, 0x0000, 0x0000, 0x0000, 0x0000, 0x0000, 0x0000, 0x0000, 0x0000, 0x0000,
    0x0000, 0x0000, 0x0000, 0x0000, 0x0000, 0x0000, 0x0000, 0x0000, 0x0000, 0x0000, 0x0000, 0x0000,
    0x0000, 0x0000, 0x0000, 0x0000, 0x0000, 0x0000, 0x0000, 0x0000, 0x0000, 0x0000, 0x0000, 0x0000,
    0x0000, 0x0000, 0x0000, 0x0000, 0x0000, 0x0000, 0x0000, 0x0000, 0x0000, 0x0000, 0x0000, 0x0000,
    0x0000, 0x0000, 0x0000, 0x0000, 0x0000, 0x0000, 0x0000, 0x0000, 0x0000, 0x0000, 0x0000, 0x0000,
    0x0000, 0x0000, 0x0000, 0x0000, 0x0000, 0x0000, 0x0000, 0x0000, 0x0000, 0x0000, 0x0000, 0x0000,
    0x0000, 0x0000, 0x0000, 0x0000, 0x0000, 0x0000, 0x0000, 0x0000, 0x0000, 0x0000, 0x0000, 0x0000,
    0x0000, 0x0000, 0x0000, 0x0000, 0x0000, 0x0000, 0x0000, 0x0000, 0x0000, 0x0000, 0x0000, 0x0000,
    0x0000, 0x0000, 0x0000, 0x0000, 0x0000, 0x0000, 0x0000, 0x0000, 0x0000, 0x0000, 0x0000, 0x0000,
    0x0000, 0x0000, 0x0000, 0x0000, 0x0000, 0x0000, 0x0000, 0x0000, 0x0000, 0x0000, 0x0000, 0x0000,
    0x0000, 0x0000, 0x0000, 0x0000, 0x0000, 0x0000, 0x0000, 0x0000, 0x0000, 0x0000, 0x0000, 0x0000,
    0x0000, 0x0000, 0x0000, 0x0000, 0x0000, 0x0820, 0x0820, 0x0020, 0x0020, 0x0020, 0x0020, 0x0000,
    0x0000, 0x0000, 0x0000, 0x0820, 0x0020, 0x0000, 0x0020, 0x0020, 0x0020, 0x0020, 0x0020, 0x0000,
    0x0000, 0x0000, 0x0000, 0x0000, 0x0820, 0x0020, 0x0020, 0x0020, 0x0020, 0x0020, 0x0020, 0x0000,
    0x0000, 0x0000, 0x0000, 0x0000, 0x0000, 0x0020, 0x0020, 0x0000, 0x0000, 0x0000, 0x0000, 0x0000,
    0x0000, 0x0000, 0x0000, 0x0000, 0x0000, 0x0000, 0x0000, 0x0000, 0x0000, 0x0000, 0x0000, 0x0000,
    0x0000, 0x0020, 0x0020, 0x0000, 0x0000, 0x0000, 0x0000, 0x0000, 0x0020, 0x0000, 0x0000, 0x0000,
    0x0000, 0x0000, 0x0820, 0x0020, 0x0000, 0x0000, 0x0000, 0x0820, 0x0000, 0x0000, 0x0000, 0x0000,
    0x0000, 0x0020, 0x0020, 0x0000, 0x0020, 0x0000, 0x0000, 0x0000, 0x0000, 0x0000, 0x0000, 0x0000,
    0x0020, 0x0020, 0x0000, 0x0000, 0x0000, 0x0000, 0x0000, 0x0820, 0x0020, 0x0020, 0x0020, 0x0020,
    0x0820, 0x0820, 0x0000, 0x0000, 0x0000, 0x0000, 0x0000, 0x0000, 0x0000, 0x0000, 0x0000, 0x0000,
    0x0000, 0x0000, 0x0000, 0x0000, 0x0000, 0x0000, 0x0000, 0x0000, 0x0000, 0x0000, 0x0000, 0x0000,
    0x0000, 0x0000, 0x0000, 0x0000, 0x0000, 0x0000, 0x0000, 0x0000, 0x0000, 0x0000, 0x0000, 0x0000,
    0x0000, 0x0000, 0x0000, 0x0000, 0x0000, 0x0000, 0x0000, 0x0000, 0x0000, 0x0000, 0x0000, 0x0000,
    0x0000, 0x0000, 0x0000, 0x0000, 0x0000, 0x0000, 0x0000, 0x0000, 0x0000, 0x0000, 0x0000, 0x0000,
    0x0000, 0x0000, 0x0000, 0x0000, 0x0000, 0x0000, 0x0000, 0x0000, 0x0000, 0x0000, 0x0000, 0x0000,
    0x0000, 0x0000, 0x0000, 0x0000, 0x0000, 0x0000, 0x0000, 0x0000, 0x0000, 0x0000, 0x0000, 0x0000,
    0x0000, 0x0000, 0x0000, 0x0000, 0x0000, 0x0000, 0x0000, 0x0000, 0x0000, 0x0000, 0x0820, 0x0820,
    0x0000, 0x0000, 0x0000, 0x0000, 0x0000, 0x0000, 0x0000, 0x0000, 0x0820, 0x0000, 0x0000, 0x0000,
    0x0000, 0x0000, 0x0000, 0x0000, 0x0000, 0x0000, 0x0000, 0x0000, 0x0000, 0x0000, 0x0000, 0x0000,
    0x0000, 0x0000, 0x0000, 0x0000, 0x0000, 0x0000, 0x0000, 0x0000, 0x0820, 0x0820, 0x0000, 0x0000,
    0x0000, 0x0000, 0x0000, 0x0020, 0x0000, 0x0000, 0x0000, 0x0000, 0x0000, 0x0000, 0x0000, 0x0000,
    0x0000, 0x0000, 0x0000, 0x0000, 0x0000, 0x0000, 0x0000, 0x0820, 0x0020, 0x0000, 0x0000, 0x0000,
    0x0000, 0x0000, 0x0820, 0x0000, 0x0000, 0x0000, 0x0000, 0x0000, 0x0820, 0x0000, 0x0000, 0x0000,
    0x0000, 0x0000, 0x0000, 0x0000, 0x0000, 0x0020, 0x0820, 0x0820, 0x0000, 0x0000, 0x0000, 0x0000,
    0x0000, 0x0000, 0x0000, 0x0820, 0x0820, 0x0000, 0x0000, 0x0000, 0x0000, 0x0000, 0x0000, 0x0000,
    0x0000, 0x0020, 0x0000, 0x0000, 0x0000, 0x0000, 0x0000, 0x0000, 0x0000, 0x0000, 0x0820, 0x0820,
    0x0000, 0x0000, 0x0000, 0x0000, 0x0000, 0x0000, 0x0000, 0x0000, 0x0000, 0x0000, 0x0000, 0x0000,
    0x0000, 0x0000, 0x0000, 0x0000, 0x0000, 0x0000, 0x0000, 0x0000, 0x0000, 0x0000, 0x0000, 0x0000,
    0x0000, 0x0000, 0x0000, 0x0000, 0x0000, 0x0000, 0x0000, 0x0000, 0x0000, 0x0000, 0x0000, 0x0000,
    0x0000, 0x0000, 0x0000, 0x0000, 0x0000, 0x0000, 0x0000, 0x0000, 0x0000, 0x0000, 0x0000, 0x0000,
    0x0000, 0x0000, 0x0000, 0x0000, 0x0000, 0x0000, 0x0000, 0x0000, 0x0000, 0x0000, 0x0000, 0x0000,
    0x0000, 0x0000, 0x0000, 0x0000, 0x0000, 0x0000, 0x0000, 0x0000, 0x0000, 0x0000, 0x0000, 0x0000,
    0x0000, 0x0000, 0x0000, 0x0000, 0x0000, 0x0000, 0x0000, 0x0000, 0x0000, 0x0000, 0x0000, 0x0000,
    0x0000, 0x0000, 0x0000, 0x0000, 0x0000, 0x0800, 0x0000, 0x0000, 0x538E, 0x8DF8, 0x85B7, 0x85B7,
    0x85B8, 0x85B7, 0x8DF8, 0x42EC, 0x0000, 0x0000, 0x6431, 0x8E19, 0x85B7, 0x85B8, 0x7D56, 0x7D56,
    0x8597, 0x85B8, 0x85B8, 0x85B7, 0x8E19, 0x29A6, 0x0000, 0x538E, 0x8597, 0x7D76, 0x85B8, 0x85B8,
    0x85B8, 0x85B8, 0x85B8, 0x85B7, 0x18E3, 0x0000, 0x0820, 0x0000, 0x0840, 0x6C72, 0x8DD8, 0x42CB,
    0x0000, 0x0820, 0x0000, 0x0000, 0x0000, 0x0000, 0x0000, 0x0000, 0x0000, 0x0000, 0x0000, 0x0000,
    0x0000, 0x0000, 0x0820, 0x0000, 0x31E8, 0x8597, 0x8597, 0x538F, 0x1082, 0x0000, 0x0000, 0x5BAF,
    0x8DD8, 0x7D35, 0x1082, 0x0000, 0x0000, 0x42EC, 0x8DD7, 0x6C72, 0x0840, 0x0000, 0x29C7, 0x85B7,
    0x6C93, 0x0861, 0x0000, 0x0820, 0x74F4, 0x8DD8, 0x85B8, 0x85B8, 0x85B7, 0x8DF9, 0x6C72, 0x0000,
    0x0000, 0x0820, 0x0000, 0x0881, 0x74D4, 0x8DD8, 0x42CB, 0x0000, 0x0820, 0x0840, 0x6CB3, 0x8576,
    0x8597, 0x85D8, 0x85B8, 0x85B7, 0x85B7, 0x8597, 0x1904, 0x0000, 0x0820, 0x0000, 0x0000, 0x0000,
    0x0000, 0x0000, 0x0000, 0x0000, 0x0000, 0x0000, 0x0000, 0x0000, 0x0000, 0x0000, 0x0000, 0x0000,
    0x0000, 0x0000, 0x0000, 0x0000, 0x0000, 0x0000, 0x0000, 0x0000, 0x0000, 0x0000, 0x0000, 0x0000,
    0x0000, 0x0000, 0x0000, 0x0000, 0x0000, 0x0000, 0x0000, 0x0000, 0x0000, 0x0000, 0x0000, 0x0000,
    0x0000, 0x0000, 0x0000, 0x0000, 0x0000, 0x0000, 0x0000, 0x0000, 0x0000, 0x0000, 0x0000, 0x0000,
    0x0000, 0x0000, 0x0000, 0x0000, 0x0000, 0x0000, 0x0000, 0x0000, 0x0000, 0x0000, 0x0000, 0x0000,
    0x0000, 0x0000, 0x0000, 0x0000, 0x0000, 0x0000, 0x0000, 0x0000, 0x0000, 0x0000, 0x0000, 0x0000,
    0x0000, 0x0000, 0x0000, 0x0000, 0x0000, 0x0000, 0x0000, 0x0000, 0x0000, 0x0000, 0x0000, 0x0000,
    0x0820, 0x0000, 0x10C3, 0x430C, 0x8E19, 0x85D8, 0x6CB3, 0x74F5, 0x74F4, 0x6CD4, 0x967B, 0x8DF9,
    0x3A6A, 0x0000, 0x538F, 0x7D35, 0x6CB3, 0x7515, 0xA71E, 0xAF7F, 0x85D8, 0x74D4, 0x74F4, 0x74D4,
    0x7515, 0x2186, 0x0000, 0x6CB3, 0xB7DF, 0x963A, 0x6CB4, 0x74F4, 0x74F4, 0x74D4, 0x74F4, 0xA6FD,
    0x6472, 0x29A7, 0x0000, 0x0000, 0x0841, 0x963A, 0xBFFF, 0x538F, 0x0000, 0x0820, 0x0000, 0x0000,
    0x0000, 0x0000, 0x0000, 0x0000, 0x0000, 0x0000, 0x0000, 0x0000, 0x0000, 0x0820, 0x0000, 0x3249,
    0x7515, 0xAF7F, 0x7535, 0x42EC, 0x10A2, 0x0000, 0x42EC, 0x9E9C, 0x9EBC, 0x6452, 0x10A2, 0x0000,
    0x0000, 0x5BF0, 0xBFFF, 0x8E19, 0x0841, 0x0000, 0x3A6A, 0xB7DF, 0x8E3A, 0x0820, 0x1924, 0x6411,
    0x9E9B, 0x7515, 0x74D4, 0x74F4, 0x74D4, 0x7D35, 0x8E19, 0x53AF, 0x2986, 0x0000, 0x0000, 0x10A2,
    0x9E9B, 0xB7DF, 0x53AF, 0x0000, 0x0820, 0x0861, 0x965A, 0xB7BF, 0x85B8, 0x6CB3, 0x74F4, 0x74F4,
    0x74F4, 0x9EBC, 0x6C93, 0x3229, 0x0020, 0x0000, 0x0000, 0x0000, 0x0000, 0x0000, 0x0000, 0x0000,
    0x0000, 0x0000, 0x0000, 0x0000, 0x0000, 0x0000, 0x0000, 0x0000, 0x0000, 0x0000, 0x0000, 0x0000,
    0x0000, 0x0000, 0x0000, 0x0000, 0x0000, 0x0000, 0x0000, 0x0000, 0x0000, 0x0000, 0x0000, 0x0000,
    0x0000, 0x0000, 0x0000, 0x0000, 0x0000, 0x0000, 0x0000, 0x0000, 0x0000, 0x0000, 0x0000, 0x0000,
    0x0000, 0x0000, 0x0000, 0x0000, 0x0000, 0x0000, 0x0000, 0x0000, 0x0000, 0x0000, 0x0000, 0x0000,
    0x0000, 0x0000, 0x0000, 0x0000, 0x0000, 0x0000, 0x0000, 0x0000, 0x0000, 0x0000, 0x0000, 0x0000,
    0x0000, 0x0000, 0x0000, 0x0000, 0x0000, 0x0000, 0x0000, 0x0000, 0x0000, 0x0000, 0x0000, 0x0000,
    0x0000, 0x0000, 0x0000, 0x0000, 0x0000, 0x0000, 0x0000, 0x0000, 0x0820, 0x0000, 0x31E8, 0xAF7F,
    0xAF7F, 0x31E7, 0x0000, 0x0000, 0x0000, 0x0000, 0x42AB, 0xA71D, 0x7D56, 0x0000, 0x0000, 0x0000,
    0x0000, 0x0861, 0x965A, 0xAF5F, 0x3249, 0x0000, 0x0000, 0x0000, 0x0000, 0x0000, 0x0000, 0x6452,
    0xB7BF, 0x6411, 0x0000, 0x0000, 0x0000, 0x0000, 0x0000, 0x85D8, 0xB7DF, 0x6411, 0x0000, 0x0820,
    0x0841, 0x8DD8, 0xAF7F, 0x536E, 0x0000, 0x0820, 0x0000, 0x0000, 0x0000, 0x0000, 0x0000, 0x0000,
    0x0000, 0x0000, 0x0000, 0x0000, 0x0000, 0x0000, 0x10C3, 0x8E19, 0xAF5F, 0x8E19, 0x10C3, 0x0000,
    0x0000, 0x2186, 0x9EBC, 0xAF5E, 0x5C10, 0x0000, 0x0820, 0x0820, 0x0000, 0x53AF, 0xAF9F, 0x85B7,
    0x0840, 0x0000, 0x3A49, 0xAF7F, 0x8DD8, 0x0000, 0x3A8A, 0xBFFF, 0x85B8, 0x0000, 0x0000, 0x0000,
    0x0000, 0x0000, 0x8597, 0xBFFF, 0x538E, 0x0000, 0x0000, 0x1081, 0x8E3A, 0xAF7F, 0x538E, 0x0000,
    0x0820, 0x0841, 0x8DF8, 0xAF7F, 0x3A8A, 0x0000, 0x0000, 0x0000, 0x0000, 0x6CB3, 0xBFFF, 0x7D76,
    0x0000, 0x0820, 0x0000, 0x0000, 0x0000, 0x0000, 0x0000, 0x0000, 0x0000, 0x0000, 0x0000, 0x0000,
    0x0000, 0x0000, 0x0000, 0x0000, 0x0000, 0x0000, 0x0000, 0x0000, 0x0000, 0x0000, 0x0000, 0x0000,
    0x0000, 0x0000, 0x0000, 0x0000, 0x0000, 0x0000, 0x0000, 0x0000, 0x0000, 0x0000, 0x0000, 0x0000,
    0x0000, 0x0000, 0x0000, 0x0000, 0x0000, 0x0000, 0x0000, 0x0000, 0x0000, 0x0000, 0x0000, 0x0000,
    0x0000, 0x0000, 0x0000, 0x0000, 0x0000, 0x0000, 0x0000, 0x0000, 0x0000, 0x0000, 0x0000, 0x0000,
    0x0000, 0x0000, 0x0000, 0x0000, 0x0000, 0x0000, 0x0000, 0x0000, 0x0000, 0x0000, 0x0000, 0x0000,
    0x0000, 0x0000, 0x0000, 0x0000, 0x0000, 0x0000, 0x0000, 0x0000, 0x0000, 0x0000, 0x0000, 0x0000,
    0x0000, 0x0000, 0x0000, 0x0000, 0x0820, 0x0000, 0x29E7, 0x9EDD, 0xA75E, 0x3229, 0x0000, 0x0840,
    0x0820, 0x0820, 0x0840, 0x10A2, 0x1081, 0x0000, 0x0820, 0x0820, 0x0000, 0x10C3, 0x967B, 0xAF7F,
    0x3A6A, 0x0000, 0x0840, 0x0820, 0x0820, 0x0820, 0x0000, 0x6451, 0xB7DF, 0x6452, 0x0000, 0x0820,
    0x0820, 0x0000, 0x0841, 0x963A, 0xBFFF, 0x5C11, 0x0000, 0x0820, 0x0841, 0x8DF9, 0xB79F, 0x538F,
    0x0000, 0x0820, 0x0000, 0x0000, 0x0000, 0x0000, 0x0000, 0x0000, 0x0000, 0x0000, 0x0000, 0x0000,
    0x0820, 0x10A2, 0x7515, 0xAF5F, 0xAF5F, 0x3229, 0x0820, 0x0000, 0x10A2, 0x7515, 0xB79F, 0x6472,
    0x0861, 0x0820, 0x0000, 0x0820, 0x0000, 0x538E, 0xB79F, 0x85B8, 0x0840, 0x0000, 0x3A49, 0xAF9F,
    0x8DF9, 0x0000, 0x3A49, 0xAF7F, 0x85D8, 0x0841, 0x0000, 0x0820, 0x0820, 0x0840, 0x8597, 0xAF9F,
    0x4B2D, 0x0000, 0x0000, 0x1081, 0x965A, 0xAF9F, 0x538F, 0x0000, 0x0820, 0x0840, 0x8DF9, 0xAF9F,
    0x42EC, 0x0000, 0x0840, 0x0820, 0x0000, 0x74D4, 0xAF9F, 0x7535, 0x0000, 0x0820, 0x0000, 0x0000,
    0x0000, 0x0000, 0x0000, 0x0000, 0x0000, 0x0000, 0x0000, 0x0000, 0x0000, 0x0000, 0x0000, 0x0000,
    0x0000, 0x0000, 0x0000, 0x0000, 0x0000, 0x0000, 0x0000, 0x0000, 0x0000, 0x0000, 0x0000, 0x0000,
    0x0000, 0x0000, 0x0000, 0x0000, 0x0000, 0x0000, 0x0000, 0x0000, 0x0000, 0x0000, 0x0000, 0x0000,
    0x0000, 0x0000, 0x0000, 0x0000, 0x0000, 0x0000, 0x0000, 0x0000, 0x0000, 0x0000, 0x0000, 0x0000,
    0x0000, 0x0000, 0x0000, 0x0000, 0x0000, 0x0000, 0x0000, 0x0000, 0x0000, 0x0000, 0x0000, 0x0000,
    0x0000, 0x0000, 0x0000, 0x0000, 0x0000, 0x0000, 0x0000, 0x0000, 0x0000, 0x0000, 0x0000, 0x0000,
    0x0000, 0x0000, 0x0000, 0x0000, 0x0000, 0x0000, 0x0000, 0x0000, 0x0000, 0x0000, 0x0000, 0x0000,
    0x0820, 0x0000, 0x29C7, 0xA6FD, 0xAF5F, 0x3228, 0x0000, 0x0820, 0x0000, 0x0000, 0x0000, 0x0000,
    0x0000, 0x0000, 0x0000, 0x0820, 0x0000, 0x10C3, 0x967B, 0xAF7F, 0x3A8A, 0x0000, 0x0820, 0x0000,
    0x0000, 0x0820, 0x0000, 0x6431, 0xB7DF, 0x6452, 0x0000, 0x0820, 0x0840, 0x0000, 0x1082, 0x6C72,
    0x6CB3, 0x3249, 0x0000, 0x0000, 0x0841, 0x8DF9, 0xB79F, 0x538E, 0x0000, 0x0820, 0x0000, 0x0000,
    0x0000, 0x0000, 0x0000, 0x0000, 0x0000, 0x0000, 0x0820, 0x0020, 0x1082, 0x85B8, 0xA71E, 0x7D35,
    0x5C10, 0x10C2, 0x0000, 0x0020, 0x4B2D, 0xA6FD, 0x8DF9, 0x3208, 0x0000, 0x0820, 0x0000, 0x0820,
    0x0000, 0x5BD0, 0xB7BF, 0x85D8, 0x1082, 0x0000, 0x42EC, 0xAF7F, 0x8E19, 0x0000, 0x3A49, 0xB79F,
    0x8DD8, 0x0840, 0x0000, 0x0820, 0x0000, 0x0820, 0x7D77, 0xB7BF, 0x4B2D, 0x0000, 0x0000, 0x1081,
    0x963A, 0xAF9F, 0x53AF, 0x0000, 0x0820, 0x0840, 0x8DF9, 0xAF9F, 0x42EC, 0x0000, 0x0820, 0x0820,
    0x0000, 0x6CB3, 0xB7BF, 0x7515, 0x0000, 0x0820, 0x0000, 0x0000, 0x0000, 0x0000, 0x0000, 0x0000,
    0x0000, 0x0000, 0x0000, 0x0000, 0x0000, 0x0000, 0x0000, 0x0000, 0x0000, 0x0000, 0x0000, 0x0000,
    0x0000, 0x0000, 0x0000, 0x0000, 0x0000, 0x0000, 0x0000, 0x0000, 0x0000, 0x0000, 0x0000, 0x0000,
    0x0000, 0x0000, 0x0000, 0x0000, 0x0000, 0x0000, 0x0000, 0x0000, 0x0000, 0x0000, 0x0000, 0x0000,
    0x0000, 0x0000, 0x0000, 0x0000, 0x0000, 0x0000, 0x0000, 0x0000, 0x0000, 0x0000, 0x0000, 0x0000,
    0x0000, 0x0000, 0x0000, 0x0000, 0x0000, 0x0000, 0x0000, 0x0000, 0x0000, 0x0000, 0x0000, 0x0000,
    0x0000, 0x0000, 0x0000, 0x0000, 0x0000, 0x0000, 0x0000, 0x0000, 0x0000, 0x0000, 0x0000, 0x0000,
    0x0000, 0x0000, 0x0000, 0x0000, 0x0000, 0x0000, 0x0000, 0x0000, 0x0820, 0x0000, 0x29C7, 0xA6FD,
    0xAF5F, 0x3228, 0x0000, 0x0820, 0x0000, 0x0000, 0x0000, 0x0820, 0x0820, 0x0000, 0x0000, 0x0820,
    0x0000, 0x10C2, 0x967B, 0xAF7F, 0x3A6A, 0x0000, 0x0820, 0x0000, 0x0000, 0x0820, 0x0000, 0x6451,
    0xAF7F, 0x9E9B, 0x967B, 0x967B, 0x969B, 0x9EBC, 0x8597, 0x0000, 0x0000, 0x0000, 0x0820, 0x0000,
    0x0841, 0x8DF9, 0xB79F, 0x538E, 0x0000, 0x0820, 0x0000, 0x0000, 0x0000, 0x0000, 0x0000, 0x0000,
    0x0000, 0x0000, 0x0820, 0x0000, 0x42EC, 0xA73E, 0xAF7F, 0x3229, 0x0000, 0x0820, 0x0000, 0x1924,
    0x9E9B, 0xAF5F, 0x31E8, 0x0000, 0x0820, 0x0000, 0x0000, 0x0820, 0x0000, 0x2145, 0x85B8, 0xAF5E,
    0x6C72, 0x10A2, 0x9E9C, 0x965A, 0x29C7, 0x0000, 0x3A6A, 0xB79F, 0x8DF8, 0x0840, 0x0000, 0x0820,
    0x0800, 0x0000, 0x7D56, 0xB7DF, 0x4B2D, 0x0000, 0x0000, 0x1081, 0x965A, 0xAF9F, 0x538F, 0x0000,
    0x0820, 0x0840, 0x8DF9, 0xB79F, 0x42EC, 0x0000, 0x0820, 0x0820, 0x0000, 0x6CB3, 0xB7BF, 0x74F4,
    0x0000, 0x0820, 0x0000, 0x0000, 0x0000, 0x0000, 0x0000, 0x0000, 0x0000, 0x0000, 0x0000, 0x0000,
    0x0000, 0x0000, 0x0000, 0x0000, 0x0000, 0x0000, 0x0000, 0x0000, 0x0000, 0x0000, 0x0000, 0x0000,
    0x0000, 0x0000, 0x0000, 0x0000, 0x0000, 0x0000, 0x0000, 0x0000, 0x0000, 0x0000, 0x0000, 0x0000,
    0x0000, 0x0000, 0x0000, 0x0000, 0x0000, 0x0000, 0x0000, 0x0000, 0x0000, 0x0000, 0x0000, 0x0000,
    0x0000, 0x0000, 0x0000, 0x0000, 0x0000, 0x0000, 0x0000, 0x0000, 0x0000, 0x0000, 0x0000, 0x0000,
    0x0000, 0x0000, 0x0000, 0x0000, 0x0000, 0x0000, 0x0000, 0x0000, 0x0000, 0x0000, 0x0000, 0x0000,
    0x0000, 0x0000, 0x0000, 0x0000, 0x0000, 0x0000, 0x0000, 0x0000, 0x0000, 0x0000, 0x0000, 0x0000,
    0x0000, 0x0000, 0x0000, 0x0000, 0x0820, 0x0000, 0x29C7, 0xA6FD, 0xAF5F, 0x3229, 0x0000, 0x0820,
    0x0820, 0x0820, 0x0820, 0x0820, 0x0000, 0x0000, 0x0000, 0x0820, 0x0000, 0x10C2, 0x967B, 0xAF7F,
    0x3A6A, 0x0000, 0x0820, 0x0000, 0x0000, 0x0820, 0x0000, 0x6452, 0xAF7F, 0x8E19, 0x6CB3, 0x6CB3,
    0x6C93, 0x74D4, 0x85D8, 0x42EC, 0x10A2, 0x0020, 0x0820, 0x0000, 0x0841, 0x8DF9, 0xB79F, 0x538F,
    0x0000, 0x0820, 0x0820, 0x0820, 0x0820, 0x0820, 0x0820, 0x0000, 0x0000, 0x0000, 0x0840, 0x29E8,
    0x7D36, 0xAF5F, 0x7D56, 0x1925, 0x0020, 0x0020, 0x10A2, 0x6452, 0xA6DD, 0x6C93, 0x10C3, 0x0000,
    0x0020, 0x0000, 0x0000, 0x0000, 0x0820, 0x0000, 0x6CB4, 0xB7DF, 0x963A, 0x53AF, 0xA71E, 0x8E3A,
    0x0840, 0x0000, 0x3A69, 0xAF9F, 0x8DF9, 0x0841, 0x0000, 0x0820, 0x0000, 0x29C7, 0x8E19, 0xAF9F,
    0x4B2D, 0x0000, 0x0000, 0x1081, 0x963A, 0xAF9F, 0x536E, 0x0000, 0x0820, 0x0840, 0x8DF9, 0xB79F,
    0x42EC, 0x0000, 0x0820, 0x0820, 0x0000, 0x6CB4, 0xB7BF, 0x7D15, 0x0000, 0x0820, 0x0000, 0x0000,
    0x0000, 0x0000, 0x0000, 0x0000, 0x0000, 0x0000, 0x0000, 0x0000, 0x0000, 0x0000, 0x0000, 0x0000,
    0x0000, 0x0000, 0x0000, 0x0000, 0x0000, 0x0000, 0x0000, 0x0000, 0x0000, 0x0000, 0x0000, 0x0000,
    0x0000, 0x0000, 0x0000, 0x0000, 0x0000, 0x0000, 0x0000, 0x0000, 0x0000, 0x0000, 0x0000, 0x0000,
    0x0000, 0x0000, 0x0000, 0x0000, 0x0000, 0x0000, 0x0000, 0x0000, 0x0000, 0x0000, 0x0000, 0x0000,
    0x0000, 0x0000, 0x0000, 0x0000, 0x0000, 0x0000, 0x0000, 0x0000, 0x0000, 0x0000, 0x0000, 0x0000,
    0x0000, 0x0000, 0x0000, 0x0000, 0x0000, 0x0000, 0x0000, 0x0000, 0x0000, 0x0000, 0x0000, 0x0000,
    0x0000, 0x0000, 0x0000, 0x0000, 0x0000, 0x0000, 0x0000, 0x0000, 0x0000, 0x0000, 0x0000, 0x0000,
    0x0820, 0x0000, 0x29E7, 0xA71E, 0xAF5E, 0x31E8, 0x0000, 0x0000, 0x0000, 0x0000, 0x0000, 0x0000,
    0x0000, 0x0000, 0x0000, 0x0820, 0x0000, 0x10C3, 0x965A, 0xAF5F, 0x3A8A, 0x0000, 0x0820, 0x0000,
    0x0000, 0x0820, 0x0000, 0x6431, 0xB7BF, 0x6431, 0x0000, 0x0000, 0x0000, 0x0000, 0x7535, 0xB7DF,
    0x2145, 0x0000, 0x0820, 0x0000, 0x0841, 0x8DF8, 0xB79F, 0x536E, 0x0000, 0x0000, 0x0000, 0x0000,
    0x0000, 0x0000, 0x0000, 0x0000, 0x0820, 0x0000, 0x10A2, 0xA6FD, 0xA71D, 0xA73E, 0x29C7, 0x0000,
    0x0820, 0x0000, 0x42CB, 0xB7BF, 0x8E3A, 0x0820, 0x0000, 0x0820, 0x0000, 0x0000, 0x0000, 0x0000,
    0x0820, 0x0000, 0x3AAA, 0x7D77, 0xA6DD, 0xA71E, 0xA6FD, 0x8DF9, 0x1082, 0x0000, 0x3A8A, 0xB79F,
    0x8DD8, 0x0000, 0x0000, 0x0000, 0x0000, 0x7515, 0xA73E, 0xAF7F, 0x4B4D, 0x0000, 0x0000, 0x1081,
    0x8E3A, 0xAF7F, 0x538E, 0x0000, 0x0820, 0x0840, 0x8DD8, 0xAF7F, 0x42AB, 0x0000, 0x0000, 0x0000,
    0x0000, 0x6CB3, 0xB7BF, 0x74F4, 0x0000, 0x0820, 0x0000, 0x0000, 0x0000, 0x0000, 0x0000, 0x0000,
    0x0000, 0x0000, 0x0000, 0x0000, 0x0000, 0x0000, 0x0000, 0x0000, 0x0000, 0x0000, 0x0000, 0x0000,
    0x0000, 0x0000, 0x0000, 0x0000, 0x0000, 0x0000, 0x0000, 0x0000, 0x0000, 0x0000, 0x0000, 0x0000,
    0x0000, 0x0000, 0x0000, 0x0000, 0x0000, 0x0000, 0x0000, 0x0000, 0x0000, 0x0000, 0x0000, 0x0000,
    0x0000, 0x0000, 0x0000, 0x0000, 0x0000, 0x0000, 0x0000, 0x0000, 0x0000, 0x0000, 0x0000, 0x0000,
    0x0000, 0x0000, 0x0000, 0x0000, 0x0000, 0x0000, 0x0000, 0x0000, 0x0000, 0x0000, 0x0000, 0x0000,
    0x0000, 0x0000, 0x0000, 0x0000, 0x0000, 0x0000, 0x0000, 0x0000, 0x0000, 0x0000, 0x0000, 0x0000,
    0x0000, 0x0000, 0x0000, 0x0000, 0x0000, 0x0000, 0x0000, 0x0000, 0x0000, 0x0000, 0x0841, 0x3249,
    0xA73E, 0x967A, 0x85D8, 0x85D8, 0x85D8, 0x85B8, 0x963A, 0x4B4D, 0x0000, 0x0820, 0x0000, 0x0820,
    0x0000, 0x10C3, 0x9EDC, 0xB7DF, 0x42AB, 0x0000, 0x0820, 0x0000, 0x0000, 0x0820, 0x0000, 0x6C72,
    0xBFFF, 0x6CB3, 0x0000, 0x0840, 0x0820, 0x0000, 0x6472, 0xA73E, 0x8E19, 0x85D8, 0x1903, 0x0000,
    0x0861, 0x965A, 0xB7BF, 0x9E9B, 0x85D8, 0x8DD8, 0x85D8, 0x85D8, 0x85B8, 0x8E39, 0x63F0, 0x0000,
    0x0000, 0x10C3, 0x534D, 0xAF7F, 0x8DF8, 0x2165, 0x1082, 0x0000, 0x2986, 0x8DF8, 0x9EBC, 0x963A,
    0x2986, 0x0841, 0x0020, 0x0000, 0x0000, 0x0000, 0x0000, 0x0000, 0x0000, 0x0820, 0x0000, 0x31E8,
    0xAF7F, 0xA71E, 0x42CB, 0x10C3, 0x0820, 0x0020, 0x0862, 0x3229, 0x9EBC, 0x8DF9, 0x85D8, 0x85D8,
    0x85D8, 0xA73E, 0x85D8, 0x2986, 0x10A2, 0x0020, 0x0000, 0x1081, 0x9E9C, 0xB7FF, 0x5BD0, 0x0000,
    0x0820, 0x0840, 0x965A, 0xB79F, 0x965A, 0x85D8, 0x85D8, 0x85D8, 0x85D8, 0xA6FD, 0x4B2D, 0x10C3,
    0x0020, 0x0000, 0x0000, 0x0000, 0x0000, 0x0000, 0x0000, 0x0000, 0x0000, 0x0000, 0x0000, 0x0000,
    0x0000, 0x0000, 0x0000, 0x0000, 0x0000, 0x0000, 0x0000, 0x0000, 0x0000, 0x0000, 0x0000, 0x0000,
    0x0000, 0x0000, 0x0000, 0x0000, 0x0000, 0x0000, 0x0000, 0x0000, 0x0000, 0x0000, 0x0000, 0x0000,
    0x0000, 0x0000, 0x0000, 0x0000, 0x0000, 0x0000, 0x0000, 0x0000, 0x0000, 0x0000, 0x0000, 0x0000,
    0x0000, 0x0000, 0x0000, 0x0000, 0x0000, 0x0000, 0x0000, 0x0000, 0x0000, 0x0000, 0x0000, 0x0000,
    0x0000, 0x0000, 0x0000, 0x0000, 0x0000, 0x0000, 0x0000, 0x0000, 0x0000, 0x0000, 0x0000, 0x0000,
    0x0000, 0x0000, 0x0000, 0x0000, 0x0000, 0x0000, 0x0000, 0x0000, 0x0000, 0x0000, 0x0000, 0x0000,
    0x0000, 0x0000, 0x0000, 0x0000, 0x0000, 0x0820, 0x0000, 0x0861, 0x6472, 0x7515, 0x7515, 0x7515,
    0x7515, 0x74F4, 0x7D76, 0x42EC, 0x0000, 0x0820, 0x0000, 0x0820, 0x0000, 0x1082, 0x6472, 0x7515,
    0x29E7, 0x0000, 0x0820, 0x0000, 0x0000, 0x0820, 0x0000, 0x4B0C, 0x7D76, 0x4B2D, 0x0000, 0x0820,
    0x0020, 0x0000, 0x31E7, 0x6C93, 0x7515, 0x7515, 0x10C2, 0x0000, 0x0841, 0x6451, 0x7515, 0x74F4,
    0x7D35, 0x7D35, 0x7D35, 0x7D35, 0x7515, 0x7D56, 0x534D, 0x0000, 0x0000, 0x1904, 0x5B8E, 0x74F4,
    0x5BAF, 0x0000, 0x0000, 0x0000, 0x2186, 0x7D15, 0x7D35, 0x5BD0, 0x0000, 0x0000, 0x0020, 0x0000,
    0x0000, 0x0000, 0x0000, 0x0000, 0x0000, 0x0820, 0x0000, 0x2186, 0x74F4, 0x74F4, 0x2145, 0x0000,
    0x0820, 0x0820, 0x0000, 0x0840, 0x6C72, 0x7D36, 0x7D15, 0x7D35, 0x7515, 0x7535, 0x53AF, 0x0000,
    0x0000, 0x0820, 0x0000, 0x0861, 0x6452, 0x7D35, 0x3A8A, 0x0000, 0x0820, 0x0840, 0x6431, 0x74F4,
    0x74F5, 0x7515, 0x7515, 0x7535, 0x7535, 0x74F4, 0x10C3, 0x0000, 0x0820, 0x0000, 0x0000, 0x0000,
    0x0000, 0x0000, 0x0000, 0x0000, 0x0000, 0x0000, 0x0000, 0x0000, 0x0000, 0x0000, 0x0000, 0x0000,
    0x0000, 0x0000, 0x0000, 0x0000, 0x0000, 0x0000, 0x0000, 0x0000, 0x0000, 0x0000, 0x0000, 0x0000,
    0x0000, 0x0000, 0x0000, 0x0000, 0x0000, 0x0000, 0x0000, 0x0000, 0x0000, 0x0000, 0x0000, 0x0000,
    0x0000, 0x0000, 0x0000, 0x0000, 0x0000, 0x0000, 0x0000, 0x0000, 0x0000, 0x0000, 0x0000, 0x0000,
    0x0000, 0x0000, 0x0000, 0x0000, 0x0000, 0x0000, 0x0000, 0x0000, 0x0000, 0x0000, 0x0000, 0x0000,
    0x0000, 0x0000, 0x0000, 0x0000, 0x0000, 0x0000, 0x0000, 0x0000, 0x0000, 0x0000, 0x0000, 0x0000,
    0x0000, 0x0000, 0x0000, 0x0000, 0x0000, 0x0000, 0x0000, 0x0000, 0x0000, 0x0000, 0x0000, 0x0000,
    0x0000, 0x0000, 0x0820, 0x0020, 0x0000, 0x0000, 0x0000, 0x0000, 0x0000, 0x0000, 0x0000, 0x0000,
    0x0000, 0x0000, 0x0000, 0x0000, 0x0000, 0x0000, 0x0000, 0x0000, 0x0000, 0x0000, 0x0000, 0x0000,
    0x0000, 0x0000, 0x0000, 0x0000, 0x0000, 0x0000, 0x0000, 0x0000, 0x0000, 0x0000, 0x0000, 0x0000,
    0x0000, 0x0000, 0x0000, 0x0000, 0x0000, 0x0000, 0x0000, 0x0000, 0x0000, 0x0000, 0x0000, 0x0000,
    0x0000, 0x0000, 0x0000, 0x0000, 0x0000, 0x0000, 0x0000, 0x0000, 0x0000, 0x0820, 0x0000, 0x0000,
    0x0000, 0x0000, 0x0000, 0x0000, 0x0820, 0x0000, 0x0000, 0x0000, 0x0000, 0x0000, 0x0000, 0x0000,
    0x0000, 0x0000, 0x0000, 0x0000, 0x0000, 0x0000, 0x0000, 0x0820, 0x0000, 0x0000, 0x0820, 0x0820,
    0x0000, 0x0000, 0x0000, 0x0000, 0x0000, 0x0000, 0x0000, 0x0820, 0x0820, 0x0000, 0x0000, 0x0000,
    0x0000, 0x0000, 0x0000, 0x0000, 0x0000, 0x0000, 0x0000, 0x0000, 0x0000, 0x0000, 0x0000, 0x0000,
    0x0000, 0x0000, 0x0000, 0x0820, 0x0000, 0x0000, 0x0000, 0x0000, 0x0000, 0x0000, 0x0000, 0x0000,
    0x0000, 0x0000, 0x0000, 0x0000, 0x0000, 0x0000, 0x0000, 0x0000, 0x0000, 0x0000, 0x0000, 0x0000,
    0x0000, 0x0000, 0x0000, 0x0000, 0x0000, 0x0000, 0x0000, 0x0000, 0x0000, 0x0000, 0x0000, 0x0000,
    0x0000, 0x0000, 0x0000, 0x0000, 0x0000, 0x0000, 0x0000, 0x0000, 0x0000, 0x0000, 0x0000, 0x0000,
    0x0000, 0x0000, 0x0000, 0x0000, 0x0000, 0x0000, 0x0000, 0x0000, 0x0000, 0x0000, 0x0000, 0x0000,
    0x0000, 0x0000, 0x0000, 0x0000, 0x0000, 0x0000, 0x0000, 0x0000, 0x0000, 0x0000, 0x0000, 0x0000,
    0x0000, 0x0000, 0x0000, 0x0000, 0x0000, 0x0000, 0x0000, 0x0000, 0x0000, 0x0000, 0x0000, 0x0000,
    0x0000, 0x0000, 0x0000, 0x0000, 0x0000, 0x0000, 0x0000, 0x0000, 0x0000, 0x0000, 0x0000, 0x0000,
    0x0820, 0x0820, 0x0820, 0x0820, 0x0820, 0x0820, 0x0820, 0x0820, 0x0000, 0x0000, 0x0000, 0x0000,
    0x0000, 0x0000, 0x0820, 0x0820, 0x0820, 0x0000, 0x0000, 0x0000, 0x0000, 0x0000, 0x0000, 0x0820,
    0x0820, 0x0820, 0x0000, 0x0000, 0x0000, 0x0000, 0x0820, 0x0820, 0x0820, 0x0820, 0x0000, 0x0000,
    0x0000, 0x0820, 0x0820, 0x0820, 0x0820, 0x0820, 0x0820, 0x0820, 0x0820, 0x0820, 0x0820, 0x0000,
    0x0000, 0x0000, 0x0820, 0x0820, 0x0820, 0x0000, 0x0000, 0x0000, 0x0020, 0x0820, 0x0820, 0x0820,
    0x0000, 0x0000, 0x0000, 0x0000, 0x0000, 0x0000, 0x0000, 0x0000, 0x0000, 0x0000, 0x0000, 0x0000,
    0x0820, 0x0820, 0x0000, 0x0000, 0x0000, 0x0000, 0x0000, 0x0000, 0x0820, 0x0820, 0x0820, 0x0820,
    0x0820, 0x0820, 0x0820, 0x0000, 0x0000, 0x0000, 0x0000, 0x0000, 0x0820, 0x0820, 0x0820, 0x0000,
    0x0000, 0x0000, 0x0820, 0x0820, 0x0820, 0x0820, 0x0820, 0x0820, 0x0820, 0x0820, 0x0020, 0x0000,
    0x0000, 0x0000, 0x0000, 0x0000, 0x0000, 0x0000, 0x0000, 0x0000, 0x0000, 0x0000, 0x0000, 0x0000,
    0x0000, 0x0000, 0x0000, 0x0000, 0x0000, 0x0000, 0x0000, 0x0000, 0x0000, 0x0000, 0x0000, 0x0000,
    0x0000, 0x0000, 0x0000, 0x0000, 0x0000, 0x0000, 0x0000, 0x0000, 0x0000, 0x0000, 0x0000, 0x0000,
    0x0000, 0x0000, 0x0000, 0x0000, 0x0000, 0x0000, 0x0000, 0x0000, 0x0000, 0x0000, 0x0000, 0x0000,
    0x0000, 0x0000, 0x0000, 0x0000, 0x0000, 0x0000, 0x0000, 0x0000, 0x0000, 0x0000, 0x0000, 0x0000,
    0x0000, 0x0000, 0x0000, 0x0000, 0x0000, 0x0000, 0x0000, 0x0000, 0x0000, 0x0000, 0x0000, 0x0000,
    0x0000, 0x0000, 0x0000, 0x0000, 0x0000, 0x0000, 0x0000, 0x0000, 0x0000, 0x0000, 0x0000, 0x0000,
    0x0000, 0x0000, 0x0000, 0x0000, 0x0000, 0x0000, 0x0000, 0x0000, 0x0000, 0x0000, 0x0000, 0x0000,
    0x0000, 0x0000, 0x0000, 0x0000, 0x0000, 0x0000, 0x0000, 0x0000, 0x0000, 0x0000, 0x0000, 0x0000,
    0x0000, 0x0000, 0x0000, 0x0000, 0x0000, 0x0000, 0x0000, 0x0000, 0x0000, 0x0000, 0x0000, 0x0000,
    0x0000, 0x0000, 0x0000, 0x0000, 0x0000, 0x0000, 0x0000, 0x0000, 0x0000, 0x0000, 0x0000, 0x0000,
    0x0000, 0x0000, 0x0000, 0x0000, 0x0000, 0x0000, 0x0000, 0x0000, 0x0000, 0x0000, 0x0000, 0x0000,
    0x0000, 0x0000, 0x0000, 0x0000, 0x0000, 0x0000, 0x0000, 0x0000, 0x0000, 0x0000, 0x0000, 0x0000,
    0x0000, 0x0000, 0x0000, 0x0000, 0x0000, 0x0000, 0x0000, 0x0000, 0x0000, 0x0000, 0x0000, 0x0000,
    0x0000, 0x0000, 0x0000, 0x0000, 0x0000, 0x0000, 0x0000, 0x0000, 0x0000, 0x0000, 0x0000, 0x0000,
    0x0000, 0x0000, 0x0000, 0x0000, 0x0000, 0x0000, 0x0000, 0x0000, 0x0000, 0x0000, 0x0000, 0x0000,
    0x0000, 0x0000, 0x0000, 0x0000, 0x0000, 0x0000, 0x0000, 0x0000, 0x0000, 0x0000, 0x0000, 0x0000,
    0x0000, 0x0000, 0x0000, 0x0000, 0x0000, 0x0000, 0x0000, 0x0000, 0x0000, 0x0000, 0x0000, 0x0000,
    0x0000, 0x0000, 0x0000, 0x0000, 0x0000, 0x0000, 0x0000, 0x0000, 0x0000, 0x0000, 0x0000, 0x0000,
    0x0000, 0x0000, 0x0000, 0x0000, 0x0000, 0x0000, 0x0000, 0x0000, 0x0000, 0x0000, 0x0000, 0x0000,
    0x0000, 0x0000, 0x0000, 0x0000, 0x0000, 0x0000, 0x0000, 0x0000, 0x0000, 0x0000, 0x0000, 0x0000,
    0x0000, 0x0000, 0x0000, 0x0000, 0x0000, 0x0000, 0x0000, 0x0000, 0x0000, 0x0000, 0x0000, 0x0000,
    0x0000, 0x0000, 0x0000, 0x0000, 0x0000, 0x0000, 0x0000, 0x0000, 0x0000, 0x0000, 0x0000, 0x0000,
    0x0000, 0x0000, 0x0000, 0x0000, 0x0000, 0x0000, 0x0000, 0x0000, 0x0000, 0x0000, 0x0000, 0x0000,
    0x0000, 0x0000, 0x0000, 0x0000, 0x0000, 0x0000, 0x0000, 0x0000, 0x0000, 0x0000, 0x0000, 0x0000,
    0x0000, 0x0000, 0x0000, 0x0000, 0x0000, 0x0000, 0x0000, 0x0000, 0x0000, 0x0000, 0x0000, 0x0000,
    0x0000, 0x0000, 0x0000, 0x0000, 0x0000, 0x0000, 0x0000, 0x0000, 0x0000, 0x0000, 0x0000, 0x0000,
    0x0000, 0x0000, 0x0000, 0x0000, 0x0000, 0x0000, 0x0000, 0x0000, 0x0000, 0x0000, 0x0000, 0x0000,
    0x0000, 0x0000, 0x0000, 0x0000, 0x0000, 0x0000, 0x0000, 0x0000, 0x0000, 0x0000, 0x0000, 0x0000,
    0x0000, 0x0000, 0x0000, 0x0000, 0x0000, 0x0000, 0x0000, 0x0000, 0x0000, 0x0000, 0x0000, 0x0000,
    0x0000, 0x0000, 0x0000, 0x0000, 0x0000, 0x0000, 0x0000, 0x0000, 0x0000, 0x0000, 0x0000, 0x0000,
    0x0000, 0x0000, 0x0000, 0x0000, 0x0000, 0x0000, 0x0000, 0x0000, 0x0000, 0x0000, 0x0000, 0x0000,
    0x0000, 0x0000, 0x0000, 0x0000, 0x0000, 0x0000, 0x0000, 0x0000, 0x0000, 0x0000, 0x0000, 0x0000,
    0x0000, 0x0000, 0x0000, 0x0000, 0x0000, 0x0000, 0x0000, 0x0000, 0x0000, 0x0000, 0x0000, 0x0000,
    0x0000, 0x0000, 0x0000, 0x0000, 0x0000, 0x0000, 0x0000, 0x0000, 0x0000, 0x0000, 0x0000, 0x0000,
    0x0000, 0x0000, 0x0000, 0x0000, 0x0000, 0x0000, 0x0000, 0x0000, 0x0000, 0x0000, 0x0000, 0x0000,
    0x0000, 0x0000, 0x0000, 0x0000, 0x0000, 0x0000, 0x0000, 0x0000, 0x0000, 0x0000, 0x0000, 0x0000,
    0x0000, 0x0000, 0x0000, 0x0000, 0x0000, 0x0000, 0x0000, 0x0000, 0x0000, 0x0000, 0x0000, 0x0000,
    0x0000, 0x0000, 0x0000, 0x0000, 0x0000, 0x0000, 0x0000, 0x0000, 0x0000, 0x0000, 0x0000, 0x0000,
    0x0000, 0x0000, 0x0000, 0x0000, 0x0000, 0x0000, 0x0000, 0x0000, 0x0000, 0x0000, 0x0000, 0x0000,
    0x0000, 0x0000, 0x0000, 0x0000, 0x0000, 0x0000, 0x0000, 0x0000, 0x0000, 0x0000, 0x0000, 0x0000,
    0x0000, 0x0000, 0x0000, 0x0000, 0x0000, 0x0000, 0x0000, 0x0000, 0x0000, 0x0000, 0x0000, 0x0000,
    0x0000, 0x0000, 0x0000, 0x0000, 0x0000, 0x0000, 0x0000, 0x0000, 0x0000, 0x0000, 0x0000, 0x0000,
    0x0000, 0x0000, 0x0000, 0x0000, 0x0000, 0x0000, 0x0000, 0x0000, 0x0000, 0x0000, 0x0000, 0x0000,
    0x0000, 0x0000, 0x0000, 0x0000, 0x0000, 0x0000, 0x0000, 0x0000, 0x0000, 0x0000, 0x0000, 0x0000,
    0x0820, 0x0820, 0x0820, 0x0820, 0x0820, 0x0820, 0x0820, 0x0820, 0x0800, 0x0000, 0x0000, 0x0000,
    0x0000, 0x0000, 0x0000, 0x0000, 0x0000, 0x0000, 0x0000, 0x0000, 0x0000, 0x0000, 0x0000, 0x0000,
    0x0000, 0x0000, 0x0000, 0x0000, 0x0000, 0x0000, 0x0000, 0x0000, 0x0000, 0x0000, 0x0000, 0x0000,
    0x0000, 0x0000, 0x0000, 0x0000, 0x0000, 0x0000, 0x0000, 0x0000, 0x0000, 0x0000, 0x0000, 0x0000,
    0x0000, 0x0000, 0x0000, 0x0000, 0x0000, 0x0000, 0x0000, 0x0000, 0x0000, 0x0000, 0x0000, 0x0000,
    0x0000, 0x0000, 0x0000, 0x0000, 0x0000, 0x0000, 0x0000, 0x0000, 0x0000, 0x0000, 0x0000, 0x0000,
    0x0000, 0x0000, 0x0000, 0x0000, 0x0000, 0x0000, 0x0000, 0x0000, 0x0000, 0x0000, 0x0000, 0x0000,
    0x0000, 0x0000, 0x0000, 0x0000, 0x0000, 0x0000, 0x0000, 0x0000, 0x0000, 0x0000, 0x0000, 0x0000,
    0x0000, 0x0000, 0x0000, 0x0000, 0x0000, 0x0000, 0x0000, 0x0000, 0x0000, 0x0000, 0x0000, 0x0000,
    0x0000, 0x0000, 0x0000, 0x0000, 0x0000, 0x0000, 0x0000, 0x0000, 0x0000, 0x0000, 0x0000, 0x0000,
    0x0000, 0x0000, 0x0000, 0x0000, 0x0000, 0x0000, 0x0000, 0x0000, 0x0000, 0x0000, 0x0000, 0x0000,
    0x0000, 0x0000, 0x0000, 0x0000, 0x0000, 0x0000, 0x0000, 0x0000, 0x0000, 0x0000, 0x0000, 0x0000,
    0x0000, 0x0000, 0x0000, 0x0000, 0x0000, 0x0000, 0x0000, 0x0000, 0x0000, 0x0000, 0x0000, 0x0000,
    0x0000, 0x0000, 0x0000, 0x0000, 0x0000, 0x0000, 0x0000, 0x0000, 0x0000, 0x0000, 0x0000, 0x0000,
    0x0000, 0x0000, 0x0000, 0x0000, 0x0000, 0x0000, 0x0000, 0x0000, 0x0000, 0x0000, 0x0000, 0x0000,
    0x0000, 0x0000, 0x0000, 0x0000, 0x0000, 0x0000, 0x0000, 0x0000, 0x0000, 0x0000, 0x0000, 0x0000,
    0x0000, 0x0000, 0x0820, 0x0820, 0x0820, 0x0820, 0x0820, 0x0000, 0x0000, 0x0000, 0x0000, 0x0000,
    0x0000, 0x0000, 0x0000, 0x0000, 0x0000, 0x0000, 0x0820, 0x0820, 0x0000, 0x0820, 0x0000, 0x0000,
    0x0000, 0x0000, 0x0000, 0x0000, 0x0000, 0x0000, 0x0000, 0x0000, 0x0000, 0x0000, 0x0000, 0x0000,
    0x0000, 0x0000, 0x0000, 0x0000, 0x0000, 0x0000, 0x0000, 0x0000, 0x0000, 0x0000, 0x0000, 0x0000,
    0x0000, 0x0000, 0x0000, 0x0000, 0x0000, 0x0000, 0x0000, 0x0000, 0x0000, 0x0000, 0x0000, 0x0000,
    0x0000, 0x0000, 0x0000, 0x0000, 0x0000, 0x0000, 0x0000, 0x0000, 0x0000, 0x0000, 0x0000, 0x0000,
    0x0000, 0x0000, 0x0000, 0x0000, 0x0000, 0x0000, 0x0000, 0x0000, 0x0000, 0x0000, 0x0000, 0x0000,
    0x0000, 0x0000, 0x0000, 0x0000, 0x0000, 0x0000, 0x0000, 0x0000, 0x0000, 0x0000, 0x0000, 0x0000,
    0x0000, 0x0000, 0x0000, 0x0000, 0x0000, 0x0000, 0x0000, 0x0000, 0x0000, 0x0000, 0x0000, 0x0000,
    0x0000, 0x0000, 0x0000, 0x0000, 0x0000, 0x0000, 0x0000, 0x0000, 0x0000, 0x0000, 0x0000, 0x0000,
    0x0000, 0x0000, 0x0000, 0x0000, 0x0000, 0x0000, 0x0000, 0x0000, 0x0000, 0x0000, 0x0000, 0x0000,
    0x0000, 0x0000, 0x0000, 0x0000, 0x0000, 0x0000, 0x0000, 0x0000, 0x0000, 0x0000, 0x0000, 0x0000,
    0x0000, 0x0000, 0x0000, 0x0000, 0x0000, 0x0000, 0x0000, 0x0000, 0x0000, 0x0000, 0x0000, 0x0000,
    0x0000, 0x0000, 0x0000, 0x0000, 0x0000, 0x0000, 0x0000, 0x0000, 0x0000, 0x0000, 0x0000, 0x0000,
    0x0000, 0x0000, 0x0000, 0x0000, 0x0000, 0x0000, 0x0000, 0x0000, 0x0000, 0x0000, 0x0000, 0x0000,
    0x0000, 0x0000, 0x0000, 0x0000, 0x0000, 0x0000, 0x0000, 0x0000, 0x0000, 0x0000, 0x0000, 0x0000,
    0x0000, 0x0000, 0x0000, 0x0000, 0x0000, 0x0000, 0x0000, 0x0820, 0x0820, 0x0800, 0x0000, 0x0000,
    0x0000, 0x0000, 0x0000, 0x0820, 0x20A1, 0x20A2, 0x1881, 0x18A2, 0x18A1, 0x1881, 0x1881, 0x1881,
    0x1040, 0x0820, 0x0000, 0x0000, 0x0000, 0x0000, 0x0820, 0x0820, 0x0820, 0x0000, 0x0000, 0x0000,
    0x0000, 0x0000, 0x0000, 0x0000, 0x0000, 0x0000, 0x0000, 0x0000, 0x0000, 0x0000, 0x0000, 0x0000,
    0x0000, 0x0000, 0x0000, 0x0000, 0x0000, 0x0000, 0x0000, 0x0000, 0x0000, 0x0000, 0x0000, 0x0000,
    0x0000, 0x0000, 0x0000, 0x0000, 0x0000, 0x0000, 0x0000, 0x0000, 0x0000, 0x0000, 0x0000, 0x0000,
    0x0000, 0x0000, 0x0000, 0x0000, 0x0000, 0x0000, 0x0000, 0x0000, 0x0000, 0x0000, 0x0000, 0x0000,
    0x0000, 0x0000, 0x0000, 0x0000, 0x0000, 0x0000, 0x0000, 0x0000, 0x0000, 0x0000, 0x0000, 0x0000,
    0x0000, 0x0000, 0x0000, 0x0000, 0x0000, 0x0000, 0x0000, 0x0000, 0x0000, 0x0000, 0x0000, 0x0000,
    0x0000, 0x0000, 0x0000, 0x0000, 0x0000, 0x0000, 0x0000, 0x0000, 0x0000, 0x0000, 0x0000, 0x0000,
    0x0000, 0x0000, 0x0000, 0x0000, 0x0000, 0x0000, 0x0000, 0x0000, 0x0000, 0x0000, 0x0000, 0x0000,
    0x0000, 0x0000, 0x0000, 0x0000, 0x0000, 0x0000, 0x0000, 0x0000, 0x0000, 0x0000, 0x0000, 0x0000,
    0x0000, 0x0000, 0x0000, 0x0000, 0x0000, 0x0000, 0x0000, 0x0000, 0x0000, 0x0000, 0x0000, 0x0000,
    0x0000, 0x0000, 0x0000, 0x0000, 0x0000, 0x0000, 0x0000, 0x0000, 0x0000, 0x0000, 0x0000, 0x0000,
    0x0000, 0x0000, 0x0000, 0x0000, 0x0000, 0x0000, 0x0000, 0x0000, 0x0000, 0x0000, 0x0000, 0x0000,
    0x0000, 0x0000, 0x0000, 0x0000, 0x0000, 0x0000, 0x0000, 0x0000, 0x0000, 0x0000, 0x0000, 0x0000,
    0x0000, 0x0000, 0x0000, 0x0000, 0x0000, 0x0000, 0x0000, 0x0000, 0x0000, 0x0000, 0x0000, 0x0000,
    0x0820, 0x0820, 0x0000, 0x0000, 0x0000, 0x0000, 0x1861, 0x1881, 0x28E2, 0x3103, 0x3923, 0x49A5,
    0x930A, 0xAB8B, 0x9B4A, 0xA36B, 0xAB8B, 0xAB8B, 0xA38B, 0xA38C, 0x7288, 0x5A06, 0x4164, 0x3944,
    0x3944, 0x1061, 0x0000, 0x0000, 0x0000, 0x0000, 0x0820, 0x0820, 0x0820, 0x0000, 0x0000, 0x0000,
    0x0000, 0x0000, 0x0000, 0x0000, 0x0000, 0x0000, 0x0000, 0x0000, 0x0000, 0x0000, 0x0000, 0x0000,
    0x0000, 0x0000, 0x0000, 0x0000, 0x0000, 0x0000, 0x0000, 0x0000, 0x0000, 0x0000, 0x0000, 0x0000,
    0x0000, 0x0000, 0x0000, 0x0000, 0x0000, 0x0000, 0x0000, 0x0000, 0x0000, 0x0000, 0x0000, 0x0000,
    0x0000, 0x0000, 0x0000, 0x0000, 0x0000, 0x0000, 0x0000, 0x0000, 0x0000, 0x0000, 0x0000, 0x0000,
    0x0000, 0x0000, 0x0000, 0x0000, 0x0000, 0x0000, 0x0000, 0x0000, 0x0000, 0x0000, 0x0000, 0x0000,
    0x0000, 0x0000, 0x0000, 0x0000, 0x0000, 0x0000, 0x0000, 0x0000, 0x0000, 0x0000, 0x0000, 0x0000,
    0x0000, 0x0000, 0x0000, 0x0000, 0x0000, 0x0000, 0x0000, 0x0000, 0x0000, 0x0000, 0x0000, 0x0000,
    0x0000, 0x0000, 0x0000, 0x0000, 0x0000, 0x0000, 0x0000, 0x0000, 0x0000, 0x0000, 0x0000, 0x0000,
    0x0000, 0x0000, 0x0000, 0x0000, 0x0000, 0x0000, 0x0000, 0x0000, 0x0000, 0x0000, 0x0000, 0x0000,
    0x0000, 0x0000, 0x0000, 0x0000, 0x0000, 0x0000, 0x0000, 0x0000, 0x0000, 0x0000, 0x0000, 0x0000,
    0x0000, 0x0000, 0x0000, 0x0000, 0x0000, 0x0000, 0x0000, 0x0000, 0x0000, 0x0000, 0x0000, 0x0000,
    0x0000, 0x0000, 0x0000, 0x0000, 0x0000, 0x0000, 0x0000, 0x0000, 0x0000, 0x0000, 0x0000, 0x0000,
    0x0000, 0x0000, 0x0000, 0x0000, 0x0000, 0x0000, 0x0000, 0x0000, 0x0000, 0x0000, 0x0000, 0x0000,
    0x0000, 0x0000, 0x0000, 0x0000, 0x0000, 0x0820, 0x0820, 0x0000, 0x0000, 0x0000, 0x0000, 0x28E2,
    0x6226, 0x7247, 0x8AE9, 0x9B09, 0xA329, 0xAB4A, 0xB36A, 0xB36A, 0xB34A, 0xB36A, 0xB34A, 0x9AA8,
    0xA2E9, 0xA2E8, 0xAB4A, 0xA32A, 0xB38B, 0xC3CC, 0xBBAC, 0xBBCC, 0xBBED, 0x9B2A, 0x7288, 0x6A68,
    0x51A5, 0x1061, 0x0000, 0x0000, 0x0000, 0x0820, 0x0820, 0x0000, 0x0000, 0x0000, 0x0000, 0x0000,
    0x0000, 0x0000, 0x0000, 0x0000, 0x0000, 0x0000, 0x0000, 0x0000, 0x0000, 0x0000, 0x0000, 0x0000,
    0x0000, 0x0000, 0x0000, 0x0000, 0x0000, 0x0000, 0x0000, 0x0000, 0x0000, 0x0000, 0x0000, 0x0000,
    0x0000, 0x0000, 0x0000, 0x0000, 0x0000, 0x0000, 0x0000, 0x0000, 0x0000, 0x0000, 0x0000, 0x0000,
    0x0000, 0x0000, 0x0000, 0x0000, 0x0000, 0x0000, 0x0000, 0x0000, 0x0000, 0x0000, 0x0000, 0x0000,
    0x0000, 0x0000, 0x0000, 0x0000, 0x0000, 0x0000, 0x0000, 0x0000, 0x0000, 0x0000, 0x0000, 0x0000,
    0x0000, 0x0000, 0x0000, 0x0000, 0x0000, 0x0000, 0x0000, 0x0000, 0x0000, 0x0000, 0x0000, 0x0000,
    0x0000, 0x0000, 0x0000, 0x0000, 0x0000, 0x0000, 0x0000, 0x0000, 0x0000, 0x0000, 0x0000, 0x0000,
    0x0000, 0x0000, 0x0000, 0x0000, 0x0000, 0x0000, 0x0000, 0x0000, 0x0000, 0x0000, 0x0000, 0x0000,
    0x0000, 0x0000, 0x0000, 0x0000, 0x0000, 0x0000, 0x0000, 0x0000, 0x0000, 0x0000, 0x0000, 0x0000,
    0x0000, 0x0000, 0x0000, 0x0000, 0x0000, 0x0000, 0x0000, 0x0000, 0x0000, 0x0000, 0x0000, 0x0000,
    0x0000, 0x0000, 0x0000, 0x0000, 0x0000, 0x0000, 0x0000, 0x0000, 0x0000, 0x0000, 0x0000, 0x0000,
    0x0000, 0x0000, 0x0000, 0x0000, 0x0000, 0x0000, 0x0000, 0x0000, 0x0000, 0x0000, 0x0000, 0x0000,
    0x0000, 0x0000, 0x0000, 0x0000, 0x0000, 0x0000, 0x0000, 0x0000, 0x0000, 0x0000, 0x0000, 0x0800,
    0x0820, 0x0000, 0x0000, 0x0000, 0x3103, 0x59E6, 0x7247, 0x8AC8, 0xAB4A, 0xA309, 0xA2E9, 0xAB09,
    0xAAE8, 0xB309, 0xB32A, 0xB329, 0xB329, 0xC38B, 0xB329, 0x9A87, 0xAAE9, 0xA2A8, 0xB309, 0xAAE9,
    0xBB4A, 0xC38B, 0xC36B, 0xCBAB, 0xCBAC, 0xCBCC, 0xCBEC, 0xCBED, 0xB3AC, 0x8AE9, 0x7268, 0x6227,
    0x28E2, 0x0000, 0x0000, 0x0000, 0x0820, 0x0000, 0x0000, 0x0000, 0x0000, 0x0000, 0x0000, 0x0000,
    0x0000, 0x0000, 0x0000, 0x0000, 0x0000, 0x0000, 0x0000, 0x0000, 0x0000, 0x0000, 0x0000, 0x0000,
    0x0000, 0x0000, 0x0000, 0x0000, 0x0000, 0x0000, 0x0000, 0x0000, 0x0000, 0x0000, 0x0000, 0x0000,
    0x0000, 0x0000, 0x0000, 0x0000, 0x0000, 0x0000, 0x0000, 0x0000, 0x0000, 0x0000, 0x0000, 0x0000,
    0x0000, 0x0000, 0x0000, 0x0000, 0x0000, 0x0000, 0x0000, 0x0000, 0x0000, 0x0000, 0x0000, 0x0000,
    0x0000, 0x0000, 0x0000, 0x0000, 0x0000, 0x0000, 0x0000, 0x0000, 0x0000, 0x0000, 0x0000, 0x0000,
    0x0000, 0x0000, 0x0000, 0x0000, 0x0000, 0x0000, 0x0000, 0x0000, 0x0000, 0x0000, 0x0000, 0x0000,
    0x0000, 0x0000, 0x0000, 0x0000, 0x0000, 0x0000, 0x0000, 0x0000, 0x0000, 0x0000, 0x0000, 0x0000,
    0x0000, 0x0000, 0x0000, 0x0000, 0x0000, 0x0000, 0x0000, 0x0000, 0x0000, 0x0000, 0x0000, 0x0000,
    0x0000, 0x0000, 0x0000, 0x0000, 0x0000, 0x0000, 0x0000, 0x0000, 0x0000, 0x0000, 0x0000, 0x0000,
    0x0000, 0x0000, 0x0000, 0x0000, 0x0000, 0x0000, 0x0000, 0x0000, 0x0000, 0x0000, 0x0000, 0x0000,
    0x0000, 0x0000, 0x0000, 0x0000, 0x0000, 0x0000, 0x0000, 0x0000, 0x0000, 0x0000, 0x0000, 0x0000,
    0x0000, 0x0000, 0x0000, 0x0000, 0x0000, 0x0000, 0x0000, 0x0000, 0x0000, 0x0000, 0x0000, 0x0000,
    0x0000, 0x0000, 0x0000, 0x0000, 0x0000, 0x0000, 0x0820, 0x0000, 0x0000, 0x1881, 0x4164, 0x59C5,
    0x82A8, 0x9AE8, 0xA2E8, 0x9AE8, 0xA2C8, 0xA2A8, 0x9A87, 0xA2A8, 0xAAC8, 0xAAC8, 0xB2C8, 0xB2E8,
    0xB309, 0xBB4A, 0xBB09, 0xB309, 0xC34A, 0xBB2A, 0xC34A, 0xC32A, 0xC34A, 0xCB6B, 0xCB6B, 0xCB6B,
    0xCB8B, 0xC34A, 0xBB4A, 0xC38B, 0xD3EC, 0xD40D, 0xD42D, 0xD44E, 0x8AEA, 0x3944, 0x3123, 0x1061,
    0x0000, 0x0000, 0x0800, 0x0000, 0x0000, 0x0000, 0x0000, 0x0000, 0x0000, 0x0000, 0x0000, 0x0000,
    0x0000, 0x0000, 0x0000, 0x0000, 0x0000, 0x0000, 0x0000, 0x0000, 0x0000, 0x0000, 0x0000, 0x0000,
    0x0000, 0x0000, 0x0000, 0x0000, 0x0000, 0x0000, 0x0000, 0x0000, 0x0000, 0x0000, 0x0000, 0x0000,
    0x0000, 0x0000, 0x0000, 0x0000, 0x0000, 0x0000, 0x0000, 0x0000, 0x0000, 0x0000, 0x0000, 0x0000,
    0x0000, 0x0000, 0x0000, 0x0000, 0x0000, 0x0000, 0x0000, 0x0000, 0x0000, 0x0000, 0x0000, 0x0000,
    0x0000, 0x0000, 0x0000, 0x0000, 0x0000, 0x0000, 0x0000, 0x0000, 0x0000, 0x0000, 0x0000, 0x0000,
    0x0000, 0x0000, 0x0000, 0x0000, 0x0000, 0x0000, 0x0000, 0x0000, 0x0000, 0x0000, 0x0000, 0x0000,
    0x0000, 0x0000, 0x0000, 0x0000, 0x0000, 0x0000, 0x0000, 0x0000, 0x0000, 0x0000, 0x0000, 0x0000,
    0x0000, 0x0000, 0x0000, 0x0000, 0x0000, 0x0000, 0x0000, 0x0000, 0x0000, 0x0000, 0x0000, 0x0000,
    0x0000, 0x0000, 0x0000, 0x0000, 0x0000, 0x0000, 0x0000, 0x0000, 0x0000, 0x0000, 0x0000, 0x0000,
    0x0000, 0x0000, 0x0000, 0x0000, 0x0000, 0x0000, 0x0000, 0x0000, 0x0000, 0x0000, 0x0000, 0x0000,
    0x0000, 0x0000, 0x0000, 0x0000, 0x0000, 0x0000, 0x0000, 0x0000, 0x0000, 0x0000, 0x0000, 0x0000,
    0x0000, 0x0000, 0x0000, 0x0000, 0x0000, 0x0000, 0x0000, 0x0000, 0x0000, 0x0000, 0x0000, 0x0000,
    0x0800, 0x0000, 0x0000, 0x1061, 0x3103, 0x6A27, 0x9AE9, 0x9AE8, 0x92A7, 0x9AC8, 0x9AA7, 0x9AA7,
    0xA2A7, 0xA2A8, 0xA2A7, 0xAAA8, 0xB2C8, 0xB2C8, 0xB2C8, 0xBB09, 0xC34A, 0xBB29, 0xC34A, 0xCB6A,
    0xCB6A, 0xCB4A, 0xCB6B, 0xCB6A, 0xCB4A, 0xCB6A, 0xD36B, 0xCB6B, 0xD38B, 0xCB6B, 0xC32A, 0xC34A,
    0xCB6B, 0xDBED, 0xD3CC, 0xD3CC, 0xCBCC, 0xBBCD, 0xA38C, 0x4164, 0x1061, 0x0820, 0x0000, 0x0820,
    0x0820, 0x0000, 0x0000, 0x0000, 0x0000, 0x0000, 0x0000, 0x0000, 0x0000, 0x0000, 0x0000, 0x0000,
    0x0000, 0x0000, 0x0000, 0x0000, 0x0000, 0x0000, 0x0000, 0x0000, 0x0000, 0x0000, 0x0000, 0x0000,
    0x0000, 0x0000, 0x0000, 0x0000, 0x0000, 0x0000, 0x0000, 0x0000, 0x0000, 0x0000, 0x0000, 0x0000,
    0x0000, 0x0000, 0x0000, 0x0000, 0x0000, 0x0000, 0x0000, 0x0000, 0x0000, 0x0000, 0x0000, 0x0000,
    0x0000, 0x0000, 0x0000, 0x0000, 0x0000, 0x0000, 0x0000, 0x0000, 0x0000, 0x0000, 0x0000, 0x0000,
    0x0000, 0x0000, 0x0000, 0x0000, 0x0000, 0x0000, 0x0000, 0x0000, 0x0000, 0x0000, 0x0000, 0x0000,
    0x0000, 0x0000, 0x0000, 0x0000, 0x0000, 0x0000, 0x0000, 0x0000, 0x0000, 0x0000, 0x0000, 0x0000,
    0x0000, 0x0000, 0x0000, 0x0000, 0x0000, 0x0000, 0x0000, 0x0000, 0x0000, 0x0000, 0x0000, 0x0000,
    0x0000, 0x0000, 0x0000, 0x0000, 0x0000, 0x0000, 0x0000, 0x0000, 0x0000, 0x0000, 0x0000, 0x0000,
    0x0000, 0x0000, 0x0000, 0x0000, 0x0000, 0x0000, 0x0000, 0x0000, 0x0000, 0x0000, 0x0000, 0x0000,
    0x0000, 0x0000, 0x0000, 0x0000, 0x0000, 0x0000, 0x0000, 0x0000, 0x0000, 0x0000, 0x0000, 0x0000,
    0x0000, 0x0000, 0x0000, 0x0000, 0x0000, 0x0000, 0x0000, 0x0000, 0x0000, 0x0000, 0x0000, 0x0000,
    0x0000, 0x0000, 0x0000, 0x0000, 0x0000, 0x0000, 0x0000, 0x0820, 0x0000, 0x0820, 0x1041, 0x6A26,
    0x9B09, 0x9AE8, 0x92A7, 0x9287, 0xA2C8, 0xAAC8, 0xA2A7, 0xA2A7, 0xA2A7, 0xAAA7, 0xAAA8, 0xB2C8,
    0xB2C8, 0xB2C8, 0xB2C8, 0xB2E8, 0xBAE8, 0xBB09, 0xCB4A, 0xCB4A, 0xCB4A, 0xCB6B, 0xCB6B, 0xCB4A,
    0xCB4A, 0xCB4A, 0xD36B, 0xD38B, 0xD36B, 0xCB4A, 0xDBCC, 0xDBAC, 0xCB4A, 0xD3AC, 0xD3AC, 0xD3CC,
    0xD3CC, 0xD3EC, 0xCC0D, 0xB3AC, 0xAB8C, 0x51C5, 0x0000, 0x0000, 0x0000, 0x0820, 0x0800, 0x0000,
    0x0000, 0x0000, 0x0000, 0x0000, 0x0000, 0x0000, 0x0000, 0x0000, 0x0000, 0x0000, 0x0000, 0x0000,
    0x0000, 0x0000, 0x0000, 0x0000, 0x0000, 0x0000, 0x0000, 0x0000, 0x0000, 0x0000, 0x0000, 0x0000,
    0x0000, 0x0000, 0x0000, 0x0000, 0x0000, 0x0000, 0x0000, 0x0000, 0x0000, 0x0000, 0x0000, 0x0000,
    0x0000, 0x0000, 0x0000, 0x0000, 0x0000, 0x0000, 0x0000, 0x0000, 0x0000, 0x0000, 0x0000, 0x0000,
    0x0000, 0x0000, 0x0000, 0x0000, 0x0000, 0x0000, 0x0000, 0x0000, 0x0000, 0x0000, 0x0000, 0x0000,
    0x0000, 0x0000, 0x0000, 0x0000, 0x0000, 0x0000, 0x0000, 0x0000, 0x0000, 0x0000, 0x0000, 0x0000,
    0x0000, 0x0000, 0x0000, 0x0000, 0x0000, 0x0000, 0x0000, 0x0000, 0x0000, 0x0000, 0x0000, 0x0000,
    0x0000, 0x0000, 0x0000, 0x0000, 0x0000, 0x0000, 0x0000, 0x0000, 0x0000, 0x0000, 0x0000, 0x0000,
    0x0000, 0x0000, 0x0000, 0x0000, 0x0000, 0x0000, 0x0000, 0x0000, 0x0000, 0x0000, 0x0000, 0x0000,
    0x0000, 0x0000, 0x0000, 0x0000, 0x0000, 0x0000, 0x0000, 0x0000, 0x0000, 0x0000, 0x0000, 0x0000,
    0x0000, 0x0000, 0x0000, 0x0000, 0x0000, 0x0000, 0x0000, 0x0000, 0x0000, 0x0000, 0x0000, 0x0000,
    0x0000, 0x0000, 0x0000, 0x0000, 0x0000, 0x0000, 0x0000, 0x0000, 0x0000, 0x0000, 0x0000, 0x0000,
    0x0000, 0x0820, 0x0000, 0x0000, 0x0820, 0x59E6, 0x82A8, 0x92C8, 0x9AC8, 0xA2C8, 0xA2C8, 0x9AA7,
    0xAAE8, 0xA2A7, 0xA287, 0xAAA8, 0xAAA7, 0xAAA7, 0xB2A8, 0xB2C8, 0xB2A8, 0xB2A7, 0xBAC8, 0xB2C8,
    0xAA67, 0xAA87, 0xB2A8, 0xBB09, 0xCB4A, 0xCB4B, 0xCB4A, 0xCB4A, 0xCB4A, 0xCB4A, 0xD36B, 0xD38B,
    0xCB6B, 0xBAC8, 0xDBAC, 0xD3AC, 0xCB4A, 0xCB6B, 0xCB6B, 0xCB6B, 0xCB8B, 0xD3CC, 0xD3CC, 0xD3EC,
    0xDC2D, 0xB3AC, 0x51A5, 0x28C2, 0x1881, 0x0000, 0x0000, 0x0820, 0x0820, 0x0000, 0x0000, 0x0000,
    0x0000, 0x0000, 0x0000, 0x0000, 0x0000, 0x0000, 0x0000, 0x0000, 0x0000, 0x0000, 0x0000, 0x0000,
    0x0000, 0x0000, 0x0000, 0x0000, 0x0000, 0x0000, 0x0000, 0x0000, 0x0000, 0x0000, 0x0000, 0x0000,
    0x0000, 0x0000, 0x0000, 0x0000, 0x0000, 0x0000, 0x0000, 0x0000, 0x0000, 0x0000, 0x0000, 0x0000,
    0x0000, 0x0000, 0x0000, 0x0000, 0x0000, 0x0000, 0x0000, 0x0000, 0x0000, 0x0000, 0x0000, 0x0000,
    0x0000, 0x0000, 0x0000, 0x0000, 0x0000, 0x0000, 0x0000, 0x0000, 0x0000, 0x0000, 0x0000, 0x0000,
    0x0000, 0x0000, 0x0000, 0x0000, 0x0000, 0x0000, 0x0000, 0x0000, 0x0000, 0x0000, 0x0000, 0x0000,
    0x0000, 0x0000, 0x0000, 0x0000, 0x0000, 0x0000, 0x0000, 0x0000, 0x0000, 0x0000, 0x0000, 0x0000,
    0x0000, 0x0000, 0x0000, 0x0000, 0x0000, 0x0000, 0x0000, 0x0000, 0x0000, 0x0000, 0x0000, 0x0000,
    0x0000, 0x0000, 0x0000, 0x0000, 0x0000, 0x0000, 0x0000, 0x0000, 0x0000, 0x0000, 0x0000, 0x0000,
    0x0000, 0x0000, 0x0000, 0x0000, 0x0000, 0x0000, 0x0000, 0x0000, 0x0000, 0x0000, 0x0000, 0x0000,
    0x0000, 0x0000, 0x0000, 0x0000, 0x0000, 0x0000, 0x0000, 0x0000, 0x0000, 0x0000, 0x0000, 0x0000,
    0x0000, 0x0000, 0x0000, 0x0000, 0x0000, 0x0000, 0x0000, 0x0000, 0x0000, 0x0000, 0x0820, 0x3923,
    0x7247, 0x92E9, 0x92E8, 0x9AC8, 0x9AC8, 0xA2C8, 0xA2C8, 0xA2A7, 0xAAA8, 0xAAA7, 0xAA87, 0xAAA7,
    0xAAA8, 0xAAA7, 0xB2E8, 0xC32A, 0xBB09, 0xBAE8, 0xC329, 0xC32A, 0xC309, 0xC309, 0xCB4A, 0xCB4A,
    0xCB4A, 0xCB4A, 0xD36B, 0xD36B, 0xDBAC, 0xCB4A, 0xD36B, 0xD36B, 0xD38B, 0xD38B, 0xE40D, 0xDBCC,
    0xCB6B, 0xE3ED, 0xCB6B, 0xD38B, 0xCB4A, 0xD38C, 0xDBED, 0xDBED, 0xD3ED, 0xD3ED, 0xD40D, 0xCC2D,
    0x8B0A, 0x4164, 0x0840, 0x0000, 0x0000, 0x0820, 0x0000, 0x0000, 0x0000, 0x0000, 0x0000, 0x0000,
    0x0000, 0x0000, 0x0000, 0x0000, 0x0000, 0x0000, 0x0000, 0x0000, 0x0000, 0x0000, 0x0000, 0x0000,
    0x0000, 0x0000, 0x0000, 0x0000, 0x0000, 0x0000, 0x0000, 0x0000, 0x0000, 0x0000, 0x0000, 0x0000,
    0x0000, 0x0000, 0x0000, 0x0000, 0x0000, 0x0000, 0x0000, 0x0000, 0x0000, 0x0000, 0x0000, 0x0000,
    0x0000, 0x0000, 0x0000, 0x0000, 0x0000, 0x0000, 0x0000, 0x0000, 0x0000, 0x0000, 0x0000, 0x0000,
    0x0000, 0x0000, 0x0000, 0x0000, 0x0000, 0x0000, 0x0000, 0x0000, 0x0000, 0x0000, 0x0000, 0x0000,
    0x0000, 0x0000, 0x0000, 0x0000, 0x0000, 0x0000, 0x0000, 0x0000, 0x0000, 0x0000, 0x0000, 0x0000,
    0x0000, 0x0000, 0x0000, 0x0000, 0x0000, 0x0000, 0x0000, 0x0000, 0x0000, 0x0000, 0x0000, 0x0000,
    0x0000, 0x0000, 0x0000, 0x0000, 0x0000, 0x0000, 0x0000, 0x0000, 0x0000, 0x0000, 0x0000, 0x0000,
    0x0000, 0x0000, 0x0000, 0x0000, 0x0000, 0x0000, 0x0000, 0x0000, 0x0000, 0x0000, 0x0000, 0x0000,
    0x0000, 0x0000, 0x0000, 0x0000, 0x0000, 0x0000, 0x0000, 0x0000, 0x0000, 0x0000, 0x0000, 0x0000,
    0x0000, 0x0000, 0x0000, 0x0000, 0x0000, 0x0000, 0x0000, 0x0000, 0x0000, 0x0000, 0x0000, 0x0000,
    0x0000, 0x0000, 0x0820, 0x0000, 0x0000, 0x28E2, 0x51A5, 0x92E9, 0xA329, 0x9AE8, 0x9AC8, 0x9AC8,
    0xA2C8, 0xAAE8, 0xAAE8, 0xAAC8, 0xAA87, 0xAAA8, 0xB2C8, 0xB2C8, 0xB2E8, 0xB2C8, 0xBAE9, 0xCB4A,
    0xBB09, 0xBAE9, 0xC329, 0xCB2A, 0xCB2A, 0xCB4A, 0xCB4B, 0xCB4B, 0xD36B, 0xCB4A, 0xD38B, 0xDBAC,
    0xDBCD, 0xCB2A, 0xCB4A, 0xD36B, 0xDBCC, 0xE3ED, 0xEC0E, 0xDBAC, 0xDBCC, 0xEC0E, 0xDBAC, 0xDBED,
    0xDBCC, 0xD38C, 0xD3AC, 0xDBED, 0xD3CC, 0xD3CC, 0xD3CC, 0xD40D, 0xD42D, 0xC40D, 0x61E6, 0x28E2,
    0x1861, 0x0000, 0x0820, 0x0000, 0x0000, 0x0000, 0x0000, 0x0000, 0x0000, 0x0000, 0x0000, 0x0000,
    0x0000, 0x0000, 0x0000, 0x0000, 0x0000, 0x0000, 0x0000, 0x0000, 0x0000, 0x0000, 0x0000, 0x0000,
    0x0000, 0x0000, 0x0000, 0x0000, 0x0000, 0x0000, 0x0000, 0x0000, 0x0000, 0x0000, 0x0000, 0x0000,
    0x0000, 0x0000, 0x0000, 0x0000, 0x0000, 0x0000, 0x0000, 0x0000, 0x0000, 0x0000, 0x0000, 0x0000,
    0x0000, 0x0000, 0x0000, 0x0000, 0x0000, 0x0000, 0x0000, 0x0000, 0x0000, 0x0000, 0x0000, 0x0000,
    0x0000, 0x0000, 0x0000, 0x0000, 0x0000, 0x0000, 0x0000, 0x0000, 0x0000, 0x0000, 0x0000, 0x0000,
    0x0000, 0x0000, 0x0000, 0x0000, 0x0000, 0x0000, 0x0000, 0x0000, 0x0000, 0x0000, 0x0000, 0x0000,
    0x0000, 0x0000, 0x0000, 0x0000, 0x0000, 0x0000, 0x0000, 0x0000, 0x0000, 0x0000, 0x0000, 0x0000,
    0x0000, 0x0000, 0x0000, 0x0000, 0x0000, 0x0000, 0x0000, 0x0000, 0x0000, 0x0000, 0x0000, 0x0000,
    0x0000, 0x0000, 0x0000, 0x0000, 0x0000, 0x0000, 0x0000, 0x0000, 0x0000, 0x0000, 0x0000, 0x0000,
    0x0000, 0x0000, 0x0000, 0x0000, 0x0000, 0x0000, 0x0000, 0x0000, 0x0000, 0x0000, 0x0000, 0x0000,
    0x0000, 0x0000, 0x0000, 0x0000, 0x0000, 0x0000, 0x0000, 0x0000, 0x0000, 0x0820, 0x0000, 0x0000,
    0x28C2, 0x8AC8, 0x9B29, 0x9AE8, 0x9AC8, 0xA2E8, 0xA2A8, 0xA2A8, 0xAAC8, 0xB309, 0xB309, 0xAAC8,
    0xB2C8, 0xB2E8, 0xB2E9, 0xBB09, 0xBB09, 0xB2C8, 0xBAE8, 0xB2A8, 0xAA67, 0xB287, 0xBAE9, 0xC309,
    0xCB2A, 0xCB4A, 0xD36B, 0xD38B, 0xDBAC, 0xDBAC, 0xDBAC, 0xDBCC, 0xDBCC, 0xCB2A, 0xC2E9, 0xCB2A,
    0xE3CD, 0xE3CD, 0xD36B, 0xCB6B, 0xE3ED, 0xE3ED, 0xE3ED, 0xE3ED, 0xEC2E, 0xD38B, 0xC32A, 0xCB6B,
    0xD3AC, 0xD3CC, 0xD3EC, 0xDC0D, 0xD3ED, 0xD3EC, 0xCBED, 0xC3ED, 0x7A88, 0x1061, 0x0000, 0x0820,
    0x0000, 0x0000, 0x0000, 0x0000, 0x0000, 0x0000, 0x0000, 0x0000, 0x0000, 0x0000, 0x0000, 0x0000,
    0x0000, 0x0000, 0x0000, 0x0000, 0x0000, 0x0000, 0x0000, 0x0000, 0x0000, 0x0000, 0x0000, 0x0000,
    0x0000, 0x0000, 0x0000, 0x0000, 0x0000, 0x0000, 0x0000, 0x0000, 0x0000, 0x0000, 0x0000, 0x0000,
    0x0000, 0x0000, 0x0000, 0x0000, 0x0000, 0x0000, 0x0000, 0x0000, 0x0000, 0x0000, 0x0000, 0x0000,
    0x0000, 0x0000, 0x0000, 0x0000, 0x0000, 0x0000, 0x0000, 0x0000, 0x0000, 0x0000, 0x0000, 0x0000,
    0x0000, 0x0000, 0x0000, 0x0000, 0x0000, 0x0000, 0x0000, 0x0000, 0x0000, 0x0000, 0x0000, 0x0000,
    0x0000, 0x0000, 0x0000, 0x0000, 0x0000, 0x0000, 0x0000, 0x0000, 0x0000, 0x0000, 0x0000, 0x0000,
    0x0000, 0x0000, 0x0000, 0x0000, 0x0000, 0x0000, 0x0000, 0x0000, 0x0000, 0x0000, 0x0000, 0x0000,
    0x0000, 0x0000, 0x0000, 0x0000, 0x0000, 0x0000, 0x0000, 0x0000, 0x0000, 0x0000, 0x0000, 0x0000,
    0x0000, 0x0000, 0x0000, 0x0000, 0x0000, 0x0000, 0x0000, 0x0000, 0x0000, 0x0000, 0x0000, 0x0000,
    0x0000, 0x0000, 0x0000, 0x0000, 0x0000, 0x0000, 0x0000, 0x0000, 0x0000, 0x0000, 0x0000, 0x0000,
    0x0000, 0x0000, 0x0000, 0x0000, 0x0800, 0x0000, 0x1040, 0x51A5, 0x8AC8, 0x92C8, 0x92C8, 0x9AC8,
    0xA2C8, 0xA2C8, 0xAAC8, 0xB2E9, 0xB309, 0xB2E8, 0xAAE8, 0xAAC8, 0xAAA8, 0xAAA8, 0xAAA7, 0xB2C8,
    0xB2C8, 0xBAC8, 0xBAE8, 0xBAC8, 0xB2C8, 0xBAC8, 0xC309, 0xC309, 0xCB0A, 0xCB2A, 0xCB4A, 0xD36B,
    0xDBAC, 0xE3CD, 0xD36B, 0xCB4A, 0xE3CD, 0xDBAC, 0xDB8C, 0xD38B, 0xDBCC, 0xDBCC, 0xD36B, 0xDBAC,
    0xE3ED, 0xDBAC, 0xDBAC, 0xDBAC, 0xD38C, 0xDBCD, 0xDBAC, 0xCB6B, 0xD3AC, 0xDBED, 0xE42E, 0xE40D,
    0xCB8B, 0xCB6B, 0xCBAB, 0xCBCC, 0xC3EC, 0x9B4B, 0x28C2, 0x0000, 0x0820, 0x0820, 0x0000, 0x0000,
    0x0000, 0x0000, 0x0000, 0x0000, 0x0000, 0x0000, 0x0000, 0x0000, 0x0000, 0x0000, 0x0000, 0x0000,
    0x0000, 0x0000, 0x0000, 0x0000, 0x0000, 0x0000, 0x0000, 0x0000, 0x0000, 0x0000, 0x0000, 0x0000,
    0x0000, 0x0000, 0x0000, 0x0000, 0x0000, 0x0000, 0x0000, 0x0000, 0x0000, 0x0000, 0x0000, 0x0000,
    0x0000, 0x0000, 0x0000, 0x0000, 0x0000, 0x0000, 0x0000, 0x0000, 0x0000, 0x0000, 0x0000, 0x0000,
    0x0000, 0x0000, 0x0000, 0x0000, 0x0000, 0x0000, 0x0000, 0x0000, 0x0000, 0x0000, 0x0000, 0x0000,
    0x0000, 0x0000, 0x0000, 0x0000, 0x0000, 0x0000, 0x0000, 0x0000, 0x0000, 0x0000, 0x0000, 0x0000,
    0x0000, 0x0000, 0x0000, 0x0000, 0x0000, 0x0000, 0x0000, 0x0000, 0x0000, 0x0000, 0x0000, 0x0000,
    0x0000, 0x0000, 0x0000, 0x0000, 0x0000, 0x0000, 0x0000, 0x0000, 0x0000, 0x0000, 0x0000, 0x0000,
    0x0000, 0x0000, 0x0000, 0x0000, 0x0000, 0x0000, 0x0000, 0x0000, 0x0000, 0x0000, 0x0000, 0x0000,
    0x0000, 0x0000, 0x0000, 0x0000, 0x0000, 0x0000, 0x0000, 0x0000, 0x0000, 0x0000, 0x0000, 0x0000,
    0x0000, 0x0000, 0x0000, 0x0000, 0x0000, 0x0000, 0x0000, 0x0000, 0x0000, 0x0000, 0x0800, 0x0800,
    0x0000, 0x3103, 0x7A67, 0x8AC8, 0x92A8, 0x9AE8, 0xAB09, 0xA2C8, 0xA2A8, 0xA2A8, 0xAAC8, 0xB309,
    0xBB09, 0xB2C8, 0xAAC8, 0xAAA8, 0xAAA7, 0xB2C8, 0xBAE8, 0xB2C8, 0xB2C8, 0xBAC8, 0xB2C8, 0xCB6B,
    0xD38B, 0xCB4B, 0xCB2A, 0xCB2A, 0xC309, 0xC309, 0xC309, 0xCB2A, 0xDB8C, 0xE3CD, 0xDB8C, 0xDB8C,
    0xE3CD, 0xE3CD, 0xE3CD, 0xE3CD, 0xE3CD, 0xDBCC, 0xE3ED, 0xE3ED, 0xE3ED, 0xD36B, 0xD36B, 0xE3ED,
    0xD36B, 0xDBAC, 0xEC2E, 0xE3ED, 0xCB2A, 0xC30A, 0xD3AC, 0xDBCD, 0xDBCD, 0xDBED, 0xD3CC, 0xD3ED,
    0xCBCC, 0xD42D, 0xAB8B, 0x3123, 0x0000, 0x0000, 0x0820, 0x0000, 0x0000, 0x0000, 0x0000, 0x0000,
    0x0000, 0x0000, 0x0000, 0x0000, 0x0000, 0x0000, 0x0000, 0x0000, 0x0000, 0x0000, 0x0000, 0x0000,
    0x0000, 0x0000, 0x0000, 0x0000, 0x0000, 0x0000, 0x0000, 0x0000, 0x0000, 0x0000, 0x0000, 0x0000,
    0x0000, 0x0000, 0x0000, 0x0000, 0x0000, 0x0000, 0x0000, 0x0000, 0x0000, 0x0000, 0x0000, 0x0000,
    0x0000, 0x0000, 0x0000, 0x0000, 0x0000, 0x0000, 0x0000, 0x0000, 0x0000, 0x0000, 0x0000, 0x0000,
    0x0000, 0x0000, 0x0000, 0x0000, 0x0000, 0x0000, 0x0000, 0x0000, 0x0000, 0x0000, 0x0000, 0x0000,
    0x0000, 0x0000, 0x0000, 0x0000, 0x0000, 0x0000, 0x0000, 0x0000, 0x0000, 0x0000, 0x0000, 0x0000,
    0x0000, 0x0000, 0x0000, 0x0000, 0x0000, 0x0000, 0x0000, 0x0000, 0x0000, 0x0000, 0x0000, 0x0000,
    0x0000, 0x0000, 0x0000, 0x0000, 0x0000, 0x0000, 0x0000, 0x0000, 0x0000, 0x0000, 0x0000, 0x0000,
    0x0000, 0x0000, 0x0000, 0x0000, 0x0000, 0x0000, 0x0000, 0x0000, 0x0000, 0x0000, 0x0000, 0x0000,
    0x0000, 0x0000, 0x0000, 0x0000, 0x0000, 0x0000, 0x0000, 0x0000, 0x0000, 0x0000, 0x0000, 0x0000,
    0x0000, 0x0000, 0x0000, 0x0000, 0x0000, 0x0820, 0x0000, 0x0820, 0x4164, 0x8AA8, 0x9AE8, 0x8A67,
    0x8A67, 0x9AA7, 0xAAE9, 0xA2C8, 0xAAC8, 0xAAC8, 0xAAE8, 0xB2E9, 0xAAA7, 0xB2A8, 0xB2C8, 0xB2C8,
    0xAA87, 0xBB09, 0xBB09, 0xAA87, 0xAA87, 0xAA87, 0xB287, 0xC309, 0xC2E9, 0xC2E9, 0xCB2A, 0xCB2A,
    0xC309, 0xC2E9, 0xC309, 0xCB2A, 0xD36B, 0xDBAC, 0xE3CD, 0xE3CD, 0xE3CD, 0xE3CD, 0xE3CD, 0xDBAC,
    0xD38B, 0xDBAC, 0xE3ED, 0xD38B, 0xD38C, 0xDBAC, 0xE3CD, 0xEC0E, 0xD38C, 0xD36B, 0xE3ED, 0xE3ED,
    0xCB4B, 0xC309, 0xCB4A, 0xCB6B, 0xE40E, 0xE42E, 0xE42E, 0xE40D, 0xDBEC, 0xCBAB, 0xCBEC, 0xBBCC,
    0x7A88, 0x4984, 0x0000, 0x0000, 0x0800, 0x0000, 0x0000, 0x0000, 0x0000, 0x0000, 0x0000, 0x0000,
    0x0000, 0x0000, 0x0000, 0x0000, 0x0000, 0x0000, 0x0000, 0x0000, 0x0000, 0x0000, 0x0000, 0x0000,
    0x0000, 0x0000, 0x0000, 0x0000, 0x0000, 0x0000, 0x0000, 0x0000, 0x0000, 0x0000, 0x0000, 0x0000,
    0x0000, 0x0000, 0x0000, 0x0000, 0x0000, 0x0000, 0x0000, 0x0000, 0x0000, 0x0000, 0x0000, 0x0000,
    0x0000, 0x0000, 0x0000, 0x0000, 0x0000, 0x0000, 0x0000, 0x0000, 0x0000, 0x0000, 0x0000, 0x0000,
    0x0000, 0x0000, 0x0000, 0x0000, 0x0000, 0x0000, 0x0000, 0x0000, 0x0000, 0x0000, 0x0000, 0x0000,
    0x0000, 0x0000, 0x0000, 0x0000, 0x0000, 0x0000, 0x0000, 0x0000, 0x0000, 0x0000, 0x0000, 0x0000,
    0x0000, 0x0000, 0x0000, 0x0000, 0x0000, 0x0000, 0x0000, 0x0000, 0x0000, 0x0000, 0x0000, 0x0000,
    0x0000, 0x0000, 0x0000, 0x0000, 0x0000, 0x0000, 0x0000, 0x0000, 0x0000, 0x0000, 0x0000, 0x0000,
    0x0000, 0x0000, 0x0000, 0x0000, 0x0000, 0x0000, 0x0000, 0x0000, 0x0000, 0x0000, 0x0000, 0x0000,
    0x0000, 0x0000, 0x0000, 0x0000, 0x0000, 0x0000, 0x0000, 0x0000, 0x0000, 0x0000, 0x0000, 0x0000,
    0x0000, 0x0000, 0x0000, 0x3923, 0x92C8, 0x9AC8, 0x9287, 0x8A66, 0x9AA7, 0x9AA7, 0x9A87, 0xAAC8,
    0xB2E9, 0xB2E8, 0xB2E9, 0xB2C8, 0xB2A8, 0xB2C8, 0xB2A8, 0xB2C8, 0xB2A8, 0xBB09, 0xC309, 0xBAE9,
    0xB2A8, 0xB2A7, 0xBAE9, 0xBAC9, 0xB2A8, 0xC2E9, 0xCB2A, 0xCB2A, 0xC30A, 0xCB4B, 0xD36B, 0xDB8C,
    0xDB8C, 0xE3CC, 0xE3CD, 0xE3CD, 0xE3ED, 0xE3CD, 0xDBAC, 0xDBAC, 0xDBAC, 0xD36B, 0xDB8C, 0xCB4A,
    0xDBAC, 0xE3ED, 0xEBEE, 0xE3ED, 0xE3CC, 0xDBCD, 0xE3ED, 0xE3ED, 0xE3ED, 0xDBAC, 0xD38B, 0xDBCC,
    0xE40E, 0xE42E, 0xE42E, 0xE40D, 0xE40D, 0xDC0D, 0xCBAC, 0xD3EC, 0xE4AF, 0xB3AC, 0x20C2, 0x0820,
    0x0000, 0x0000, 0x0000, 0x0000, 0x0000, 0x0000, 0x0000, 0x0000, 0x0000, 0x0000, 0x0000, 0x0000,
    0x0000, 0x0000, 0x0000, 0x0000, 0x0000, 0x0000, 0x0000, 0x0000, 0x0000, 0x0000, 0x0000, 0x0000,
    0x0000, 0x0000, 0x0000, 0x0000, 0x0000, 0x0000, 0x0000, 0x0000, 0x0000, 0x0000, 0x0000, 0x0000,
    0x0000, 0x0000, 0x0000, 0x0000, 0x0000, 0x0000, 0x0000, 0x0000, 0x0000, 0x0000, 0x0000, 0x0000,
    0x0000, 0x0000, 0x0000, 0x0000, 0x0000, 0x0000, 0x0000, 0x0000, 0x0000, 0x0000, 0x0000, 0x0000,
    0x0000, 0x0000, 0x0000, 0x0000, 0x0000, 0x0000, 0x0000, 0x0000, 0x0000, 0x0000, 0x0000, 0x0000,
    0x0000, 0x0000, 0x0000, 0x0000, 0x0000, 0x0000, 0x0000, 0x0000, 0x0000, 0x0000, 0x0000, 0x0000,
    0x0000, 0x0000, 0x0000, 0x0000, 0x0000, 0x0000, 0x0000, 0x0000, 0x0000, 0x0000, 0x0000, 0x0000,
    0x0000, 0x0000, 0x0000, 0x0000, 0x0000, 0x0000, 0x0000, 0x0000, 0x0000, 0x0000, 0x0000, 0x0000,
    0x0000, 0x0000, 0x0000, 0x0000, 0x0000, 0x0000, 0x0000, 0x0000, 0x0000, 0x0000, 0x0000, 0x0000,
    0x0000, 0x0000, 0x0000, 0x0000, 0x0000, 0x0000, 0x0000, 0x0000, 0x0820, 0x0000, 0x4144, 0x8AC8,
    0x92A7, 0x9287, 0x9A87, 0x9287, 0xA2C8, 0xA2A7, 0x9226, 0x9A67, 0xAA87, 0xA287, 0xAAA7, 0xAA87,
    0xBAE9, 0xBB09, 0xB2A8, 0xBAE9, 0xBB09, 0xBAC8, 0xB2C8, 0xC32A, 0xCB4A, 0xCB4A, 0xD38B, 0xCB4A,
    0xC2E9, 0xC2E9, 0xC32A, 0xCB2A, 0xCB2A, 0xDB8C, 0xDBAC, 0xDBAC, 0xE3CD, 0xE3ED, 0xE3CD, 0xCB2A,
    0xD36B, 0xE3CD, 0xE3CD, 0xE3CD, 0xE3ED, 0xE3CD, 0xE3ED, 0xE3ED, 0xE3ED, 0xE3CD, 0xDBAC, 0xE3CD,
    0xE3ED, 0xE3ED, 0xE3CD, 0xE3ED, 0xE3ED, 0xE40D, 0xD38C, 0xE40D, 0xE3ED, 0xD38B, 0xDBED, 0xE42E,
    0xE42E, 0xE42E, 0xD3AC, 0xCBAC, 0xD40D, 0xCC0D, 0xBBED, 0x49A5, 0x0000, 0x0820, 0x0000, 0x0000,
    0x0000, 0x0000, 0x0000, 0x0000, 0x0000, 0x0000, 0x0000, 0x0000, 0x0000, 0x0000, 0x0000, 0x0000,
    0x0000, 0x0000, 0x0000, 0x0000, 0x0000, 0x0000, 0x0000, 0x0000, 0x0000, 0x0000, 0x0000, 0x0000,
    0x0000, 0x0000, 0x0000, 0x0000, 0x0000, 0x0000, 0x0000, 0x0000, 0x0000, 0x0000, 0x0000, 0x0000,
    0x0000, 0x0000, 0x0000, 0x0000, 0x0000, 0x0000, 0x0000, 0x0000, 0x0000, 0x0000, 0x0000, 0x0000,
    0x0000, 0x0000, 0x0000, 0x0000, 0x0000, 0x0000, 0x0000, 0x0000, 0x0000, 0x0000, 0x0000, 0x0000,
    0x0000, 0x0000, 0x0000, 0x0000, 0x0000, 0x0000, 0x0000, 0x0000, 0x0000, 0x0000, 0x0000, 0x0000,
    0x0000, 0x0000, 0x0000, 0x0000, 0x0000, 0x0000, 0x0000, 0x0000, 0x0000, 0x0000, 0x0000, 0x0000,
    0x0000, 0x0000, 0x0000, 0x0000, 0x0000, 0x0000, 0x0000, 0x0000, 0x0000, 0x0000, 0x0000, 0x0000,
    0x0000, 0x0000, 0x0000, 0x0000, 0x0000, 0x0000, 0x0000, 0x0000, 0x0000, 0x0000, 0x0000, 0x0000,
    0x0000, 0x0000, 0x0000, 0x0000, 0x0000, 0x0000, 0x0000, 0x0000, 0x0000, 0x0000, 0x0000, 0x0000,
    0x0000, 0x0000, 0x0800, 0x0000, 0x0820, 0x3923, 0x8287, 0x9AA7, 0x92A7, 0x9287, 0x9267, 0x9267,
    0x9A67, 0x9A67, 0x9A46, 0xA267, 0xAAA7, 0xAAA7, 0xAAA8, 0xB2A8, 0xB2C8, 0xB2C8, 0xAA87, 0xB288,
    0xBAC8, 0xAA87, 0xAA67, 0xB2A8, 0xC32A, 0xCB4A, 0xCB4A, 0xCB2A, 0xCB4A, 0xCB2A, 0xCB4A, 0xCB2A,
    0xC309, 0xCB2A, 0xCB0A, 0xD36B, 0xE3CC, 0xD38B, 0xCB2A, 0xC309, 0xDB8C, 0xE3CD, 0xCB2A, 0xCB2A,
    0xE3ED, 0xE3ED, 0xE3ED, 0xE3ED, 0xDB8C, 0xD34B, 0xDB8C, 0xDBAC, 0xEC0E, 0xDBCD, 0xCB2A, 0xD36B,
    0xE3ED, 0xDBCC, 0xD36B, 0xDBAC, 0xE42E, 0xEC4F, 0xE40E, 0xEC2E, 0xE42E, 0xE40D, 0xD3CC, 0xDC0D,
    0xC34A, 0xCBAC, 0xE48F, 0x9B4B, 0x1861, 0x0000, 0x0820, 0x0000, 0x0000, 0x0000, 0x0000, 0x0000,
    0x0000, 0x0000, 0x0000, 0x0000, 0x0000, 0x0000, 0x0000, 0x0000, 0x0000, 0x0000, 0x0000, 0x0000,
    0x0000, 0x0000, 0x0000, 0x0000, 0x0000, 0x0000, 0x0000, 0x0000, 0x0000, 0x0000, 0x0000, 0x0000,
    0x0000, 0x0000, 0x0000, 0x0000, 0x0000, 0x0000, 0x0000, 0x0000, 0x0000, 0x0000, 0x0000, 0x0000,
    0x0000, 0x0000, 0x0000, 0x0000, 0x0000, 0x0000, 0x0000, 0x0000, 0x0000, 0x0000, 0x0000, 0x0000,
    0x0000, 0x0000, 0x0000, 0x0000, 0x0000, 0x0000, 0x0000, 0x0000, 0x0000, 0x0000, 0x0000, 0x0000,
    0x0000, 0x0000, 0x0000, 0x0000, 0x0000, 0x0000, 0x0000, 0x0000, 0x0000, 0x0000, 0x0000, 0x0000,
    0x0000, 0x0000, 0x0000, 0x0000, 0x0000, 0x0000, 0x0000, 0x0000, 0x0000, 0x0000, 0x0000, 0x0000,
    0x0000, 0x0000, 0x0000, 0x0000, 0x0000, 0x0000, 0x0000, 0x0000, 0x0000, 0x0000, 0x0000, 0x0000,
    0x0000, 0x0000, 0x0000, 0x0000, 0x0000, 0x0000, 0x0000, 0x0000, 0x0000, 0x0000, 0x0000, 0x0000,
    0x0000, 0x0000, 0x0000, 0x0000, 0x0000, 0x0000, 0x0000, 0x0000, 0x0000, 0x0000, 0x0000, 0x0820,
    0x4964, 0x8AA8, 0x9287, 0x8A67, 0x8A66, 0x8A46, 0x9267, 0x9A67, 0x9A67, 0x9A46, 0x9A46, 0xB2C8,
    0xB2C8, 0xB2C8, 0xB2C8, 0xBAE9, 0xB2C8, 0xB2A8, 0xB2A8, 0xB2A8, 0xBAE8, 0xB2C8, 0xB2A8, 0xBAC8,
    0xCB4A, 0xCB6B, 0xD36B, 0xCB2A, 0xC309, 0xCB2A, 0xD36B, 0xD34B, 0xD38B, 0xD38B, 0xCB2A, 0xD36B,
    0xE3CD, 0xDBAC, 0xDB8C, 0xDBAC, 0xE3CD, 0xE3CD, 0xD38B, 0xD36B, 0xE3ED, 0xE3ED, 0xE3ED, 0xE3ED,
    0xE3CD, 0xE3CD, 0xE3CD, 0xE3ED, 0xEC0E, 0xE3ED, 0xCB4B, 0xD36B, 0xE3ED, 0xE3ED, 0xE3ED, 0xE3ED,
    0xDBED, 0xE40D, 0xEC2E, 0xEC2E, 0xEC2E, 0xE42E, 0xE42D, 0xE44E, 0xCB6B, 0xC38B, 0xDC2E, 0xD42E,
    0xB38B, 0x3944, 0x0000, 0x0820, 0x0000, 0x0000, 0x0000, 0x0000, 0x0000, 0x0000, 0x0000, 0x0000,
    0x0000, 0x0000, 0x0000, 0x0000, 0x0000, 0x0000, 0x0000, 0x0000, 0x0000, 0x0000, 0x0000, 0x0000,
    0x0000, 0x0000, 0x0000, 0x0000, 0x0000, 0x0000, 0x0000, 0x0000, 0x0000, 0x0000, 0x0000, 0x0000,
    0x0000, 0x0000, 0x0000, 0x0000, 0x0000, 0x0000, 0x0000, 0x0000, 0x0000, 0x0000, 0x0000, 0x0000,
    0x0000, 0x0000, 0x0000, 0x0000, 0x0000, 0x0000, 0x0000, 0x0000, 0x0000, 0x0000, 0x0000, 0x0000,
    0x0000, 0x0000, 0x0000, 0x0000, 0x0000, 0x0000, 0x0000, 0x0000, 0x0000, 0x0000, 0x0000, 0x0000,
    0x0000, 0x0000, 0x0000, 0x0000, 0x0000, 0x0000, 0x0000, 0x0000, 0x0000, 0x0000, 0x0000, 0x0000,
    0x0000, 0x0000, 0x0000, 0x0000, 0x0000, 0x0000, 0x0000, 0x0000, 0x0000, 0x0000, 0x0000, 0x0000,
    0x0000, 0x0000, 0x0000, 0x0000, 0x0000, 0x0000, 0x0000, 0x0000, 0x0000, 0x0000, 0x0000, 0x0000,
    0x0000, 0x0000, 0x0000, 0x0000, 0x0000, 0x0000, 0x0000, 0x0000, 0x0000, 0x0000, 0x0000, 0x0000,
    0x0000, 0x0000, 0x0000, 0x0000, 0x0800, 0x0000, 0x0820, 0x51A5, 0x8287, 0x8A87, 0x8A67, 0x8A67,
    0x8A46, 0x9246, 0x9A66, 0xA287, 0xA287, 0xA267, 0x9A26, 0xB2E8, 0xBAE9, 0xB2C8, 0xB2A8, 0xBAC8,
    0xB2C8, 0xB2C8, 0xB2C8, 0xB2C8, 0xBAE9, 0xBAE9, 0xC309, 0xC32A, 0xC32A, 0xCB2A, 0xD36B, 0xCB2A,
    0xC2E9, 0xC309, 0xD38B, 0xD38B, 0xDB8C, 0xDB8B, 0xD34B, 0xCB4A, 0xE3CC, 0xE3ED, 0xE3CD, 0xE3CD,
    0xE3CD, 0xE3ED, 0xEC0E, 0xEC0E, 0xEBED, 0xEBED, 0xE3CD, 0xEBED, 0xEC0E, 0xEC2E, 0xEC0E, 0xEC0E,
    0xEC0E, 0xE40E, 0xE3ED, 0xE40D, 0xEC0E, 0xE40E, 0xE40D, 0xE3ED, 0xEC2E, 0xE40D, 0xE40E, 0xE42E,
    0xEC2E, 0xE42E, 0xE42E, 0xEC4E, 0xDBED, 0xDBCC, 0xDBEC, 0xD3EC, 0xD42D, 0xAB8C, 0x28E2, 0x0000,
    0x0820, 0x0000, 0x0000, 0x0000, 0x0000, 0x0000, 0x0000, 0x0000, 0x0000, 0x0000, 0x0000, 0x0000,
    0x0000, 0x0000, 0x0000, 0x0000, 0x0000, 0x0000, 0x0000, 0x0000, 0x0000, 0x0000, 0x0000, 0x0000,
    0x0000, 0x0000, 0x0000, 0x0000, 0x0000, 0x0000, 0x0000, 0x0000, 0x0000, 0x0000, 0x0000, 0x0000,
    0x0000, 0x0000, 0x0000, 0x0000, 0x0000, 0x0000, 0x0000, 0x0000, 0x0000, 0x0000, 0x0000, 0x0000,
    0x0000, 0x0000, 0x0000, 0x0000, 0x0000, 0x0000, 0x0000, 0x0000, 0x0000, 0x0000, 0x0000, 0x0000,
    0x0000, 0x0000, 0x0000, 0x0000, 0x0000, 0x0000, 0x0000, 0x0000, 0x0000, 0x0000, 0x0000, 0x0000,
    0x0000, 0x0000, 0x0000, 0x0000, 0x0000, 0x0000, 0x0000, 0x0000, 0x0000, 0x0000, 0x0000, 0x0000,
    0x0000, 0x0000, 0x0000, 0x0000, 0x0000, 0x0000, 0x0000, 0x0000, 0x0000, 0x0000, 0x0000, 0x0000,
    0x0000, 0x0000, 0x0000, 0x0000, 0x0000, 0x0000, 0x0000, 0x0000, 0x0000, 0x0000, 0x0000, 0x0000,
    0x0000, 0x0000, 0x0000, 0x0000, 0x0000, 0x0000, 0x0000, 0x0000, 0x0000, 0x0000, 0x0000, 0x0000,
    0x0000, 0x0000, 0x30E2, 0x8A87, 0x9287, 0x8A46, 0x8A66, 0x8A66, 0x9246, 0x9246, 0x9A46, 0xA287,
    0xAA87, 0xA267, 0xA267, 0xB2A8, 0xAA87, 0xAA67, 0xB2C8, 0xBAE8, 0xBAC8, 0xBAE9, 0xBAE9, 0xBAC8,
    0xBAE9, 0xC309, 0xC32A, 0xCB4A, 0xCB2A, 0xCB2A, 0xD36B, 0xD34B, 0xCB2A, 0xCB2A, 0xD36B, 0xD36B,
    0xD36B, 0xDB8B, 0xD38B, 0xDBAC, 0xE3CD, 0xE3ED, 0xE3CD, 0xE3CD, 0xE3ED, 0xE3ED, 0xE3CD, 0xEC0E,
    0xE3ED, 0xE3ED, 0xE3CD, 0xE3CD, 0xE3ED, 0xEC2E, 0xEC0E, 0xE3ED, 0xE3ED, 0xE3ED, 0xEC0E, 0xEC0E,
    0xEC0E, 0xE40D, 0xEC0E, 0xEC0E, 0xEC0E, 0xEC0E, 0xE40E, 0xE40E, 0xE40D, 0xE40D, 0xE40D, 0xE3ED,
    0xDBCC, 0xDBED, 0xDC0D, 0xDC0D, 0xDC2E, 0xDC2D, 0x930A, 0x20A2, 0x0000, 0x0000, 0x0000, 0x0000,
    0x0000, 0x0000, 0x0000, 0x0000, 0x0000, 0x0000, 0x0000, 0x0000, 0x0000, 0x0000, 0x0000, 0x0000,
    0x0000, 0x0000, 0x0000, 0x0000, 0x0000, 0x0000, 0x0000, 0x0000, 0x0000, 0x0000, 0x0000, 0x0000,
    0x0000, 0x0000, 0x0000, 0x0000, 0x0000, 0x0000, 0x0000, 0x0000, 0x0000, 0x0000, 0x0000, 0x0000,
    0x0000, 0x0000, 0x0000, 0x0000, 0x0000, 0x0000, 0x0000, 0x0000, 0x0000, 0x0000, 0x0000, 0x0000,
    0x0000, 0x0000, 0x0000, 0x0000, 0x0000, 0x0000, 0x0000, 0x0000, 0x0000, 0x0000, 0x0000, 0x0000,
    0x0000, 0x0000, 0x0000, 0x0000, 0x0000, 0x0000, 0x0000, 0x0000, 0x0000, 0x0000, 0x0000, 0x0000,
    0x0000, 0x0000, 0x0000, 0x0000, 0x0000, 0x0000, 0x0000, 0x0000, 0x0000, 0x0000, 0x0000, 0x0000,
    0x0000, 0x0000, 0x0000, 0x0000, 0x0000, 0x0000, 0x0000, 0x0000, 0x0000, 0x0000, 0x0000, 0x0000,
    0x0000, 0x0000, 0x0000, 0x0000, 0x0000, 0x0000, 0x0000, 0x0000, 0x0000, 0x0000, 0x0000, 0x0000,
    0x0000, 0x0000, 0x0000, 0x0000, 0x0000, 0x0000, 0x0000, 0x0820, 0x0000, 0x20A1, 0x8287, 0x92A7,
    0x8A67, 0x8A46, 0x8A46, 0x9246, 0x9226, 0x9226, 0xA267, 0xA267, 0xA266, 0xA267, 0xAAA8, 0xB2C8,
    0xAAA8, 0xBAE9, 0xBB09, 0xBAC8, 0xB2A8, 0xBAC8, 0xBAE9, 0xB2C8, 0xB2A8, 0xCB4A, 0xCB4A, 0xC32A,
    0xCB2A, 0xD34B, 0xCB4A, 0xC309, 0xC2E9, 0xC2E9, 0xC309, 0xCB0A, 0xD36B, 0xDBAC, 0xDBAC, 0xDB8C,
    0xE3CD, 0xE3ED, 0xE3CD, 0xE3CD, 0xE3CD, 0xE3ED, 0xE3AC, 0xE3CD, 0xE3ED, 0xE3CD, 0xE3ED, 0xDBAC,
    0xDBAC, 0xEC0E, 0xEC0E, 0xDBAC, 0xE3CD, 0xEC0E, 0xEC0E, 0xE3CD, 0xDBAC, 0xEC0E, 0xEC0E, 0xEC0E,
    0xE3ED, 0xDB8C, 0xDBAC, 0xEC0E, 0xDBCC, 0xD38B, 0xD38B, 0xD38B, 0xDBED, 0xE42E, 0xE42E, 0xDC0D,
    0xE42E, 0xCBCC, 0xD40D, 0x9B4A, 0x0820, 0x0800, 0x0000, 0x0000, 0x0000, 0x0000, 0x0000, 0x0000,
    0x0000, 0x0000, 0x0000, 0x0000, 0x0000, 0x0000, 0x0000, 0x0000, 0x0000, 0x0000, 0x0000, 0x0000,
    0x0000, 0x0000, 0x0000, 0x0000, 0x0000, 0x0000, 0x0000, 0x0000, 0x0000, 0x0000, 0x0000, 0x0000,
    0x0000, 0x0000, 0x0000, 0x0000, 0x0000, 0x0000, 0x0000, 0x0000, 0x0000, 0x0000, 0x0000, 0x0000,
    0x0000, 0x0000, 0x0000, 0x0000, 0x0000, 0x0000, 0x0000, 0x0000, 0x0000, 0x0000, 0x0000, 0x0000,
    0x0000, 0x0000, 0x0000, 0x0000, 0x0000, 0x0000, 0x0000, 0x0000, 0x0000, 0x0000, 0x0000, 0x0000,
    0x0000, 0x0000, 0x0000, 0x0000, 0x0000, 0x0000, 0x0000, 0x0000, 0x0000, 0x0000, 0x0000, 0x0000,
    0x0000, 0x0000, 0x0000, 0x0000, 0x0000, 0x0000, 0x0000, 0x0000, 0x0000, 0x0000, 0x0000, 0x0000,
    0x0000, 0x0000, 0x0000, 0x0000, 0x0000, 0x0000, 0x0000, 0x0000, 0x0000, 0x0000, 0x0000, 0x0000,
    0x0000, 0x0000, 0x0000, 0x0000, 0x0000, 0x0000, 0x0000, 0x0000, 0x0000, 0x0000, 0x0000, 0x0000,
    0x0000, 0x0000, 0x0820, 0x0000, 0x1061, 0x6A26, 0x8A67, 0x8A66, 0x8A66, 0x8A46, 0x9246, 0x9246,
    0x9A46, 0x9A67, 0xAA87, 0xA267, 0xA267, 0xB2C8, 0xAAA8, 0xAA87, 0xAA87, 0xBAE9, 0xBB09, 0xB2A8,
    0xC309, 0xBB09, 0xBB09, 0xB2C8, 0xB2A8, 0xC32A, 0xC32A, 0xCB2A, 0xCB4A, 0xCB4A, 0xCB2A, 0xCB09,
    0xCB09, 0xCB0A, 0xCB2A, 0xCB4A, 0xDB8B, 0xDBAC, 0xDB8B, 0xDB8C, 0xE3ED, 0xE3ED, 0xE3CD, 0xE3CD,
    0xE3CD, 0xE3CD, 0xE3CD, 0xE3AC, 0xE3ED, 0xEBEE, 0xEC0E, 0xE3CD, 0xE3CD, 0xDB8C, 0xE3EE, 0xEC0E,
    0xE3ED, 0xE3ED, 0xEC0E, 0xEBEE, 0xE3ED, 0xEC0E, 0xE3CD, 0xE3ED, 0xEC2E, 0xE40E, 0xE3ED, 0xE40D,
    0xE3ED, 0xE3ED, 0xE3ED, 0xE3ED, 0xE42E, 0xE42E, 0xE40D, 0xDBED, 0xDC2D, 0xDC0D, 0xD40D, 0xD44D,
    0x7267, 0x1040, 0x0000, 0x0000, 0x0000, 0x0000, 0x0000, 0x0000, 0x0000, 0x0000, 0x0000, 0x0000,
    0x0000, 0x0000, 0x0000, 0x0000, 0x0000, 0x0000, 0x0000, 0x0000, 0x0000, 0x0000, 0x0000, 0x0000,
    0x0000, 0x0000, 0x0000, 0x0000, 0x0000, 0x0000, 0x0000, 0x0000, 0x0000, 0x0000, 0x0000, 0x0000,
    0x0000, 0x0000, 0x0000, 0x0000, 0x0000, 0x0000, 0x0000, 0x0000, 0x0000, 0x0000, 0x0000, 0x0000,
    0x0000, 0x0000, 0x0000, 0x0000, 0x0000, 0x0000, 0x0000, 0x0000, 0x0000, 0x0000, 0x0000, 0x0000,
    0x0000, 0x0000, 0x0000, 0x0000, 0x0000, 0x0000, 0x0000, 0x0000, 0x0000, 0x0000, 0x0000, 0x0000,
    0x0000, 0x0000, 0x0000, 0x0000, 0x0000, 0x0000, 0x0000, 0x0000, 0x0000, 0x0000, 0x0000, 0x0000,
    0x0000, 0x0000, 0x0000, 0x0000, 0x0000, 0x0000, 0x0000, 0x0000, 0x0000, 0x0000, 0x0000, 0x0000,
    0x0000, 0x0000, 0x0000, 0x0000, 0x0000, 0x0000, 0x0000, 0x0000, 0x0000, 0x0000, 0x0000, 0x0000,
    0x0000, 0x0000, 0x0000, 0x0000, 0x0000, 0x0000, 0x0000, 0x0000, 0x0000, 0x0000, 0x0000, 0x0820,
    0x5185, 0x8267, 0x8A66, 0x8A46, 0x8A46, 0x9246, 0x9246, 0x9A46, 0xA267, 0xAA87, 0xAA87, 0xAA87,
    0xAAA8, 0xB2C8, 0xAA87, 0xA267, 0xA267, 0xAA87, 0xB2A7, 0xAA87, 0xC34A, 0xC34A, 0xBAC8, 0xAA87,
    0xB2C8, 0xCB4A, 0xC32A, 0xCB4A, 0xCB4A, 0xC32A, 0xCB2A, 0xCB09, 0xCB09, 0xCB2A, 0xCB4A, 0xD36B,
    0xDBAC, 0xE3CD, 0xDBCC, 0xE3CD, 0xE3ED, 0xE3CD, 0xE3CD, 0xE3CD, 0xE3ED, 0xE3ED, 0xE3ED, 0xEBED,
    0xEBED, 0xEBEE, 0xEC2E, 0xEC2E, 0xEC0E, 0xE3CD, 0xEC0E, 0xEC2E, 0xEC0E, 0xEC2E, 0xEC2E, 0xEC2E,
    0xEC2E, 0xE40E, 0xDBCD, 0xE3ED, 0xEC2E, 0xEC2E, 0xEC2E, 0xEC0E, 0xEC0E, 0xEC2E, 0xEC2E, 0xEC2E,
    0xE42E, 0xE40E, 0xEC2E, 0xE42E, 0xE42E, 0xDC2D, 0xD3ED, 0xD40D, 0xC40D, 0x6A47, 0x0800, 0x0820,
    0x0000, 0x0000, 0x0000, 0x0000, 0x0000, 0x0000, 0x0000, 0x0000, 0x0000, 0x0000, 0x0000, 0x0000,
    0x0000, 0x0000, 0x0000, 0x0000, 0x0000, 0x0000, 0x0000, 0x0000, 0x0000, 0x0000, 0x0000, 0x0000,
    0x0000, 0x0000, 0x0000, 0x0000, 0x0000, 0x0000, 0x0000, 0x0000, 0x0000, 0x0000, 0x0000, 0x0000,
    0x0000, 0x0000, 0x0000, 0x0000, 0x0000, 0x0000, 0x0000, 0x0000, 0x0000, 0x0000, 0x0000, 0x0000,
    0x0000, 0x0000, 0x0000, 0x0000, 0x0000, 0x0000, 0x0000, 0x0000, 0x0000, 0x0000, 0x0000, 0x0000,
    0x0000, 0x0000, 0x0000, 0x0000, 0x0000, 0x0000, 0x0000, 0x0000, 0x0000, 0x0000, 0x0000, 0x0000,
    0x0000, 0x0000, 0x0000, 0x0000, 0x0000, 0x0000, 0x0000, 0x0000, 0x0000, 0x0000, 0x0000, 0x0000,
    0x0000, 0x0000, 0x0000, 0x0000, 0x0000, 0x0000, 0x0000, 0x0000, 0x0000, 0x0000, 0x0000, 0x0000,
    0x0000, 0x0000, 0x0000, 0x0000, 0x0000, 0x0000, 0x0000, 0x0000, 0x0000, 0x0000, 0x0000, 0x0000,
    0x0000, 0x0000, 0x0000, 0x0000, 0x0000, 0x0820, 0x0000, 0x4984, 0x8287, 0x8246, 0x8A46, 0x8A46,
    0x9246, 0x9246, 0x9226, 0x9A46, 0xA287, 0xAAA8, 0xA287, 0xB2C8, 0xBB09, 0xAAA7, 0xA267, 0xA267,
    0xA246, 0xAA67, 0xAA67, 0xA246, 0xAA87, 0xB2A8, 0xAA87, 0xAA67, 0xAA67, 0xB2A8, 0xB2A8, 0xB2A8,
    0xB2A8, 0xBAA8, 0xC309, 0xCB2A, 0xCB2A, 0xCB2A, 0xD36B, 0xDBAC, 0xD38B, 0xD36B, 0xE3CD, 0xE3ED,
    0xE3ED, 0xE3ED, 0xE3ED, 0xE3ED, 0xE3ED, 0xD34B, 0xCB2A, 0xD32A, 0xD32A, 0xD32A, 0xCB2B, 0xCB4A,
    0xCB2A, 0xCB2A, 0xCB2A, 0xDBCD, 0xE3ED, 0xD38B, 0xD36B, 0xD36B, 0xDB8C, 0xDB8C, 0xE3ED, 0xEC0E,
    0xE40D, 0xE40D, 0xE40D, 0xE40E, 0xEC2E, 0xEC0E, 0xEC2E, 0xE40E, 0xE40D, 0xE40D, 0xEC2E, 0xE42E,
    0xE42E, 0xE42E, 0xDC0D, 0xCBCC, 0xD42D, 0xC40D, 0x28E2, 0x0000, 0x0820, 0x0000, 0x0000, 0x0000,
    0x0000, 0x0000, 0x0000, 0x0000, 0x0000, 0x0000, 0x0000, 0x0000, 0x0000, 0x0000, 0x0000, 0x0000,
    0x0000, 0x0000, 0x0000, 0x0000, 0x0000, 0x0000, 0x0000, 0x0000, 0x0000, 0x0000, 0x0000, 0x0000,
    0x0000, 0x0000, 0x0000, 0x0000, 0x0000, 0x0000, 0x0000, 0x0000, 0x0000, 0x0000, 0x0000, 0x0000,
    0x0000, 0x0000, 0x0000, 0x0000, 0x0000, 0x0000, 0x0000, 0x0000, 0x0000, 0x0000, 0x0000, 0x0000,
    0x0000, 0x0000, 0x0000, 0x0000, 0x0000, 0x0000, 0x0000, 0x0000, 0x0000, 0x0000, 0x0000, 0x0000,
    0x0000, 0x0000, 0x0000, 0x0000, 0x0000, 0x0000, 0x0000, 0x0000, 0x0000, 0x0000, 0x0000, 0x0000,
    0x0000, 0x0000, 0x0000, 0x0000, 0x0000, 0x0000, 0x0000, 0x0000, 0x0000, 0x0000, 0x0000, 0x0000,
    0x0000, 0x0000, 0x0000, 0x0000, 0x0000, 0x0000, 0x0000, 0x0000, 0x0000, 0x0000, 0x0000, 0x0000,
    0x0000, 0x0000, 0x0000, 0x0000, 0x0000, 0x0000, 0x0000, 0x0000, 0x0000, 0x0000, 0x0000, 0x0000,
    0x0820, 0x0000, 0x20A2, 0x7226, 0x8266, 0x8A46, 0x8A26, 0x8A26, 0x9246, 0x8A26, 0x9226, 0x9A46,
    0xA287, 0xAAA7, 0xAA87, 0xA287, 0xAAA8, 0xAAA8, 0xAA87, 0xAAA8, 0xAAA8, 0xB2A8, 0xB2A8, 0xB2A8,
    0xAA87, 0xB2A8, 0xB2C8, 0xB2A8, 0xB2A8, 0xB2A8, 0xB2A8, 0xBAA8, 0xBAC8, 0xBAE9, 0xCB2A, 0xCB2A,
    0xC2E9, 0xC2E9, 0xC309, 0xC32A, 0xC309, 0xC309, 0xCB4A, 0xD36B, 0xD36B, 0xD36B, 0xD38B, 0xE3ED,
    0xDBAC, 0xCB4A, 0xD34A, 0xD34B, 0xD34B, 0xD34A, 0xCB4A, 0xCB2A, 0xCB2A, 0xD34B, 0xCB4A, 0xDBAC,
    0xDBAC, 0xCB4B, 0xD36B, 0xD36B, 0xD38C, 0xDBAC, 0xEC0E, 0xEC0E, 0xE3ED, 0xE40D, 0xE40D, 0xE40D,
    0xEC0E, 0xEC2E, 0xEC2E, 0xEC2E, 0xE40D, 0xE40D, 0xE42E, 0xE42E, 0xE42E, 0xE42E, 0xDC2E, 0xDC2D,
    0xDC2D, 0xD44E, 0x8B0A, 0x20A2, 0x0000, 0x0820, 0x0000, 0x0000, 0x0000, 0x0000, 0x0000, 0x0000,
    0x0000, 0x0000, 0x0000, 0x0000, 0x0000, 0x0000, 0x0000, 0x0000, 0x0000, 0x0000, 0x0000, 0x0000,
    0x0000, 0x0000, 0x0000, 0x0000, 0x0000, 0x0000, 0x0000, 0x0000, 0x0000, 0x0000, 0x0000, 0x0000,
    0x0000, 0x0000, 0x0000, 0x0000, 0x0000, 0x0000, 0x0000, 0x0000, 0x0000, 0x0000, 0x0000, 0x0000,
    0x0000, 0x0000, 0x0000, 0x0000, 0x0000, 0x0000, 0x0000, 0x0000, 0x0000, 0x0000, 0x0000, 0x0000,
    0x0000, 0x0000, 0x0000, 0x0000, 0x0000, 0x0000, 0x0000, 0x0000, 0x0000, 0x0000, 0x0000, 0x0000,
    0x0000, 0x0000, 0x0000, 0x0000, 0x0000, 0x0000, 0x0000, 0x0000, 0x0000, 0x0000, 0x0000, 0x0000,
    0x0000, 0x0000, 0x0000, 0x0000, 0x0000, 0x0000, 0x0000, 0x0000, 0x0000, 0x0000, 0x0000, 0x0000,
    0x0000, 0x0000, 0x0000, 0x0000, 0x0000, 0x0000, 0x0000, 0x0000, 0x0000, 0x0000, 0x0000, 0x0000,
    0x0000, 0x0000, 0x0000, 0x0000, 0x0000, 0x0000, 0x0000, 0x0000, 0x0000, 0x0820, 0x51A4, 0x8A67,
    0x8226, 0x8A26, 0x8A26, 0x9246, 0x9246, 0x8A06, 0x8A05, 0x9226, 0x9A26, 0x9A46, 0xAA87, 0xAA87,
    0xAA87, 0xB2A8, 0xB2E8, 0xBAE9, 0xB2C8, 0xB2C8, 0xC309, 0xC309, 0xC309, 0xC32A, 0xC34A, 0xC32A,
    0xC32A, 0xCB4A, 0xC32A, 0xC309, 0xC309, 0xC32A, 0xD38B, 0xCB4A, 0xB2A8, 0xB2A8, 0xBAA8, 0xB2A8,
    0xBAA8, 0xC2E9, 0xBAC8, 0xBAC8, 0xC2E9, 0xC2E9, 0xC309, 0xDBCD, 0xD34B, 0xDB8C, 0xEBED, 0xE3ED,
    0xE3ED, 0xE3CD, 0xE3ED, 0xE3CD, 0xDBAC, 0xEC0E, 0xEC0E, 0xE3ED, 0xD36B, 0xE3ED, 0xEC2E, 0xEC0E,
    0xEC2E, 0xEC2E, 0xEC4F, 0xEC0E, 0xE3ED, 0xE40D, 0xE3ED, 0xEC0E, 0xEC2E, 0xEC4F, 0xEC2E, 0xEC0E,
    0xE40E, 0xE40D, 0xE40E, 0xE42D, 0xE40D, 0xE42D, 0xDC0D, 0xDC2D, 0xDC2D, 0xD42D, 0xCC4E, 0x7AA8,
    0x0820, 0x0800, 0x0800, 0x0000, 0x0000, 0x0000, 0x0000, 0x0000, 0x0000, 0x0000, 0x0000, 0x0000,
    0x0000, 0x0000, 0x0000, 0x0000, 0x0000, 0x0000, 0x0000, 0x0000, 0x0000, 0x0000, 0x0000, 0x0000,
    0x0000, 0x0000, 0x0000, 0x0000, 0x0000, 0x0000, 0x0000, 0x0000, 0x0000, 0x0000, 0x0000, 0x0000,
    0x0000, 0x0000, 0x0000, 0x0000, 0x0000, 0x0000, 0x0000, 0x0000, 0x0000, 0x0000, 0x0000, 0x0000,
    0x0000, 0x0000, 0x0000, 0x0000, 0x0000, 0x0000, 0x0000, 0x0000, 0x0000, 0x0000, 0x0000, 0x0000,
    0x0000, 0x0000, 0x0000, 0x0000, 0x0000, 0x0000, 0x0000, 0x0000, 0x0000, 0x0000, 0x0000, 0x0000,
    0x0000, 0x0000, 0x0000, 0x0000, 0x0000, 0x0000, 0x0000, 0x0000, 0x0000, 0x0000, 0x0000, 0x0000,
    0x0000, 0x0000, 0x0000, 0x0000, 0x0000, 0x0000, 0x0000, 0x0000, 0x0000, 0x0000, 0x0000, 0x0000,
    0x0000, 0x0000, 0x0000, 0x0000, 0x0000, 0x0000, 0x0000, 0x0000, 0x0000, 0x0000, 0x0000, 0x0000,
    0x0000, 0x0000, 0x0000, 0x0820, 0x0000, 0x3923, 0x7247, 0x8A66, 0x9266, 0x9246, 0x8A26, 0x8A26,
    0x8A26, 0x8A06, 0x8A05, 0x9226, 0x9A46, 0xA267, 0xAA87, 0xAAA8, 0xBB09, 0xAAA7, 0xA246, 0xA267,
    0xA246, 0xAA87, 0xC309, 0xBAE9, 0xBAE9, 0xC329, 0xC32A, 0xBB09, 0xBAE9, 0xB2A8, 0xC34A, 0xCB2A,
    0xC2E9, 0xBAC8, 0xCB4A, 0xD36B, 0xC2E9, 0xBAC9, 0xD36B, 0xCB2A, 0xCB2A, 0xDBAC, 0xD36B, 0xCB0A,
    0xDBAC, 0xE3CD, 0xE3ED, 0xE3ED, 0xE3ED, 0xE3ED, 0xE3CD, 0xE3CD, 0xE3CD, 0xE3CD, 0xE3AC, 0xDB8B,
    0xDBCC, 0xEC0E, 0xE3ED, 0xE3ED, 0xD38C, 0xDBCD, 0xEC0E, 0xE3CD, 0xE3ED, 0xE3ED, 0xEC0E, 0xEC0E,
    0xEC2E, 0xEC2F, 0xEC0E, 0xEC2E, 0xF44F, 0xEC2E, 0xDBAC, 0xD36B, 0xE3ED, 0xE3ED, 0xDBEC, 0xE42E,
    0xEC4E, 0xEC4E, 0xDC0D, 0xD3EC, 0xD40D, 0xD40C, 0xDC2D, 0xCC2D, 0x6A27, 0x0000, 0x0820, 0x0000,
    0x0000, 0x0000, 0x0000, 0x0000, 0x0000, 0x0000, 0x0000, 0x0000, 0x0000, 0x0000, 0x0000, 0x0000,
    0x0000, 0x0000, 0x0000, 0x0000, 0x0000, 0x0000, 0x0000, 0x0000, 0x0000, 0x0000, 0x0000, 0x0000,
    0x0000, 0x0000, 0x0000, 0x0000, 0x0000, 0x0000, 0x0000, 0x0000, 0x0000, 0x0000, 0x0000, 0x0000,
    0x0000, 0x0000, 0x0000, 0x0000, 0x0000, 0x0000, 0x0000, 0x0000, 0x0000, 0x0000, 0x0000, 0x0000,
    0x0000, 0x0000, 0x0000, 0x0000, 0x0000, 0x0000, 0x0000, 0x0000, 0x0000, 0x0000, 0x0000, 0x0000,
    0x0000, 0x0000, 0x0000, 0x0000, 0x0000, 0x0000, 0x0000, 0x0000, 0x0000, 0x0000, 0x0000, 0x0000,
    0x0000, 0x0000, 0x0000, 0x0000, 0x0000, 0x0000, 0x0000, 0x0000, 0x0000, 0x0000, 0x0000, 0x0000,
    0x0000, 0x0000, 0x0000, 0x0000, 0x0000, 0x0000, 0x0000, 0x0000, 0x0000, 0x0000, 0x0000, 0x0000,
    0x0000, 0x0000, 0x0000, 0x0000, 0x0000, 0x0000, 0x0000, 0x0000, 0x0000, 0x0000, 0x0820, 0x0000,
    0x1040, 0x6A26, 0x8266, 0x8226, 0x8A46, 0x9246, 0x9226, 0x9226, 0x8A05, 0x9206, 0x9226, 0xA267,
    0xAA87, 0xA267, 0xA267, 0xA266, 0xAA87, 0xA267, 0xA267, 0xA267, 0xA246, 0xAA87, 0xBAE8, 0xAA67,
    0xAA67, 0xBAE9, 0xC329, 0xBAE9, 0xBB09, 0xBAE9, 0xCB4A, 0xCB4A, 0xC309, 0xB2A8, 0xCB4A, 0xDBAC,
    0xD36B, 0xCB2A, 0xD38C, 0xCB4A, 0xC309, 0xDBCC, 0xD36B, 0xD38B, 0xE3CC, 0xE3CD, 0xE3ED, 0xE3ED,
    0xE3ED, 0xE3ED, 0xE3CD, 0xE3CD, 0xE3CD, 0xE3CD, 0xE3CD, 0xDBAC, 0xE3CD, 0xEC0E, 0xE3CD, 0xE3ED,
    0xE3CD, 0xE3ED, 0xEC0D, 0xE3AC, 0xE3ED, 0xE3ED, 0xEC0E, 0xEC2E, 0xEC0E, 0xEC0E, 0xEC2E, 0xEC4F,
    0xEC4F, 0xEC2E, 0xE3ED, 0xE3ED, 0xEC0E, 0xE40D, 0xDBCD, 0xDBED, 0xDBEC, 0xDBED, 0xE42E, 0xE44E,
    0xD3EC, 0xD3EC, 0xD40D, 0xDC4D, 0xAB6B, 0x20C2, 0x0000, 0x0820, 0x0000, 0x0000, 0x0000, 0x0000,
    0x0000, 0x0000, 0x0000, 0x0000, 0x0000, 0x0000, 0x0000, 0x0000, 0x0000, 0x0000, 0x0000, 0x0000,
    0x0000, 0x0000, 0x0000, 0x0000, 0x0000, 0x0000, 0x0000, 0x0000, 0x0000, 0x0000, 0x0000, 0x0000,
    0x0000, 0x0000, 0x0000, 0x0000, 0x0000, 0x0000, 0x0000, 0x0000, 0x0000, 0x0000, 0x0000, 0x0000,
    0x0000, 0x0000, 0x0000, 0x0000, 0x0000, 0x0000, 0x0000, 0x0000, 0x0000, 0x0000, 0x0000, 0x0000,
    0x0000, 0x0000, 0x0000, 0x0000, 0x0000, 0x0000, 0x0000, 0x0000, 0x0000, 0x0000, 0x0000, 0x0000,
    0x0000, 0x0000, 0x0000, 0x0000, 0x0000, 0x0000, 0x0000, 0x0000, 0x0000, 0x0000, 0x0000, 0x0000,
    0x0000, 0x0000, 0x0000, 0x0000, 0x0000, 0x0000, 0x0000, 0x0000, 0x0000, 0x0000, 0x0000, 0x0000,
    0x0000, 0x0000, 0x0000, 0x0000, 0x0000, 0x0000, 0x0000, 0x0000, 0x0000, 0x0000, 0x0000, 0x0000,
    0x0000, 0x0000, 0x0000, 0x0000, 0x0000, 0x0000, 0x0000, 0x0820, 0x3103, 0x7A47, 0x8246, 0x8205,
    0x8205, 0x8A05, 0x9226, 0x9226, 0x9226, 0x9226, 0x9A67, 0xA267, 0xA287, 0xA246, 0xA246, 0x9A46,
    0x9A26, 0xA246, 0xAA87, 0xAA67, 0xAA67, 0xAAA8, 0xB2C8, 0xAA87, 0xAA67, 0xBAC8, 0xBB09, 0xBB09,
    0xC30A, 0xC32A, 0xBB09, 0xBAE9, 0xC30A, 0xBAC9, 0xCB4B, 0xDBAC, 0xDBAC, 0xD38B, 0xDBAC, 0xD36B,
    0xC309, 0xDBAC, 0xCB4A, 0xE3CD, 0xE3CD, 0xE3CD, 0xE3CD, 0xE3CD, 0xE3CD, 0xE3CD, 0xE3CD, 0xE3CD,
    0xE3CD, 0xE3CD, 0xE3ED, 0xE3ED, 0xE3ED, 0xE3ED, 0xE3CD, 0xE3ED, 0xE3ED, 0xEC0D, 0xE3ED, 0xE3ED,
    0xE3ED, 0xEBED, 0xEC0E, 0xEC0E, 0xE3CD, 0xE3ED, 0xEC0E, 0xEC0E, 0xEC0E, 0xEC4F, 0xF44F, 0xF44F,
    0xEC2E, 0xEC0E, 0xEC2E, 0xDBED, 0xCB8B, 0xCB8B, 0xDC0D, 0xE44E, 0xDBED, 0xD3CC, 0xD3EC, 0xD40C,
    0xCC2D, 0x72A8, 0x0000, 0x0820, 0x0000, 0x0000, 0x0000, 0x0000, 0x0000, 0x0000, 0x0000, 0x0000,
    0x0000, 0x0000, 0x0000, 0x0000, 0x0000, 0x0000, 0x0000, 0x0000, 0x0000, 0x0000, 0x0000, 0x0000,
    0x0000, 0x0000, 0x0000, 0x0000, 0x0000, 0x0000, 0x0000, 0x0000, 0x0000, 0x0000, 0x0000, 0x0000,
    0x0000, 0x0000, 0x0000, 0x0000, 0x0000, 0x0000, 0x0000, 0x0000, 0x0000, 0x0000, 0x0000, 0x0000,
    0x0000, 0x0000, 0x0000, 0x0000, 0x0000, 0x0000, 0x0000, 0x0000, 0x0000, 0x0000, 0x0000, 0x0000,
    0x0000, 0x0000, 0x0000, 0x0000, 0x0000, 0x0000, 0x0000, 0x0000, 0x0000, 0x0000, 0x0000, 0x0000,
    0x0000, 0x0000, 0x0000, 0x0000, 0x0000, 0x0000, 0x0000, 0x0000, 0x0000, 0x0000, 0x0000, 0x0000,
    0x0000, 0x0000, 0x0000, 0x0000, 0x0000, 0x0000, 0x0000, 0x0000, 0x0000, 0x0000, 0x0000, 0x0000,
    0x0000, 0x0000, 0x0000, 0x0000, 0x0000, 0x0000, 0x0000, 0x0000, 0x0000, 0x0000, 0x0000, 0x0000,
    0x0000, 0x0820, 0x0000, 0x28C2, 0x6A06, 0x7A26, 0x8226, 0x8A26, 0x8A25, 0x8A05, 0x8A05, 0x9246,
    0x9226, 0x9A46, 0xAAA8, 0xAAC8, 0xAA87, 0xA247, 0xA246, 0xA246, 0xA246, 0xAA87, 0xB2A8, 0xAA87,
    0xAA87, 0xBAC8, 0xBAE9, 0xBB09, 0xC32A, 0xC32A, 0xBAE9, 0xC30A, 0xBAC8, 0xB2C8, 0xB2C8, 0xB2A8,
    0xBAE9, 0xCB6B, 0xD34B, 0xD36B, 0xD36B, 0xD36B, 0xDB8C, 0xD36B, 0xCB0A, 0xD36B, 0xD34B, 0xE3ED,
    0xE3ED, 0xE3ED, 0xE3ED, 0xE3ED, 0xE3CD, 0xE3ED, 0xE3CD, 0xE3CD, 0xE3ED, 0xE3ED, 0xEBED, 0xE3ED,
    0xE3CD, 0xE3CD, 0xE3ED, 0xE3ED, 0xE3ED, 0xEC2E, 0xEC0E, 0xEC0E, 0xEC0E, 0xEC0E, 0xEC0E, 0xE3ED,
    0xE3CD, 0xEC2E, 0xEC2E, 0xE3ED, 0xEC2E, 0xFCB0, 0xF46F, 0xEC0E, 0xEC0E, 0xEC2E, 0xEC2E, 0xEC2E,
    0xEC4E, 0xE40D, 0xD3AC, 0xDBED, 0xE46E, 0xDC4E, 0xDC0D, 0xD40D, 0xDC6E, 0xB3CC, 0x1881, 0x0000,
    0x0800, 0x0000, 0x0000, 0x0000, 0x0000, 0x0000, 0x0000, 0x0000, 0x0000, 0x0000, 0x0000, 0x0000,
    0x0000, 0x0000, 0x0000, 0x0000, 0x0000, 0x0000, 0x0000, 0x0000, 0x0000, 0x0000, 0x0000, 0x0000,
    0x0000, 0x0000, 0x0000, 0x0000, 0x0000, 0x0000, 0x0000, 0x0000, 0x0000, 0x0000, 0x0000, 0x0000,
    0x0000, 0x0000, 0x0000, 0x0000, 0x0000, 0x0000, 0x0000, 0x0000, 0x0000, 0x0000, 0x0000, 0x0000,
    0x0000, 0x0000, 0x0000, 0x0000, 0x0000, 0x0000, 0x0000, 0x0000, 0x0000, 0x0000, 0x0000, 0x0000,
    0x0000, 0x0000, 0x0000, 0x0000, 0x0000, 0x0000, 0x0000, 0x0000, 0x0000, 0x0000, 0x0000, 0x0000,
    0x0000, 0x0000, 0x0000, 0x0000, 0x0000, 0x0000, 0x0000, 0x0000, 0x0000, 0x0000, 0x0000, 0x0000,
    0x0000, 0x0000, 0x0000, 0x0000, 0x0000, 0x0000, 0x0000, 0x0000, 0x0000, 0x0000, 0x0000, 0x0000,
    0x0000, 0x0000, 0x0000, 0x0000, 0x0000, 0x0000, 0x0000, 0x0000, 0x0000, 0x0820, 0x0000, 0x4143,
    0x7A46, 0x8226, 0x8226, 0x8A26, 0x8A26, 0x9246, 0x9226, 0xA287, 0xAAA8, 0xAAC8, 0xAAC8, 0xA246,
    0xA246, 0xAA87, 0xB2A8, 0xB2A8, 0xAA67, 0xAA67, 0xAA67, 0xAA67, 0xA247, 0xB2A8, 0xBAC8, 0xB2A8,
    0xAA87, 0xB2A8, 0xAA87, 0xBAE9, 0xBAE9, 0xB2C8, 0xB2A8, 0xB287, 0xB287, 0xB2A8, 0xBAC8, 0xBAC9,
    0xBAC8, 0xBAC8, 0xBAC9, 0xBAC8, 0xCB2A, 0xDBAC, 0xDB8C, 0xCB4A, 0xCB2A, 0xCB2A, 0xCB2A, 0xCB0A,
    0xCB2A, 0xCB2A, 0xDBAC, 0xDB8C, 0xD34A, 0xCB2A, 0xCB2A, 0xCB2A, 0xCB2A, 0xCB2A, 0xDBCD, 0xE3ED,
    0xDB8C, 0xDB8C, 0xE3AC, 0xEC0E, 0xEC2E, 0xEC2E, 0xEC0E, 0xEC2E, 0xEC0E, 0xEC0E, 0xE3ED, 0xE3CD,
    0xEC2E, 0xF46F, 0xE3ED, 0xEC2E, 0xEC2E, 0xE3ED, 0xE3ED, 0xEC2E, 0xEC2E, 0xE40D, 0xE42E, 0xE40D,
    0xDC0D, 0xDBED, 0xDC0D, 0xDC4D, 0xDC4E, 0xD44E, 0x6227, 0x0000, 0x0800, 0x0000, 0x0000, 0x0000,
    0x0000, 0x0000, 0x0000, 0x0000, 0x0000, 0x0000, 0x0000, 0x0000, 0x0000, 0x0000, 0x0000, 0x0000,
    0x0000, 0x0000, 0x0000, 0x0000, 0x0000, 0x0000, 0x0000, 0x0000, 0x0000, 0x0000, 0x0000, 0x0000,
    0x0000, 0x0000, 0x0000, 0x0000, 0x0000, 0x0000, 0x0000, 0x0000, 0x0000, 0x0000, 0x0000, 0x0000,
    0x0000, 0x0000, 0x0000, 0x0000, 0x0000, 0x0000, 0x0000, 0x0000, 0x0000, 0x0000, 0x0000, 0x0000,
    0x0000, 0x0000, 0x0000, 0x0000, 0x0000, 0x0000, 0x0000, 0x0000, 0x0000, 0x0000, 0x0000, 0x0000,
    0x0000, 0x0000, 0x0000, 0x0000, 0x0000, 0x0000, 0x0000, 0x0000, 0x0000, 0x0000, 0x0000, 0x0000,
    0x0000, 0x0000, 0x0000, 0x0000, 0x0000, 0x0000, 0x0000, 0x0000, 0x0000, 0x0000, 0x0000, 0x0000,
    0x0000, 0x0000, 0x0000, 0x0000, 0x0000, 0x0000, 0x0000, 0x0000, 0x0000, 0x0000, 0x0000, 0x0000,
    0x0000, 0x0000, 0x0000, 0x0000, 0x0000, 0x0000, 0x1040, 0x51A5, 0x7A46, 0x8226, 0x8205, 0x8A26,
    0x9226, 0x9246, 0x9A67, 0xA287, 0xAAC8, 0xBB09, 0xAAC8, 0xA246, 0xA267, 0xAA87, 0xB2A8, 0xBAE9,
    0xAA87, 0xA246, 0xA246, 0xA246, 0xA246, 0xAA67, 0xB2A8, 0xB288, 0xA246, 0xA246, 0xB288, 0xBAE9,
    0xC309, 0xBAE9, 0xBAE9, 0xBAC8, 0xAA67, 0xAA67, 0xB288, 0xB287, 0xAA67, 0xAA46, 0xAA47, 0xAA47,
    0xBAE9, 0xD36B, 0xD36B, 0xBAA8, 0xB288, 0xBAA8, 0xB288, 0xB287, 0xBAA8, 0xBAC9, 0xD36B, 0xCB2A,
    0xC2C9, 0xC2C9, 0xC2C9, 0xC2C9, 0xC2C9, 0xC2C9, 0xD36B, 0xE3ED, 0xCB2A, 0xCB2A, 0xDB8C, 0xEC0E,
    0xF44F, 0xEC0E, 0xDBAC, 0xEC2E, 0xF46F, 0xEC2E, 0xDBAC, 0xE3CD, 0xE40D, 0xEC0D, 0xE3ED, 0xF44F,
    0xF44F, 0xEC2E, 0xEC2E, 0xEC4E, 0xEC2E, 0xE40D, 0xEC4E, 0xE42D, 0xD3CC, 0xD3AB, 0xD3CC, 0xD40D,
    0xDC4D, 0xDC6E, 0xABCC, 0x20C2, 0x0000, 0x0820, 0x0000, 0x0000, 0x0000, 0x0000, 0x0000, 0x0000,
    0x0000, 0x0000, 0x0000, 0x0000, 0x0000, 0x0000, 0x0000, 0x0000, 0x0000, 0x0000, 0x0000, 0x0000,
    0x0000, 0x0000, 0x0000, 0x0000, 0x0000, 0x0000, 0x0000, 0x0000, 0x0000, 0x0000, 0x0000, 0x0000,
    0x0000, 0x0000, 0x0000, 0x0000, 0x0000, 0x0000, 0x0000, 0x0000, 0x0000, 0x0000, 0x0000, 0x0000,
    0x0000, 0x0000, 0x0000, 0x0000, 0x0000, 0x0000, 0x0000, 0x0000, 0x0000, 0x0000, 0x0000, 0x0000,
    0x0000, 0x0000, 0x0000, 0x0000, 0x0000, 0x0000, 0x0000, 0x0000, 0x0000, 0x0000, 0x0000, 0x0000,
    0x0000, 0x0000, 0x0000, 0x0000, 0x0000, 0x0000, 0x0000, 0x0000, 0x0000, 0x0000, 0x0000, 0x0000,
    0x0000, 0x0000, 0x0000, 0x0000, 0x0000, 0x0000, 0x0000, 0x0000, 0x0000, 0x0000, 0x0000, 0x0000,
    0x0000, 0x0000, 0x0000, 0x0000, 0x0000, 0x0000, 0x0000, 0x0000, 0x0000, 0x0000, 0x0000, 0x0000,
    0x0820, 0x0000, 0x3123, 0x7246, 0x7A46, 0x7A26, 0x8225, 0x8A26, 0x8A26, 0x9226, 0x9A67, 0x9226,
    0x9205, 0x9A46, 0x9A26, 0xA267, 0xC32A, 0xC32A, 0xBB09, 0xB2A8, 0xB2A8, 0xB2C8, 0xBAE9, 0xAA87,
    0xA247, 0xA247, 0xAA67, 0xAA67, 0xAA67, 0xB2A8, 0xBAC8, 0xBAE9, 0xBAE9, 0xBAC8, 0xBAC8, 0xC2E9,
    0xBAE9, 0xC309, 0xD36B, 0xCB4A, 0xC2E9, 0xBAC8, 0xBAA8, 0xB2A8, 0xB288, 0xB2A8, 0xBAA8, 0xBAC8,
    0xC2E9, 0xC2E9, 0xBAC9, 0xBAA8, 0xD34B, 0xDB8C, 0xD34B, 0xCB2A, 0xCB2A, 0xCB0A, 0xCB0A, 0xCB09,
    0xC2E9, 0xC2C8, 0xC2E9, 0xCB2A, 0xE3CD, 0xE3CD, 0xDB8C, 0xDBAC, 0xEC2E, 0xEC0E, 0xD36B, 0xDBCC,
    0xDB8C, 0xDB8C, 0xDBAC, 0xDBAC, 0xE3CD, 0xDBCC, 0xEC4F, 0xF44F, 0xF46F, 0xEC2E, 0xEC2E, 0xE3ED,
    0xE3ED, 0xE42E, 0xE42E, 0xE42E, 0xDBEC, 0xCB8B, 0xCBAB, 0xCBCC, 0xDC2D, 0xDC6E, 0xDC8E, 0x6227,
    0x0000, 0x0800, 0x0000, 0x0000, 0x0000, 0x0000, 0x0000, 0x0000, 0x0000, 0x0000, 0x0000, 0x0000,
    0x0000, 0x0000, 0x0000, 0x0000, 0x0000, 0x0000, 0x0000, 0x0000, 0x0000, 0x0000, 0x0000, 0x0000,
    0x0000, 0x0000, 0x0000, 0x0000, 0x0000, 0x0000, 0x0000, 0x0000, 0x0000, 0x0000, 0x0000, 0x0000,
    0x0000, 0x0000, 0x0000, 0x0000, 0x0000, 0x0000, 0x0000, 0x0000, 0x0000, 0x0000, 0x0000, 0x0000,
    0x0000, 0x0000, 0x0000, 0x0000, 0x0000, 0x0000, 0x0000, 0x0000, 0x0000, 0x0000, 0x0000, 0x0000,
    0x0000, 0x0000, 0x0000, 0x0000, 0x0000, 0x0000, 0x0000, 0x0000, 0x0000, 0x0000, 0x0000, 0x0000,
    0x0000, 0x0000, 0x0000, 0x0000, 0x0000, 0x0000, 0x0000, 0x0000, 0x0000, 0x0000, 0x0000, 0x0000,
    0x0000, 0x0000, 0x0000, 0x0000, 0x0000, 0x0000, 0x0000, 0x0000, 0x0000, 0x0000, 0x0000, 0x0000,
    0x0000, 0x0000, 0x0000, 0x0000, 0x0000, 0x0000, 0x0000, 0x0000, 0x0000, 0x0820, 0x4964, 0x7A46,
    0x7A26, 0x7A25, 0x8205, 0x8225, 0x8A26, 0x9246, 0x9226, 0x9225, 0x9A46, 0xA247, 0xA267, 0xAAA8,
    0xBB09, 0xB2C8, 0xAA88, 0xAA87, 0xB288, 0xAA87, 0xAA87, 0xAA67, 0xA246, 0xAA67, 0xAA87, 0xAA47,
    0xA246, 0xB2A8, 0xB2A8, 0xB2A8, 0xB287, 0xAA67, 0xB2A8, 0xC2E9, 0xBAC9, 0xC309, 0xCB2A, 0xC309,
    0xC309, 0xC30A, 0xCB2A, 0xCB4A, 0xCB4A, 0xCB4B, 0xDBAC, 0xDB8C, 0xDB8C, 0xDBAC, 0xDBAC, 0xDB8C,
    0xDBAC, 0xDBAC, 0xCB2A, 0xC2E9, 0xC2C9, 0xC2C9, 0xC2C9, 0xCB2A, 0xD34B, 0xCB2A, 0xD34B, 0xD36B,
    0xDBAC, 0xDBAC, 0xDB8C, 0xDB8C, 0xE3EE, 0xEC2E, 0xE40E, 0xE3ED, 0xE3ED, 0xEC2E, 0xEC4F, 0xEC4F,
    0xEC2E, 0xF46F, 0xF490, 0xF44F, 0xF44F, 0xEC0E, 0xEC2E, 0xE40E, 0xE40D, 0xE40D, 0xE40D, 0xE42D,
    0xE42E, 0xDC0D, 0xDC2D, 0xDC4E, 0xDC4E, 0xD44D, 0xD44D, 0xABAC, 0x28E2, 0x0000, 0x0820, 0x0000,
    0x0000, 0x0000, 0x0000, 0x0000, 0x0000, 0x0000, 0x0000, 0x0000, 0x0000, 0x0000, 0x0000, 0x0000,
    0x0000, 0x0000, 0x0000, 0x0000, 0x0000, 0x0000, 0x0000, 0x0000, 0x0000, 0x0000, 0x0000, 0x0000,
    0x0000, 0x0000, 0x0000, 0x0000, 0x0000, 0x0000, 0x0000, 0x0000, 0x0000, 0x0000, 0x0000, 0x0000,
    0x0000, 0x0000, 0x0000, 0x0000, 0x0000, 0x0000, 0x0000, 0x0000, 0x0000, 0x0000, 0x0000, 0x0000,
    0x0000, 0x0000, 0x0000, 0x0000, 0x0000, 0x0000, 0x0000, 0x0000, 0x0000, 0x0000, 0x0000, 0x0000,
    0x0000, 0x0000, 0x0000, 0x0000, 0x0000, 0x0000, 0x0000, 0x0000, 0x0000, 0x0000, 0x0000, 0x0000,
    0x0000, 0x0000, 0x0000, 0x0000, 0x0000, 0x0000, 0x0000, 0x0000, 0x0000, 0x0000, 0x0000, 0x0000,
    0x0000, 0x0000, 0x0000, 0x0000, 0x0000, 0x0000, 0x0000, 0x0000, 0x0000, 0x0000, 0x0000, 0x0000,
    0x0000, 0x0000, 0x0000, 0x0800, 0x0000, 0x1040, 0x59A5, 0x7226, 0x7A26, 0x8225, 0x7A05, 0x79E5,
    0x8A25, 0x8A26, 0x8A26, 0x9A46, 0xAA87, 0xA267, 0xAAA8, 0xB2C9, 0xAAA8, 0xA267, 0xAA87, 0xAA67,
    0xAA87, 0xA246, 0xA226, 0x9A26, 0xA246, 0xB288, 0xB2C8, 0xAA87, 0xA226, 0xB288, 0xBAC8, 0xB288,
    0xB2A8, 0xB287, 0xB2A8, 0xC2E9, 0xBAC8, 0xBAC8, 0xBAC8, 0xBAC8, 0xC2E9, 0xCB2A, 0xCB2A, 0xCB4A,
    0xCB4A, 0xD34B, 0xDBCC, 0xDBAC, 0xE3CC, 0xDBAC, 0xE3AC, 0xE3CD, 0xDB8C, 0xCB2A, 0xCB0A, 0xC2E9,
    0xC2C9, 0xC2C9, 0xBA88, 0xCB0A, 0xDB8C, 0xDB8C, 0xDB8C, 0xDB8C, 0xDB8C, 0xDB8C, 0xDB8C, 0xDBCD,
    0xEC2E, 0xEC2E, 0xF490, 0xEC4F, 0xEC4F, 0xFC90, 0xFCB1, 0xFCB0, 0xEC4E, 0xF46F, 0xF46F, 0xEC4F,
    0xEC4F, 0xEC2E, 0xEC4E, 0xEC4F, 0xEC4E, 0xDC0D, 0xDC0D, 0xE42D, 0xE44E, 0xE44E, 0xDC0D, 0xDC2D,
    0xD40D, 0xCBCC, 0xD44D, 0xCC4E, 0x3123, 0x0000, 0x0820, 0x0000, 0x0000, 0x0000, 0x0000, 0x0000,
    0x0000, 0x0000, 0x0000, 0x0000, 0x0000, 0x0000, 0x0000, 0x0000, 0x0000, 0x0000, 0x0000, 0x0000,
    0x0000, 0x0000, 0x0000, 0x0000, 0x0000, 0x0000, 0x0000, 0x0000, 0x0000, 0x0000, 0x0000, 0x0000,
    0x0000, 0x0000, 0x0000, 0x0000, 0x0000, 0x0000, 0x0000, 0x0000, 0x0000, 0x0000, 0x0000, 0x0000,
    0x0000, 0x0000, 0x0000, 0x0000, 0x0000, 0x0000, 0x0000, 0x0000, 0x0000, 0x0000, 0x0000, 0x0000,
    0x0000, 0x0000, 0x0000, 0x0000, 0x0000, 0x0000, 0x0000, 0x0000, 0x0000, 0x0000, 0x0000, 0x0000,
    0x0000, 0x0000, 0x0000, 0x0000, 0x0000, 0x0000, 0x0000, 0x0000, 0x0000, 0x0000, 0x0000, 0x0000,
    0x0000, 0x0000, 0x0000, 0x0000, 0x0000, 0x0000, 0x0000, 0x0000, 0x0000, 0x0000, 0x0000, 0x0000,
    0x0000, 0x0000, 0x0000, 0x0000, 0x0000, 0x0000, 0x0000, 0x0000, 0x0000, 0x0000, 0x0000, 0x0800,
    0x0000, 0x20C2, 0x6A05, 0x7225, 0x7205, 0x7A05, 0x7A05, 0x8225, 0x8A26, 0x9246, 0x9226, 0xA287,
    0xAAA8, 0xAAA8, 0xAAA8, 0xAA87, 0xAAA8, 0xAA87, 0xB2C8, 0xB2A8, 0xAA88, 0xAA87, 0xAA87, 0xAA67,
    0xB2A8, 0xBAC8, 0xB2A8, 0xB287, 0xAA67, 0xB287, 0xB2C8, 0xB2A8, 0xBAC9, 0xAA67, 0xB2A8, 0xD38B,
    0xC2E9, 0xAA47, 0xAA67, 0xAA47, 0xAA67, 0xC2E9, 0xC2C9, 0xBAA8, 0xBAC8, 0xC2E9, 0xD34B, 0xCB4A,
    0xE3CD, 0xDBAC, 0xDB8C, 0xDBAC, 0xD36B, 0xD36B, 0xDBAC, 0xDBAC, 0xDB8C, 0xDB8C, 0xBAA8, 0xBAA8,
    0xBAC9, 0xBAA8, 0xB288, 0xBAA8, 0xBAC9, 0xBAC9, 0xBAC9, 0xBAC9, 0xC30A, 0xC30A, 0xC32A, 0xC32A,
    0xC30A, 0xC32A, 0xC32A, 0xC32A, 0xC30A, 0xC32A, 0xC32A, 0xCB4A, 0xD38B, 0xE3ED, 0xE42E, 0xEC4E,
    0xF4B0, 0xEC8F, 0xE44E, 0xDC0D, 0xD3CC, 0xD3EC, 0xE42E, 0xD3CC, 0xCBAB, 0xCBAB, 0xD44E, 0xD44E,
    0x6A47, 0x0020, 0x0000, 0x0000, 0x0000, 0x0000, 0x0000, 0x0000, 0x0000, 0x0000, 0x0000, 0x0000,
    0x0000, 0x0000, 0x0000, 0x0000, 0x0000, 0x0000, 0x0000, 0x0000, 0x0000, 0x0000, 0x0000, 0x0000,
    0x0000, 0x0000, 0x0000, 0x0000, 0x0000, 0x0000, 0x0000, 0x0000, 0x0000, 0x0000, 0x0000, 0x0000,
    0x0000, 0x0000, 0x0000, 0x0000, 0x0000, 0x0000, 0x0000, 0x0000, 0x0000, 0x0000, 0x0000, 0x0000,
    0x0000, 0x0000, 0x0000, 0x0000, 0x0000, 0x0000, 0x0000, 0x0000, 0x0000, 0x0000, 0x0000, 0x0000,
    0x0000, 0x0000, 0x0000, 0x0000, 0x0000, 0x0000, 0x0000, 0x0000, 0x0000, 0x0000, 0x0000, 0x0000,
    0x0000, 0x0000, 0x0000, 0x0000, 0x0000, 0x0000, 0x0000, 0x0000, 0x0000, 0x0000, 0x0000, 0x0000,
    0x0000, 0x0000, 0x0000, 0x0000, 0x0000, 0x0000, 0x0000, 0x0000, 0x0000, 0x0000, 0x0000, 0x0000,
    0x0000, 0x0000, 0x0000, 0x0000, 0x0000, 0x0000, 0x0000, 0x0000, 0x0820, 0x4964, 0x7205, 0x7A26,
    0x7A05, 0x71E5, 0x7A05, 0x8A26, 0x8A25, 0x9246, 0x9226, 0xA267, 0xA287, 0xAA87, 0xA267, 0xA247,
    0xAA67, 0xA267, 0xAA67, 0xAA87, 0xAA67, 0xAA67, 0xAA67, 0xAA67, 0xB287, 0xB2A8, 0xAA87, 0xB287,
    0xB2A8, 0xB2A8, 0xB2A8, 0xAA87, 0xB2A8, 0xB2A8, 0xB2A8, 0xB2A8, 0xB288, 0xB287, 0xB2A8, 0xB288,
    0xB267, 0xC2E9, 0xC2E9, 0xC2C9, 0xCB0A, 0xCB2A, 0xC2E9, 0xC2E9, 0xDB8C, 0xCB4A, 0xCB2A, 0xD34B,
    0xD34B, 0xDBAC, 0xC309, 0xC2E9, 0xCB0A, 0xC30A, 0xBAA8, 0xC30A, 0xCB2A, 0xCB2A, 0xC2E9, 0xC2E9,
    0xC2E9, 0xC30A, 0xCB0A, 0xC30A, 0xBAC9, 0xBAC9, 0xBAC9, 0xC30A, 0xC32A, 0xC30A, 0xC32A, 0xCB8C,
    0xCB6B, 0xCB8B, 0xD38B, 0xD38B, 0xD38C, 0xD3CC, 0xDBCC, 0xDBED, 0xE42E, 0xF4D0, 0xE44E, 0xDBED,
    0xDC0D, 0xD3EC, 0xDC0D, 0xDBED, 0xD3EC, 0xCBAB, 0xCBEC, 0xD44D, 0xBBEC, 0x1861, 0x0000, 0x0820,
    0x0000, 0x0000, 0x0000, 0x0000, 0x0000, 0x0000, 0x0000, 0x0000, 0x0000, 0x0000, 0x0000, 0x0000,
    0x0000, 0x0000, 0x0000, 0x0000, 0x0000, 0x0000, 0x0000, 0x0000, 0x0000, 0x0000, 0x0000, 0x0000,
    0x0000, 0x0000, 0x0000, 0x0000, 0x0000, 0x0000, 0x0000, 0x0000, 0x0000, 0x0000, 0x0000, 0x0000,
    0x0000, 0x0000, 0x0000, 0x0000, 0x0000, 0x0000, 0x0000, 0x0000, 0x0000, 0x0000, 0x0000, 0x0000,
    0x0000, 0x0000, 0x0000, 0x0000, 0x0000, 0x0000, 0x0000, 0x0000, 0x0000, 0x0000, 0x0000, 0x0000,
    0x0000, 0x0000, 0x0000, 0x0000, 0x0000, 0x0000, 0x0000, 0x0000, 0x0000, 0x0000, 0x0000, 0x0000,
    0x0000, 0x0000, 0x0000, 0x0000, 0x0000, 0x0000, 0x0000, 0x0000, 0x0000, 0x0000, 0x0000, 0x0000,
    0x0000, 0x0000, 0x0000, 0x0000, 0x0000, 0x0000, 0x0000, 0x0000, 0x0000, 0x0000, 0x0000, 0x0000,
    0x0000, 0x0000, 0x0800, 0x0000, 0x1040, 0x51A5, 0x71E5, 0x7A05, 0x7A05, 0x71C4, 0x79E5, 0x81E5,
    0x8A05, 0x8A06, 0x9226, 0x9226, 0x9A26, 0x9205, 0x91E5, 0x91E5, 0x91E5, 0x91E5, 0x9205, 0x9A26,
    0xA226, 0x9A06, 0xA226, 0xA226, 0x9A06, 0x9A06, 0x9A06, 0xA226, 0xAA47, 0xA246, 0xAA67, 0xA247,
    0xAA67, 0xB2A8, 0xB287, 0xAA67, 0xBAC8, 0xBAC9, 0xBAC9, 0xBAC8, 0xB2A8, 0xC309, 0xC30A, 0xCB0A,
    0xD36B, 0xDB8B, 0xCB2A, 0xC309, 0xD38B, 0xCB4B, 0xCB2A, 0xCB2A, 0xDBAC, 0xCB4B, 0xBAC8, 0xCB0A,
    0xD34B, 0xCB4B, 0xCB2A, 0xDB8C, 0xE3ED, 0xE3CD, 0xDB8C, 0xDBAC, 0xDB6B, 0xE3AC, 0xE3ED, 0xE3CD,
    0xDBAC, 0xDBAC, 0xDBAC, 0xDBCD, 0xE40D, 0xE40D, 0xE44E, 0xF4D1, 0xEC6F, 0xF4B0, 0xF4B0, 0xEC8F,
    0xE44E, 0xDBED, 0xD38B, 0xCB6B, 0xC36A, 0xD3EC, 0xD3ED, 0xDC0D, 0xE44E, 0xDC0D, 0xCB6B, 0xE42E,
    0xE44E, 0xD3CC, 0xC3AB, 0xCC0C, 0xBBEC, 0x18A1, 0x0000, 0x0820, 0x0000, 0x0000, 0x0000, 0x0000,
    0x0000, 0x0000, 0x0000, 0x0000, 0x0000, 0x0000, 0x0000, 0x0000, 0x0000, 0x0000, 0x0000, 0x0000,
    0x0000, 0x0000, 0x0000, 0x0000, 0x0000, 0x0000, 0x0000, 0x0000, 0x0000, 0x0000, 0x0000, 0x0000,
    0x0000, 0x0000, 0x0000, 0x0000, 0x0000, 0x0000, 0x0000, 0x0000, 0x0000, 0x0000, 0x0000, 0x0000,
    0x0000, 0x0000, 0x0000, 0x0000, 0x0000, 0x0000, 0x0000, 0x0000, 0x0000, 0x0000, 0x0000, 0x0000,
    0x0000, 0x0000, 0x0000, 0x0000, 0x0000, 0x0000, 0x0000, 0x0000, 0x0000, 0x0000, 0x0000, 0x0000,
    0x0000, 0x0000, 0x0000, 0x0000, 0x0000, 0x0000, 0x0000, 0x0000, 0x0000, 0x0000, 0x0000, 0x0000,
    0x0000, 0x0000, 0x0000, 0x0000, 0x0000, 0x0000, 0x0000, 0x0000, 0x0000, 0x0000, 0x0000, 0x0000,
    0x0000, 0x0000, 0x0000, 0x0000, 0x0000, 0x0000, 0x0000, 0x0000, 0x0000, 0x0000, 0x0000, 0x0000,
    0x3103, 0x61E5, 0x7205, 0x7A25, 0x8A46, 0x8225, 0x8205, 0x8205, 0x9226, 0x81C5, 0x7984, 0x79A4,
    0x81C5, 0x91E5, 0x91E5, 0x9A46, 0xA267, 0xAA87, 0xA246, 0xB2A8, 0xB2C8, 0xBAE9, 0xC32A, 0xB2A8,
    0xB2A8, 0xAA67, 0xA246, 0xAA67, 0xAA87, 0xAA67, 0xAA67, 0xAA87, 0xAA67, 0xAA67, 0xB287, 0xBAC9,
    0xC30A, 0xBAC9, 0xAA67, 0xB267, 0xAA67, 0xB288, 0xBAC9, 0xBAC8, 0xC30A, 0xD36B, 0xD36B, 0xD34B,
    0xDB8C, 0xDBAC, 0xDBAC, 0xDBCC, 0xDBAC, 0xC309, 0xC2E9, 0xE3AC, 0xE3CD, 0xE3CD, 0xE3ED, 0xE3CD,
    0xDBAC, 0xDB6C, 0xDB8C, 0xDBAC, 0xDBAC, 0xE3AD, 0xE3CD, 0xE3CD, 0xE3CD, 0xE3ED, 0xE40D, 0xEC4E,
    0xE40D, 0xEC4E, 0xEC8F, 0xF4D0, 0xF4B0, 0xF4D0, 0xF4D0, 0xEC8F, 0xEC8F, 0xEC6F, 0xE42E, 0xD3CC,
    0xCB8B, 0xCB6A, 0xC36A, 0xC34A, 0xD40D, 0xE44E, 0xD3EC, 0xDC2D, 0xDC2D, 0xE44E, 0xD40D, 0xCBEC,
    0xC3EC, 0x3123, 0x0000, 0x0820, 0x0000, 0x0000, 0x0000, 0x0000, 0x0000, 0x0000, 0x0000, 0x0000,
    0x0000, 0x0000, 0x0000, 0x0000, 0x0000, 0x0000, 0x0000, 0x0000, 0x0000, 0x0000, 0x0000, 0x0000,
    0x0000, 0x0000, 0x0000, 0x0000, 0x0000, 0x0000, 0x0000, 0x0000, 0x0000, 0x0000, 0x0000, 0x0000,
    0x0000, 0x0000, 0x0000, 0x0000, 0x0000, 0x0000, 0x0000, 0x0000, 0x0000, 0x0000, 0x0000, 0x0000,
    0x0000, 0x0000, 0x0000, 0x0000, 0x0000, 0x0000, 0x0000, 0x0000, 0x0000, 0x0000, 0x0000, 0x0000,
    0x0000, 0x0000, 0x0000, 0x0000, 0x0000, 0x0000, 0x0000, 0x0000, 0x0000, 0x0000, 0x0000, 0x0000,
    0x0000, 0x0000, 0x0000, 0x0000, 0x0000, 0x0000, 0x0000, 0x0000, 0x0000, 0x0000, 0x0000, 0x0000,
    0x0000, 0x0000, 0x0000, 0x0000, 0x0000, 0x0000, 0x0000, 0x0000, 0x0000, 0x0000, 0x0000, 0x0000,
    0x0000, 0x0000, 0x0000, 0x0000, 0x0000, 0x0000, 0x0000, 0x0000, 0x4144, 0x7205, 0x7A25, 0x8246,
    0x8A66, 0x8A66, 0x9246, 0x8A26, 0x8A05, 0x7184, 0x7163, 0x79A4, 0x89E5, 0x9A46, 0x9A46, 0xB2C8,
    0xBAE9, 0xBB09, 0xB2C8, 0xC32A, 0xBAE9, 0xCB6B, 0xD38B, 0xCB4A, 0xCB4A, 0xC30A, 0xC32A, 0xC32A,
    0xCB6B, 0xCB4A, 0xCB4A, 0xC32A, 0xBAC9, 0xC309, 0xC32A, 0xBAC8, 0xC2E9, 0xBAC8, 0xAA67, 0xB287,
    0xB2A8, 0xB287, 0xB288, 0xBAC8, 0xC30A, 0xD38B, 0xDBAC, 0xD38B, 0xD38B, 0xD38B, 0xDBAC, 0xDBAC,
    0xCB4A, 0xDBAC, 0xE3AC, 0xE3AC, 0xE3AC, 0xDBAC, 0xDBAC, 0xEC0E, 0xD36B, 0xCB0A, 0xDBAC, 0xE3CD,
    0xDBAC, 0xDB8C, 0xDB8C, 0xDB8C, 0xE3ED, 0xEC2E, 0xEC6F, 0xF48F, 0xEC6F, 0xEC8F, 0xF48F, 0xF4D0,
    0xF48F, 0xECAF, 0xF4F0, 0xF4B0, 0xEC8F, 0xF48F, 0xEC8F, 0xE44E, 0xEC6F, 0xEC6F, 0xD3CC, 0xC36A,
    0xC38B, 0xD3ED, 0xD40D, 0xD40D, 0xCBAC, 0xC38B, 0xC38B, 0xCBEC, 0xCC0D, 0x5A07, 0x0000, 0x0000,
    0x0000, 0x0000, 0x0000, 0x0000, 0x0000, 0x0000, 0x0000, 0x0000, 0x0000, 0x0000, 0x0000, 0x0000,
    0x0000, 0x0000, 0x0000, 0x0000, 0x0000, 0x0000, 0x0000, 0x0000, 0x0000, 0x0000, 0x0000, 0x0000,
    0x0000, 0x0000, 0x0000, 0x0000, 0x0000, 0x0000, 0x0000, 0x0000, 0x0000, 0x0000, 0x0000, 0x0000,
    0x0000, 0x0000, 0x0000, 0x0000, 0x0000, 0x0000, 0x0000, 0x0000, 0x0000, 0x0000, 0x0000, 0x0000,
    0x0000, 0x0000, 0x0000, 0x0000, 0x0000, 0x0000, 0x0000, 0x0000, 0x0000, 0x0000, 0x0000, 0x0000,
    0x0000, 0x0000, 0x0000, 0x0000, 0x0000, 0x0000, 0x0000, 0x0000, 0x0000, 0x0000, 0x0000, 0x0000,
    0x0000, 0x0000, 0x0000, 0x0000, 0x0000, 0x0000, 0x0000, 0x0000, 0x0000, 0x0000, 0x0000, 0x0000,
    0x0000, 0x0000, 0x0000, 0x0000, 0x0000, 0x0000, 0x0000, 0x0000, 0x0000, 0x0000, 0x0000, 0x0000,
    0x0000, 0x0000, 0x0000, 0x0800, 0x4984, 0x7205, 0x7205, 0x71E5, 0x71E5, 0x79C4, 0x8205, 0x79C4,
    0x79A4, 0x81E5, 0x9226, 0xAAA8, 0x9A46, 0xAA87, 0xAAA8, 0xBB09, 0xC32A, 0xCB8B, 0xB2C8, 0xCB6B,
    0xD3AC, 0xCB8B, 0xCB6B, 0xCB6B, 0xCB4A, 0xCB4A, 0xCB6B, 0xCB6B, 0xCB6B, 0xC32A, 0xCB6B, 0xCB4B,
    0xC309, 0xBAE9, 0xC309, 0xC32A, 0xBAC9, 0xC309, 0xCB2A, 0xC32A, 0xCB2A, 0xCB4B, 0xD38B, 0xCB4B,
    0xDBAC, 0xDBCD, 0xE3CD, 0xD38B, 0xDBAC, 0xDBAC, 0xD38C, 0xD38C, 0xDBAC, 0xE3CD, 0xE3CD, 0xE3CD,
    0xE3CD, 0xE3AD, 0xE3ED, 0xEC2E, 0xDBAC, 0xE3ED, 0xE3ED, 0xDB8C, 0xDB8C, 0xDB8C, 0xDB8C, 0xDBAC,
    0xEC2E, 0xEC4E, 0xEC6F, 0xF48F, 0xDBED, 0xE42E, 0xF4D0, 0xEC8F, 0xEC8F, 0xFCF1, 0xFCF1, 0xF4D0,
    0xFCF0, 0xF4D0, 0xEC6F, 0xEC6F, 0xF4B0, 0xF4B0, 0xDC0D, 0xD3CC, 0xD3CC, 0xCB8B, 0xCBAB, 0xCBCC,
    0xC38B, 0xBB4A, 0xD3CC, 0xCBEC, 0xD42D, 0xA38B, 0x1061, 0x0000, 0x0820, 0x0000, 0x0000, 0x0000,
    0x0000, 0x0000, 0x0000, 0x0000, 0x0000, 0x0000, 0x0000, 0x0000, 0x0000, 0x0000, 0x0000, 0x0000,
    0x0000, 0x0000, 0x0000, 0x0000, 0x0000, 0x0000, 0x0000, 0x0000, 0x0000, 0x0000, 0x0000, 0x0000,
    0x0000, 0x0000, 0x0000, 0x0000, 0x0000, 0x0000, 0x0000, 0x0000, 0x0000, 0x0000, 0x0000, 0x0000,
    0x0000, 0x0000, 0x0000, 0x0000, 0x0000, 0x0000, 0x0000, 0x0000, 0x0000, 0x0000, 0x0000, 0x0000,
    0x0000, 0x0000, 0x0000, 0x0000, 0x0000, 0x0000, 0x0000, 0x0000, 0x0000, 0x0000, 0x0000, 0x0000,
    0x0000, 0x0000, 0x0000, 0x0000, 0x0000, 0x0000, 0x0000, 0x0000, 0x0000, 0x0000, 0x0000, 0x0000,
    0x0000, 0x0000, 0x0000, 0x0000, 0x0000, 0x0000, 0x0000, 0x0000, 0x0000, 0x0000, 0x0000, 0x0000,
    0x0000, 0x0000, 0x0000, 0x0000, 0x0000, 0x0000, 0x0000, 0x0000, 0x0000, 0x0800, 0x0000, 0x1060,
    0x59C5, 0x7205, 0x69E5, 0x69E4, 0x69C4, 0x71A4, 0x79C4, 0x79A4, 0x81E5, 0x9226, 0x9A66, 0xA287,
    0x9A46, 0xA246, 0xB2C8, 0xC329, 0xC32A, 0xC32A, 0xBAE9, 0xCB8B, 0xD38B, 0xCB6A, 0xC34A, 0xC309,
    0xC32A, 0xB2A8, 0xBB09, 0xCB6B, 0xCB6B, 0xC32A, 0xCB4B, 0xCB4B, 0xD36B, 0xC30A, 0xC32A, 0xC30A,
    0xC309, 0xC32A, 0xCB2A, 0xCB4A, 0xCB4A, 0xCB4B, 0xCB4B, 0xCB2A, 0xDBAC, 0xDBCD, 0xD3AC, 0xDBCC,
    0xE3CD, 0xDBAC, 0xCB4A, 0xC309, 0xDB8C, 0xE3ED, 0xE3ED, 0xDB8C, 0xDB8C, 0xE3CD, 0xEC0E, 0xEC0E,
    0xE3ED, 0xE3ED, 0xCB4B, 0xC2E9, 0xD34B, 0xD36B, 0xD36B, 0xDBAC, 0xEC2E, 0xE3ED, 0xEC2E, 0xEC8F,
    0xEC6F, 0xDC0D, 0xF4AF, 0xEC6E, 0xE44E, 0xFCF0, 0xFCF1, 0xFCF0, 0xFCF0, 0xF4D0, 0xEC6F, 0xEC8F,
    0xEC8F, 0xEC8F, 0xDC0D, 0xDC0D, 0xE44E, 0xDC0D, 0xD3CC, 0xDC2D, 0xDC2D, 0xCBCC, 0xDC0D, 0xD40D,
    0xD40D, 0xB3CC, 0x20C2, 0x0000, 0x0820, 0x0000, 0x0000, 0x0000, 0x0000, 0x0000, 0x0000, 0x0000,
    0x0000, 0x0000, 0x0000, 0x0000, 0x0000, 0x0000, 0x0000, 0x0000, 0x0000, 0x0000, 0x0000, 0x0000,
    0x0000, 0x0000, 0x0000, 0x0000, 0x0000, 0x0000, 0x0000, 0x0000, 0x0000, 0x0000, 0x0000, 0x0000,
    0x0000, 0x0000, 0x0000, 0x0000, 0x0000, 0x0000, 0x0000, 0x0000, 0x0000, 0x0000, 0x0000, 0x0000,
    0x0000, 0x0000, 0x0000, 0x0000, 0x0000, 0x0000, 0x0000, 0x0000, 0x0000, 0x0000, 0x0000, 0x0000,
    0x0000, 0x0000, 0x0000, 0x0000, 0x0000, 0x0000, 0x0000, 0x0000, 0x0000, 0x0000, 0x0000, 0x0000,
    0x0000, 0x0000, 0x0000, 0x0000, 0x0000, 0x0000, 0x0000, 0x0000, 0x0000, 0x0000, 0x0000, 0x0000,
    0x0000, 0x0000, 0x0000, 0x0000, 0x0000, 0x0000, 0x0000, 0x0000, 0x0000, 0x0000, 0x0000, 0x0000,
    0x0000, 0x0000, 0x0000, 0x0000, 0x0000, 0x0820, 0x0000, 0x20A1, 0x61E5, 0x7205, 0x69E5, 0x71C4,
    0x7A05, 0x8205, 0x8A26, 0x9246, 0x9A46, 0x9246, 0x9225, 0x9226, 0x9A46, 0xA267, 0xB2C8, 0xB2E8,
    0xB2A8, 0xC32A, 0xCBAB, 0xCB6A, 0xC34A, 0xC34A, 0xCB6B, 0xCB4B, 0xC32A, 0xBAE9, 0xCB4B, 0xBAE9,
    0xB2C8, 0xBB09, 0xCB4A, 0xCB4A, 0xEC4F, 0xF48F, 0xEC4F, 0xD3AC, 0xD38C, 0xC32A, 0xBAC8, 0xC2E9,
    0xCB4A, 0xB2A8, 0xB287, 0xBAC9, 0xDB8C, 0xDBCD, 0xCB4A, 0xDBAC, 0xDBAC, 0xDBAC, 0xE3CD, 0xDBAC,
    0xE40E, 0xDB8C, 0xC2E9, 0xCB2A, 0xE3CC, 0xE3AC, 0xE3ED, 0xDBAC, 0xD36B, 0xD36B, 0xDBAC, 0xE3CD,
    0xE3CD, 0xE3ED, 0xDBAC, 0xDBCD, 0xE40E, 0xF4B0, 0xF4D0, 0xF4B0, 0xFD11, 0xF4B0, 0xF4F0, 0xF4D0,
    0xF4B0, 0xFCD0, 0xFCF0, 0xFCF0, 0xFCF0, 0xF4AF, 0xF4AF, 0xEC6E, 0xE44E, 0xE42D, 0xD3CC, 0xDC2D,
    0xE44E, 0xE42E, 0xE44E, 0xDC2E, 0xD3ED, 0xC38B, 0xD40D, 0xD3EC, 0xCBEC, 0xC3EC, 0x51A5, 0x0000,
    0x0820, 0x0000, 0x0000, 0x0000, 0x0000, 0x0000, 0x0000, 0x0000, 0x0000, 0x0000, 0x0000, 0x0000,
    0x0000, 0x0000, 0x0000, 0x0000, 0x0000, 0x0000, 0x0000, 0x0000, 0x0000, 0x0000, 0x0000, 0x0000,
    0x0000, 0x0000, 0x0000, 0x0000, 0x0000, 0x0000, 0x0000, 0x0000, 0x0000, 0x0000, 0x0000, 0x0000,
    0x0000, 0x0000, 0x0000, 0x0000, 0x0000, 0x0000, 0x0000, 0x0000, 0x0000, 0x0000, 0x0000, 0x0000,
    0x0000, 0x0000, 0x0000, 0x0000, 0x0000, 0x0000, 0x0000, 0x0000, 0x0000, 0x0000, 0x0000, 0x0000,
    0x0000, 0x0000, 0x0000, 0x0000, 0x0000, 0x0000, 0x0000, 0x0000, 0x0000, 0x0000, 0x0000, 0x0000,
    0x0000, 0x0000, 0x0000, 0x0000, 0x0000, 0x0000, 0x0000, 0x0000, 0x0000, 0x0000, 0x0000, 0x0000,
    0x0000, 0x0000, 0x0000, 0x0000, 0x0000, 0x0000, 0x0000, 0x0000, 0x0000, 0x0000, 0x0000, 0x0000,
    0x0000, 0x0800, 0x0000, 0x28C2, 0x61E5, 0x69C4, 0x69E5, 0x7A05, 0x8205, 0x8A25, 0x8A25, 0x8A25,
    0x9226, 0x9246, 0x9246, 0x9A67, 0xA2A7, 0xA287, 0xBB09, 0xBB29, 0xAAA8, 0xC329, 0xC32A, 0xBB09,
    0xBB09, 0xC32A, 0xCB6B, 0xD3AC, 0xCB6B, 0xC32A, 0xCB6B, 0xCB4B, 0xBAE9, 0xCB2A, 0xCB4A, 0xBAE9,
    0xE42E, 0xF48F, 0xEC4E, 0xE3ED, 0xDBAC, 0xD38C, 0xCB2A, 0xD36B, 0xD36B, 0xC2E9, 0xC30A, 0xCB2A,
    0xCB4A, 0xC309, 0xCB2A, 0xDBAC, 0xCB4A, 0xCB4B, 0xD36B, 0xDBAC, 0xD36B, 0xCB2A, 0xC2E9, 0xC309,
    0xDBAC, 0xDBAC, 0xCB2A, 0xD38B, 0xE3CD, 0xE3CD, 0xEC0E, 0xEC6F, 0xF490, 0xE3ED, 0xE40E, 0xDBCD,
    0xD38C, 0xFCF1, 0xF4D0, 0xF4D0, 0xFD11, 0xFD11, 0xF4F0, 0xFD11, 0xFD31, 0xFD11, 0xFD11, 0xFD11,
    0xFCF0, 0xEC8F, 0xF4D0, 0xF4F0, 0xF4CF, 0xF4D0, 0xF4D0, 0xEC8F, 0xDC2D, 0xDC2D, 0xDC2D, 0xE46E,
    0xDC2D, 0xDC0D, 0xDC2D, 0xD40D, 0xD42D, 0xD46E, 0x7AC9, 0x0000, 0x0000, 0x0000, 0x0000, 0x0000,
    0x0000, 0x0000, 0x0000, 0x0000, 0x0000, 0x0000, 0x0000, 0x0000, 0x0000, 0x0000, 0x0000, 0x0000,
    0x0000, 0x0000, 0x0000, 0x0000, 0x0000, 0x0000, 0x0000, 0x0000, 0x0000, 0x0000, 0x0000, 0x0000,
    0x0000, 0x0000, 0x0000, 0x0000, 0x0000, 0x0000, 0x0000, 0x0000, 0x0000, 0x0000, 0x0000, 0x0000,
    0x0000, 0x0000, 0x0000, 0x0000, 0x0000, 0x0000, 0x0000, 0x0000, 0x0000, 0x0000, 0x0000, 0x0000,
    0x0000, 0x0000, 0x0000, 0x0000, 0x0000, 0x0000, 0x0000, 0x0000, 0x0000, 0x0000, 0x0000, 0x0000,
    0x0000, 0x0000, 0x0000, 0x0000, 0x0000, 0x0000, 0x0000, 0x0000, 0x0000, 0x0000, 0x0000, 0x0000,
    0x0000, 0x0000, 0x0000, 0x0000, 0x0000, 0x0000, 0x0000, 0x0000, 0x0000, 0x0000, 0x0000, 0x0000,
    0x0000, 0x0000, 0x0000, 0x0000, 0x0000, 0x0000, 0x0000, 0x0000, 0x0000, 0x0000, 0x1040, 0x4143,
    0x61E5, 0x69C4, 0x69C4, 0x69A4, 0x79E5, 0x8205, 0x81E5, 0x8205, 0x9A87, 0xAAC8, 0xAAE8, 0xB2E9,
    0xBB09, 0xB2C8, 0xBB29, 0xC34A, 0xC309, 0xCB4A, 0xC34A, 0xCB4A, 0xCB4A, 0xCB4A, 0xCB4A, 0xD36B,
    0xD36B, 0xCB2A, 0xCB4B, 0xD36B, 0xCB4A, 0xD38B, 0xD38B, 0xCB4A, 0xE40D, 0xEC6F, 0xE3ED, 0xCB4A,
    0xDBCC, 0xDBAC, 0xD36B, 0xD36B, 0xCB2A, 0xCB2A, 0xDB8C, 0xD38C, 0xCB4A, 0xB2A8, 0xC2E9, 0xCB4B,
    0xCB4B, 0xD38C, 0xD38B, 0xDB8C, 0xCB2A, 0xCB2A, 0xCB2A, 0xCB0A, 0xCB2A, 0xCB0A, 0xC2E9, 0xDBAC,
    0xE3CD, 0xE3ED, 0xD38C, 0xD3AC, 0xD3AC, 0xD36B, 0xD3AC, 0xD38B, 0xDBCC, 0xEC8F, 0xEC6F, 0xFD11,
    0xFD32, 0xFD31, 0xEC8F, 0xEC8F, 0xFD31, 0xFD11, 0xFD11, 0xFCF0, 0xF4F0, 0xF4D0, 0xFD11, 0xFD11,
    0xFD11, 0xFD11, 0xFD31, 0xEC8F, 0xDC0D, 0xDC0D, 0xCBAC, 0xD3EC, 0xDC4E, 0xE44E, 0xD40D, 0xD42D,
    0xCC0D, 0xD44D, 0xABAC, 0x1881, 0x0000, 0x0820, 0x0000, 0x0000, 0x0000, 0x0000, 0x0000, 0x0000,
    0x0000, 0x0000, 0x0000, 0x0000, 0x0000, 0x0000, 0x0000, 0x0000, 0x0000, 0x0000, 0x0000, 0x0000,
    0x0000, 0x0000, 0x0000, 0x0000, 0x0000, 0x0000, 0x0000, 0x0000, 0x0000, 0x0000, 0x0000, 0x0000,
    0x0000, 0x0000, 0x0000, 0x0000, 0x0000, 0x0000, 0x0000, 0x0000, 0x0000, 0x0000, 0x0000, 0x0000,
    0x0000, 0x0000, 0x0000, 0x0000, 0x0000, 0x0000, 0x0000, 0x0000, 0x0000, 0x0000, 0x0000, 0x0000,
    0x0000, 0x0000, 0x0000, 0x0000, 0x0000, 0x0000, 0x0000, 0x0000, 0x0000, 0x0000, 0x0000, 0x0000,
    0x0000, 0x0000, 0x0000, 0x0000, 0x0000, 0x0000, 0x0000, 0x0000, 0x0000, 0x0000, 0x0000, 0x0000,
    0x0000, 0x0000, 0x0000, 0x0000, 0x0000, 0x0000, 0x0000, 0x0000, 0x0000, 0x0000, 0x0000, 0x0000,
    0x0000, 0x0000, 0x0000, 0x0000, 0x0800, 0x0000, 0x1061, 0x4984, 0x7205, 0x7205, 0x5983, 0x71A4,
    0x81E5, 0x8205, 0x8A26, 0x8A66, 0xA2C8, 0xA2C8, 0x9A87, 0xAAE8, 0xB309, 0xB2E9, 0xBB29, 0xC34A,
    0xCB6A, 0xCB4A, 0xCB4A, 0xCB6B, 0xCB6B, 0xCB6B, 0xCB4A, 0xCB2A, 0xCB4A, 0xD36B, 0xD36B, 0xD36B,
    0xDBAC, 0xDBCC, 0xDBCC, 0xE3ED, 0xE3ED, 0xEC6F, 0xEC4E, 0xDBCC, 0xE40E, 0xDBAC, 0xCB2A, 0xCB2A,
    0xCB2A, 0xD36B, 0xD38B, 0xD38C, 0xCB4B, 0xBAC9, 0xC2E9, 0xD36B, 0xCB4B, 0xD36B, 0xD36B, 0xD36B,
    0xC2E9, 0xCB4B, 0xD36B, 0xD38B, 0xD36B, 0xCB0A, 0xC2E9, 0xDBAC, 0xD38C, 0xDBED, 0xDBCD, 0xEC6F,
    0xD38C, 0xDBED, 0xF4B0, 0xDBED, 0xEC4F, 0xEC6F, 0xEC8F, 0xFD11, 0xFD32, 0xFD11, 0xF4D0, 0xF4AF,
    0xFCF0, 0xFCF0, 0xFD10, 0xF4D0, 0xF4D0, 0xF4CF, 0xFD31, 0xFD31, 0xFD11, 0xFCF0, 0xFD11, 0xECCF,
    0xE46E, 0xE44E, 0xDC2D, 0xCBCC, 0xD40D, 0xDC4E, 0xD40D, 0xD42D, 0xBBAB, 0xC40C, 0xBC2D, 0x4185,
    0x0000, 0x0820, 0x0000, 0x0000, 0x0000, 0x0000, 0x0000, 0x0000, 0x0000, 0x0000, 0x0000, 0x0000,
    0x0000, 0x0000, 0x0000, 0x0000, 0x0000, 0x0000, 0x0000, 0x0000, 0x0000, 0x0000, 0x0000, 0x0000,
    0x0000, 0x0000, 0x0000, 0x0000, 0x0000, 0x0000, 0x0000, 0x0000, 0x0000, 0x0000, 0x0000, 0x0000,
    0x0000, 0x0000, 0x0000, 0x0000, 0x0000, 0x0000, 0x0000, 0x0000, 0x0000, 0x0000, 0x0000, 0x0000,
    0x0000, 0x0000, 0x0000, 0x0000, 0x0000, 0x0000, 0x0000, 0x0000, 0x0000, 0x0000, 0x0000, 0x0000,
    0x0000, 0x0000, 0x0000, 0x0000, 0x0000, 0x0000, 0x0000, 0x0000, 0x0000, 0x0000, 0x0000, 0x0000,
    0x0000, 0x0000, 0x0000, 0x0000, 0x0000, 0x0000, 0x0000, 0x0000, 0x0000, 0x0000, 0x0000, 0x0000,
    0x0000, 0x0000, 0x0000, 0x0000, 0x0000, 0x0000, 0x0000, 0x0000, 0x0000, 0x0000, 0x0000, 0x0000,
    0x0800, 0x0000, 0x1061, 0x5184, 0x61C4, 0x61C4, 0x6184, 0x8205, 0x9267, 0x9A87, 0x9A87, 0x9AC8,
    0xAB09, 0xA2E8, 0x9A87, 0xAAE8, 0xB309, 0xB2E8, 0xBB29, 0xBB09, 0xBB09, 0xBB09, 0xC34A, 0xC32A,
    0xC32A, 0xCB4A, 0xC32A, 0xC309, 0xC309, 0xCB4A, 0xCB4A, 0xD36B, 0xDBAC, 0xE3ED, 0xCB6B, 0xCB4A,
    0xE3ED, 0xEC6F, 0xEC4E, 0xE40E, 0xE40D, 0xDBAC, 0xDB8C, 0xD36B, 0xD36B, 0xDBAC, 0xDBAC, 0xDB8C,
    0xCB4B, 0xCB2A, 0xD36B, 0xD36B, 0xD34B, 0xDBAC, 0xDBAC, 0xC30A, 0xBAA8, 0xCB2A, 0xD36B, 0xDBAC,
    0xCB2A, 0xBAC9, 0xBAC9, 0xDB8C, 0xD38C, 0xD36B, 0xDBAC, 0xEC4F, 0xD36B, 0xD38C, 0xDBED, 0xE40E,
    0xDC0D, 0xDC0D, 0xEC8F, 0xF4D0, 0xF4F0, 0xF4F0, 0xEC8F, 0xF4D0, 0xF4D0, 0xFD10, 0xF4F0, 0xF4F0,
    0xF4F0, 0xECAF, 0xECD0, 0xF4D0, 0xF4CF, 0xECCF, 0xECCF, 0xF4F0, 0xF4F0, 0xECD0, 0xE48E, 0xD3EC,
    0xD40D, 0xD40D, 0xD42D, 0xDC4E, 0xCC2D, 0xC3EC, 0xC40D, 0x51C6, 0x0000, 0x0820, 0x0000, 0x0000,
    0x0000, 0x0000, 0x0000, 0x0000, 0x0000, 0x0000, 0x0000, 0x0000, 0x0000, 0x0000, 0x0000, 0x0000,
    0x0000, 0x0000, 0x0000, 0x0000, 0x0000, 0x0000, 0x0000, 0x0000, 0x0000, 0x0000, 0x0000, 0x0000,
    0x0000, 0x0000, 0x0000, 0x0000, 0x0000, 0x0000, 0x0000, 0x0000, 0x0000, 0x0000, 0x0000, 0x0000,
    0x0000, 0x0000, 0x0000, 0x0000, 0x0000, 0x0000, 0x0000, 0x0000, 0x0000, 0x0000, 0x0000, 0x0000,
    0x0000, 0x0000, 0x0000, 0x0000, 0x0000, 0x0000, 0x0000, 0x0000, 0x0000, 0x0000, 0x0000, 0x0000,
    0x0000, 0x0000, 0x0000, 0x0000, 0x0000, 0x0000, 0x0000, 0x0000, 0x0000, 0x0000, 0x0000, 0x0000,
    0x0000, 0x0000, 0x0000, 0x0000, 0x0000, 0x0000, 0x0000, 0x0000, 0x0000, 0x0000, 0x0000, 0x0000,
    0x0000, 0x0000, 0x0000, 0x0000, 0x0000, 0x0000, 0x0000, 0x0000, 0x0820, 0x0000, 0x1861, 0x59C5,
    0x61C4, 0x59A4, 0x71E5, 0x8A46, 0x9A87, 0xA2A7, 0xA2C8, 0xAAE8, 0xB309, 0xAAE8, 0xAAE8, 0xB309,
    0xB2E9, 0xAAE8, 0xAAE8, 0xAAC8, 0xA2A7, 0xAAC8, 0xBB2A, 0xBB29, 0xC36A, 0xC34A, 0xB2E8, 0xBAE9,
    0xC329, 0xC32A, 0xCB4A, 0xD38B, 0xD38B, 0xD38B, 0xB2C8, 0xAA67, 0xDBAC, 0xE40E, 0xE40E, 0xE3CD,
    0xDBCC, 0xD38B, 0xD36B, 0xD36B, 0xD36B, 0xE3ED, 0xDBED, 0xE42E, 0xDBAC, 0xD36B, 0xDBCC, 0xD38C,
    0xE3ED, 0xDBAC, 0xD36B, 0xCB2A, 0xC2E9, 0xC30A, 0xCB2A, 0xCB4B, 0xC2E9, 0xBAC9, 0xC2E9, 0xDBAC,
    0xDBAC, 0xD38B, 0xCB4B, 0xC30A, 0xCB2A, 0xC30A, 0xCB4A, 0xE44E, 0xE44E, 0xEC8F, 0xEC8F, 0xE46E,
    0xE48F, 0xF4F0, 0xF4D0, 0xFCF0, 0xFD11, 0xECAF, 0xCBCC, 0xE48F, 0xF4D0, 0xE48F, 0xD40D, 0xE48F,
    0xDC6E, 0xD40C, 0xDC6E, 0xE48E, 0xECCF, 0xECAF, 0xDC6E, 0xDC4D, 0xD40D, 0xCBEC, 0xDC4E, 0xDC4E,
    0xDC6E, 0xC3CC, 0xC40D, 0x5A06, 0x0000, 0x0820, 0x0000, 0x0000, 0x0000, 0x0000, 0x0000, 0x0000,
    0x0000, 0x0000, 0x0000, 0x0000, 0x0000, 0x0000, 0x0000, 0x0000, 0x0000, 0x0000, 0x0000, 0x0000,
    0x0000, 0x0000, 0x0000, 0x0000, 0x0000, 0x0000, 0x0000, 0x0000, 0x0000, 0x0000, 0x0000, 0x0000,
    0x0000, 0x0000, 0x0000, 0x0000, 0x0000, 0x0000, 0x0000, 0x0000, 0x0000, 0x0000, 0x0000, 0x0000,
    0x0000, 0x0000, 0x0000, 0x0000, 0x0000, 0x0000, 0x0000, 0x0000, 0x0000, 0x0000, 0x0000, 0x0000,
    0x0000, 0x0000, 0x0000, 0x0000, 0x0000, 0x0000, 0x0000, 0x0000, 0x0000, 0x0000, 0x0000, 0x0000,
    0x0000, 0x0000, 0x0000, 0x0000, 0x0000, 0x0000, 0x0000, 0x0000, 0x0000, 0x0000, 0x0000, 0x0000,
    0x0000, 0x0000, 0x0000, 0x0000, 0x0000, 0x0000, 0x0000, 0x0000, 0x0000, 0x0000, 0x0000, 0x0000,
    0x0000, 0x0000, 0x0000, 0x0000, 0x0820, 0x0000, 0x1881, 0x59C5, 0x69E5, 0x69C4, 0x71E5, 0x9287,
    0xA2A7, 0xA2C8, 0xAAE8, 0xA2C8, 0xA2C8, 0x9AA7, 0x9AA7, 0xAAE8, 0xAAE8, 0x9AC8, 0xA2C8, 0xAAE8,
    0xA2C8, 0xA2E8, 0xAAE8, 0xB329, 0xC36A, 0xBB2A, 0xB2E8, 0xB2E8, 0xC34A, 0xCB6A, 0xCB6B, 0xD3AC,
    0xCB4A, 0xCB4A, 0xBAE9, 0xBB09, 0xD38B, 0xE42E, 0xE40E, 0xE3ED, 0xE3ED, 0xDBCD, 0xD38C, 0xCB4B,
    0xD38B, 0xE3ED, 0xE40E, 0xEC8F, 0xD38C, 0xCB2A, 0xE40D, 0xE40E, 0xE42E, 0xE3ED, 0xD38C, 0xCB2A,
    0xCB2A, 0xCB2A, 0xC2E9, 0xC2E9, 0xC30A, 0xC309, 0xC32A, 0xD38C, 0xDBAC, 0xD36B, 0xD36B, 0xD34B,
    0xCB2A, 0xD36B, 0xDBED, 0xE42E, 0xEC6F, 0xEC8F, 0xE46F, 0xDC2E, 0xD40D, 0xE4AF, 0xECD0, 0xECD0,
    0xECD0, 0xD42D, 0xB36A, 0xCBEC, 0xE4AF, 0xE4AF, 0xD40D, 0xD42D, 0xDC4E, 0xD42D, 0xECD0, 0xE48E,
    0xCBEC, 0xDC6E, 0xE48F, 0xDC8E, 0xBBAB, 0xBB8A, 0xD42D, 0xD40D, 0xD42D, 0xCC2D, 0xC40D, 0x6A67,
    0x0820, 0x0000, 0x0800, 0x0000, 0x0000, 0x0000, 0x0000, 0x0000, 0x0000, 0x0000, 0x0000, 0x0000,
    0x0000, 0x0000, 0x0000, 0x0000, 0x0000, 0x0000, 0x0000, 0x0000, 0x0000, 0x0000, 0x0000, 0x0000,
    0x0000, 0x0000, 0x0000, 0x0000, 0x0000, 0x0000, 0x0000, 0x0000, 0x0000, 0x0000, 0x0000, 0x0000,
    0x0000, 0x0000, 0x0000, 0x0000, 0x0000, 0x0000, 0x0000, 0x0000, 0x0000, 0x0000, 0x0000, 0x0000,
    0x0000, 0x0000, 0x0000, 0x0000, 0x0000, 0x0000, 0x0000, 0x0000, 0x0000, 0x0000, 0x0000, 0x0000,
    0x0000, 0x0000, 0x0000, 0x0000, 0x0000, 0x0000, 0x0000, 0x0000, 0x0000, 0x0000, 0x0000, 0x0000,
    0x0000, 0x0000, 0x0000, 0x0000, 0x0000, 0x0000, 0x0000, 0x0000, 0x0000, 0x0000, 0x0000, 0x0000,
    0x0000, 0x0000, 0x0000, 0x0000, 0x0000, 0x0000, 0x0000, 0x0000, 0x0000, 0x0000, 0x0000, 0x0000,
    0x0820, 0x0000, 0x20A1, 0x59A4, 0x61C4, 0x69E5, 0x7A26, 0x8A66, 0x9266, 0x9AC8, 0x9287, 0x9287,
    0x8246, 0x8266, 0x8246, 0x7205, 0x7A25, 0x8266, 0x8A66, 0x8266, 0x8246, 0x8266, 0x8266, 0xA2E8,
    0x9AA7, 0x9AC7, 0xAB09, 0xAAE8, 0xB309, 0xC34A, 0xB2E9, 0xC34A, 0xCB6A, 0xBB09, 0xD38B, 0xDBCC,
    0xDBCC, 0xDBCC, 0xD38B, 0xDBCC, 0xE3CD, 0xE3CD, 0xDBCC, 0xDB8C, 0xD38B, 0xD36B, 0xE40D, 0xE42E,
    0xD38B, 0xD36B, 0xDBCD, 0xD38C, 0xE3ED, 0xE3ED, 0xCB4B, 0xBAA8, 0xBAA9, 0xCB4B, 0xC32A, 0xBAE9,
    0xC2E9, 0xCB2A, 0xD36B, 0xC30A, 0xC30A, 0xC30A, 0xD38C, 0xD38C, 0xCB4A, 0xD38C, 0xD3CC, 0xD3CC,
    0xDBED, 0xCBAC, 0xC38B, 0xB36A, 0xC38B, 0xC3CC, 0xC3AB, 0xAB4A, 0xA329, 0xA329, 0xBBCB, 0xAB49,
    0xAB29, 0xB38A, 0xB36A, 0xCBEC, 0xCBEC, 0xC3EC, 0xCC0D, 0xD44D, 0xBBAB, 0xBB8A, 0xBBAB, 0xBBAB,
    0xBBAB, 0xC3CB, 0xBBAB, 0xCBEC, 0xCC0D, 0xCC0D, 0xC40D, 0x7AA8, 0x0840, 0x0000, 0x0800, 0x0000,
    0x0000, 0x0000, 0x0000, 0x0000, 0x0000, 0x0000, 0x0000, 0x0000, 0x0000, 0x0000, 0x0000, 0x0000,
    0x0000, 0x0000, 0x0000, 0x0000, 0x0000, 0x0000, 0x0000, 0x0000, 0x0000, 0x0000, 0x0000, 0x0000,
    0x0000, 0x0000, 0x0000, 0x0000, 0x0000, 0x0000, 0x0000, 0x0000, 0x0000, 0x0000, 0x0000, 0x0000,
    0x0000, 0x0000, 0x0000, 0x0000, 0x0000, 0x0000, 0x0000, 0x0000, 0x0000, 0x0000, 0x0000, 0x0000,
    0x0000, 0x0000, 0x0000, 0x0000, 0x0000, 0x0000, 0x0000, 0x0000, 0x0000, 0x0000, 0x0000, 0x0000,
    0x0000, 0x0000, 0x0000, 0x0000, 0x0000, 0x0000, 0x0000, 0x0000, 0x0000, 0x0000, 0x0000, 0x0000,
    0x0000, 0x0000, 0x0000, 0x0000, 0x0000, 0x0000, 0x0000, 0x0000, 0x0000, 0x0000, 0x0000, 0x0000,
    0x0000, 0x0000, 0x0000, 0x0000, 0x0000, 0x0000, 0x0000, 0x0000, 0x0000, 0x0000, 0x3923, 0x59C5,
    0x61C4, 0x69E5, 0x8246, 0x8246, 0x7A05, 0x7A25, 0x69E5, 0x69E4, 0x61C4, 0x61C4, 0x69C4, 0x61A4,
    0x61A4, 0x7225, 0x8266, 0x7A45, 0x8266, 0x8266, 0x8266, 0x7A46, 0x8246, 0x92A7, 0xA2E8, 0xA2E8,
    0xA2C8, 0xB329, 0xAAC8, 0xBB29, 0xC34A, 0xBB29, 0xC36B, 0xCB8B, 0xCB6B, 0xC32A, 0xC32A, 0xD38B,
    0xDBAC, 0xE3CD, 0xE3CD, 0xE3ED, 0xD38B, 0xCB4A, 0xDBAC, 0xDBCD, 0xCB2A, 0xD36B, 0xDBAC, 0xBAE9,
    0xD36B, 0xDBAC, 0xD36B, 0xC30A, 0xBAC9, 0xBAA8, 0xC30A, 0xC30A, 0xC2E9, 0xCB4A, 0xC32A, 0xC30A,
    0xC32A, 0xBAE9, 0xC32A, 0xCB6B, 0xCB6B, 0xCB6B, 0xD3AC, 0xD3CC, 0xD3CC, 0xC3AB, 0xB329, 0xAB2A,
    0xCBEC, 0xCC0C, 0xCBEC, 0xB38A, 0xAB6A, 0xAB6A, 0xAB6A, 0xA329, 0xA329, 0xAB4A, 0xB38A, 0xC3CB,
    0xB38A, 0xBB8A, 0xB38B, 0xAB29, 0xB36A, 0xBBAB, 0xB36A, 0xB36A, 0xC3EC, 0xC3EC, 0xAB49, 0xB36A,
    0xC3EC, 0xC40C, 0xC42D, 0x7288, 0x0820, 0x0000, 0x0000, 0x0000, 0x0000, 0x0000, 0x0000, 0x0000,
    0x0000, 0x0000, 0x0000, 0x0000, 0x0000, 0x0000, 0x0000, 0x0000, 0x0000, 0x0000, 0x0000, 0x0000,
    0x0000, 0x0000, 0x0000, 0x0000, 0x0000, 0x0000, 0x0000, 0x0000, 0x0000, 0x0000, 0x0000, 0x0000,
    0x0000, 0x0000, 0x0000, 0x0000, 0x0000, 0x0000, 0x0000, 0x0000, 0x0000, 0x0000, 0x0000, 0x0000,
    0x0000, 0x0000, 0x0000, 0x0000, 0x0000, 0x0000, 0x0000, 0x0000, 0x0000, 0x0000, 0x0000, 0x0000,
    0x0000, 0x0000, 0x0000, 0x0000, 0x0000, 0x0000, 0x0000, 0x0000, 0x0000, 0x0000, 0x0000, 0x0000,
    0x0000, 0x0000, 0x0000, 0x0000, 0x0000, 0x0000, 0x0000, 0x0000, 0x0000, 0x0000, 0x0000, 0x0000,
    0x0000, 0x0000, 0x0000, 0x0000, 0x0000, 0x0000, 0x0000, 0x0000, 0x0000, 0x0000, 0x0000, 0x0000,
    0x0000, 0x0000, 0x0000, 0x0000, 0x0000, 0x0000, 0x3943, 0x61E5, 0x61C4, 0x7205, 0x7A46, 0x7A46,
    0x7A46, 0x7205, 0x59A4, 0x5983, 0x69E4, 0x69E4, 0x61C4, 0x61A4, 0x5983, 0x5163, 0x59A4, 0x61E4,
    0x59A4, 0x59C4, 0x7A45, 0x69E4, 0x7225, 0x8266, 0x7A46, 0x92A7, 0x92A7, 0xA2E8, 0xAAE8, 0xB309,
    0xBB29, 0xC34A, 0xB2C8, 0xB309, 0xC34A, 0xBB0A, 0xBB09, 0xDBCC, 0xE3ED, 0xDBCC, 0xDBAC, 0xDBAC,
    0xD36B, 0xCB4B, 0xD38C, 0xDBCC, 0xD36B, 0xDBAC, 0xDBCD, 0xBAC9, 0xCB2A, 0xD36B, 0xD38C, 0xD38B,
    0xC32A, 0xB288, 0xBAE9, 0xCB2A, 0xC30A, 0xC32A, 0xB2A8, 0xC32A, 0xC34A, 0xAA88, 0xB2C9, 0xCB6B,
    0xC34A, 0xBB09, 0xBB2A, 0xBB4A, 0xA309, 0xAB29, 0xB34A, 0xB36A, 0xB38A, 0xAB6A, 0x9B09, 0x8AA7,
    0x9B09, 0x9B09, 0x9B09, 0x9B09, 0xA309, 0xAB49, 0xAB6A, 0xAB29, 0xAB49, 0xBBAB, 0xBBCB, 0xAB49,
    0xB36A, 0xC3EC, 0xC3EC, 0xC3EC, 0xCC2D, 0xD44D, 0xC3CC, 0xC3CC, 0xCBEC, 0xC3EC, 0xCC2D, 0x7AA8,
    0x0820, 0x0000, 0x0800, 0x0000, 0x0000, 0x0000, 0x0000, 0x0000, 0x0000, 0x0000, 0x0000, 0x0000,
    0x0000, 0x0000, 0x0000, 0x0000, 0x0000, 0x0000, 0x0000, 0x0000, 0x0000, 0x0000, 0x0000, 0x0000,
    0x0000, 0x0000, 0x0000, 0x0000, 0x0000, 0x0000, 0x0000, 0x0000, 0x0000, 0x0000, 0x0000, 0x0000,
    0x0000, 0x0000, 0x0000, 0x0000, 0x0000, 0x0000, 0x0000, 0x0000, 0x0000, 0x0000, 0x0000, 0x0000,
    0x0000, 0x0000, 0x0000, 0x0000, 0x0000, 0x0000, 0x0000, 0x0000, 0x0000, 0x0000, 0x0000, 0x0000,
    0x0000, 0x0000, 0x0000, 0x0000, 0x0000, 0x0000, 0x0000, 0x0000, 0x0000, 0x0000, 0x0000, 0x0000,
    0x0000, 0x0000, 0x0000, 0x0000, 0x0000, 0x0000, 0x0000, 0x0000, 0x0000, 0x0000, 0x0000, 0x0000,
    0x0000, 0x0000, 0x0000, 0x0000, 0x0000, 0x0000, 0x0000, 0x0000, 0x0000, 0x0000, 0x0000, 0x0000,
    0x0000, 0x0000, 0x4984, 0x61E5, 0x5163, 0x61A4, 0x69E4, 0x6A05, 0x7205, 0x7205, 0x61C4, 0x61C4,
    0x69E4, 0x69C4, 0x5983, 0x5983, 0x59A3, 0x5183, 0x5183, 0x61C4, 0x61C4, 0x61E4, 0x69E4, 0x7225,
    0x7225, 0x61E4, 0x69E5, 0x7225, 0x8266, 0x8A87, 0x9AA7, 0xA2C8, 0xA2C8, 0xAAC8, 0xA2A8, 0xAAE8,
    0xC34A, 0xC34A, 0xC32A, 0xCB4B, 0xCB4B, 0xD38C, 0xD3AC, 0xD38B, 0xD36B, 0xCB4B, 0xCB4A, 0xDBAC,
    0xDBCC, 0xE3ED, 0xE3ED, 0xC309, 0xCB4B, 0xC30A, 0xCB2A, 0xC30A, 0xC309, 0xC30A, 0xBAC8, 0xB2A8,
    0xC2E9, 0xD36B, 0xC32A, 0xB2C8, 0xB2C9, 0xAAA8, 0xB2C8, 0xC34A, 0xBB2A, 0xC34A, 0xCBAC, 0xB34A,
    0x8AA7, 0xA309, 0xB36A, 0xA329, 0x9B08, 0x92E8, 0x92E8, 0x8AC7, 0x8AA7, 0x8AA7, 0x8AC7, 0x92C8,
    0x9B08, 0x9B08, 0xA329, 0xB38A, 0xB36A, 0xAB4A, 0xCC0C, 0xCBEC, 0xC3EC, 0xBBCB, 0xBB8B, 0xBBAB,
    0xCC0C, 0xD44D, 0xD42D, 0xD40D, 0xC3EC, 0xCC0C, 0xD44D, 0x6206, 0x0000, 0x0820, 0x0000, 0x0000,
    0x0000, 0x0000, 0x0000, 0x0000, 0x0000, 0x0000, 0x0000, 0x0000, 0x0000, 0x0000, 0x0000, 0x0000,
    0x0000, 0x0000, 0x0000, 0x0000, 0x0000, 0x0000, 0x0000, 0x0000, 0x0000, 0x0000, 0x0000, 0x0000,
    0x0000, 0x0000, 0x0000, 0x0000, 0x0000, 0x0000, 0x0000, 0x0000, 0x0000, 0x0000, 0x0000, 0x0000,
    0x0000, 0x0000, 0x0000, 0x0000, 0x0000, 0x0000, 0x0000, 0x0000, 0x0000, 0x0000, 0x0000, 0x0000,
    0x0000, 0x0000, 0x0000, 0x0000, 0x0000, 0x0000, 0x0000, 0x0000, 0x0000, 0x0000, 0x0000, 0x0000,
    0x0000, 0x0000, 0x0000, 0x0000, 0x0000, 0x0000, 0x0000, 0x0000, 0x0000, 0x0000, 0x0000, 0x0000,
    0x0000, 0x0000, 0x0000, 0x0000, 0x0000, 0x0000, 0x0000, 0x0000, 0x0000, 0x0000, 0x0000, 0x0000,
    0x0000, 0x0000, 0x0000, 0x0000, 0x0000, 0x0000, 0x0000, 0x0000, 0x0000, 0x0000, 0x51A4, 0x59C4,
    0x59A4, 0x69E4, 0x59A4, 0x69E4, 0x69E4, 0x7A25, 0x71E4, 0x69C4, 0x6184, 0x6183, 0x5143, 0x61A4,
    0x61C4, 0x5983, 0x4942, 0x5143, 0x5163, 0x59A3, 0x5983, 0x61A4, 0x61C4, 0x59A4, 0x61C4, 0x7225,
    0x6A05, 0x6A05, 0x7A46, 0x8A66, 0x8A46, 0x8A26, 0x9267, 0xAAA8, 0xB309, 0xBB09, 0xBB09, 0xBB09,
    0xBAE9, 0xCB4B, 0xD38B, 0xD38B, 0xCB4B, 0xC32A, 0xCB4A, 0xD36B, 0xDBAC, 0xE42E, 0xE42E, 0xBAE9,
    0xD36B, 0xCB2A, 0xCB4B, 0xCB2A, 0xBAE9, 0xBAE9, 0xBAE9, 0xBAC8, 0xC309, 0xC32A, 0xB2C8, 0xB2A8,
    0xB2C8, 0xBB2A, 0xB2E9, 0xAAE9, 0xAAE9, 0xA2C8, 0xAAE9, 0x9AE8, 0x8A87, 0x8AA7, 0x8A87, 0x7A46,
    0x8266, 0x8266, 0x8AA7, 0x8266, 0x7A46, 0x7A46, 0x9B08, 0x9AE8, 0x92A7, 0x8A87, 0xA329, 0xC3CC,
    0xBB8A, 0xA309, 0xC3CC, 0xC3CB, 0xBB8A, 0xB36A, 0xAB49, 0xB36A, 0xC3CC, 0xC3CC, 0xCC0C, 0xC3CB,
    0xAB49, 0xCC0C, 0xD44D, 0x59E5, 0x0000, 0x0820, 0x0000, 0x0000, 0x0000, 0x0000, 0x0000, 0x0000,
    0x0000, 0x0000, 0x0000, 0x0000, 0x0000, 0x0000, 0x0000, 0x0000, 0x0000, 0x0000, 0x0000, 0x0000,
    0x0000, 0x0000, 0x0000, 0x0000, 0x0000, 0x0000, 0x0000, 0x0000, 0x0000, 0x0000, 0x0000, 0x0000,
    0x0000, 0x0000, 0x0000, 0x0000, 0x0000, 0x0000, 0x0000, 0x0000, 0x0000, 0x0000, 0x0000, 0x0000,
    0x0000, 0x0000, 0x0000, 0x0000, 0x0000, 0x0000, 0x0000, 0x0000, 0x0000, 0x0000, 0x0000, 0x0000,
    0x0000, 0x0000, 0x0000, 0x0000, 0x0000, 0x0000, 0x0000, 0x0000, 0x0000, 0x0000, 0x0000, 0x0000,
    0x0000, 0x0000, 0x0000, 0x0000, 0x0000, 0x0000, 0x0000, 0x0000, 0x0000, 0x0000, 0x0000, 0x0000,
    0x0000, 0x0000, 0x0000, 0x0000, 0x0000, 0x0000, 0x0000, 0x0000, 0x0000, 0x0000, 0x0000, 0x0000,
    0x0000, 0x0000, 0x0000, 0x0000, 0x0000, 0x0820, 0x4143, 0x4122, 0x61C4, 0x7A25, 0x5983, 0x61C4,
    0x61C4, 0x7205, 0x71E4, 0x69C4, 0x7A05, 0x7A05, 0x71E5, 0x71E4, 0x61A4, 0x5143, 0x4922, 0x4902,
    0x4922, 0x5143, 0x5143, 0x5963, 0x61A3, 0x5983, 0x5983, 0x5983, 0x5163, 0x61E4, 0x7225, 0x8246,
    0x8A66, 0x9266, 0x9A87, 0x9A87, 0x9A67, 0xA287, 0xAAA8, 0xAAA8, 0xAAA8, 0xB2E9, 0xB2E9, 0xC32A,
    0xC30A, 0xBAE9, 0xC309, 0xBAE9, 0xBAC8, 0xC32A, 0xCB6B, 0xBAE9, 0xCB4A, 0xC30A, 0xC32A, 0xC2E9,
    0xC2E9, 0xBAC9, 0xC30A, 0xD38B, 0xAA88, 0x9206, 0xA267, 0x9A47, 0xA287, 0xB2E9, 0xAAA8, 0xA2A8,
    0x9AA7, 0x9287, 0x8A67, 0x8A66, 0x8A87, 0x8266, 0x8246, 0x7205, 0x69E5, 0x7A46, 0x8266, 0x8246,
    0x8226, 0x8A87, 0x8A87, 0x8AA7, 0x8A67, 0x8A87, 0xB36A, 0xCC0D, 0xCBEC, 0xBB6A, 0xCBEC, 0xC3CB,
    0xBB8B, 0xCBEC, 0xC3CC, 0xB38A, 0xCBEC, 0xCC0C, 0xD42D, 0xD42D, 0xC3EC, 0xD44D, 0xD44E, 0x6206,
    0x0000, 0x0820, 0x0000, 0x0000, 0x0000, 0x0000, 0x0000, 0x0000, 0x0000, 0x0000, 0x0000, 0x0000,
    0x0000, 0x0000, 0x0000, 0x0000, 0x0000, 0x0000, 0x0000, 0x0000, 0x0000, 0x0000, 0x0000, 0x0000,
    0x0000, 0x0000, 0x0000, 0x0000, 0x0000, 0x0000, 0x0000, 0x0000, 0x0000, 0x0000, 0x0000, 0x0000,
    0x0000, 0x0000, 0x0000, 0x0000, 0x0000, 0x0000, 0x0000, 0x0000, 0x0000, 0x0000, 0x0000, 0x0000,
    0x0000, 0x0000, 0x0000, 0x0000, 0x0000, 0x0000, 0x0000, 0x0000, 0x0000, 0x0000, 0x0000, 0x0000,
    0x0000, 0x0000, 0x0000, 0x0000, 0x0000, 0x0000, 0x0000, 0x0000, 0x0000, 0x0000, 0x0000, 0x0000,
    0x0000, 0x0000, 0x0000, 0x0000, 0x0000, 0x0000, 0x0000, 0x0000, 0x0000, 0x0000, 0x0000, 0x0000,
    0x0000, 0x0000, 0x0000, 0x0000, 0x0000, 0x0000, 0x0000, 0x0000, 0x0000, 0x0000, 0x0000, 0x0000,
    0x0000, 0x2081, 0x59C5, 0x6205, 0x69E5, 0x71E5, 0x61A4, 0x5963, 0x5983, 0x61A4, 0x69A4, 0x71E4,
    0x7A05, 0x8225, 0x8225, 0x79E5, 0x69A4, 0x5963, 0x5963, 0x5963, 0x5143, 0x5142, 0x5142, 0x5983,
    0x5963, 0x5983, 0x5983, 0x61A4, 0x61C4, 0x61C4, 0x61C4, 0x69E4, 0x7A05, 0x8226, 0x8A26, 0x8A26,
    0x9A67, 0xAAC8, 0xB2E8, 0xAAC8, 0xAAA8, 0xB2C8, 0xAA87, 0xAA67, 0xAA67, 0xB2C8, 0xB2C8, 0xBAE9,
    0xB2A8, 0xB288, 0xC34A, 0xC30A, 0xB2A8, 0xB2C9, 0xC32A, 0xBAE9, 0xBAA8, 0xBAC9, 0xB2A8, 0xC30A,
    0xB2A8, 0x9A26, 0xAAA8, 0xA288, 0xA288, 0xAAC8, 0xA2A8, 0x9A87, 0x8A46, 0x8226, 0x8A87, 0x7A05,
    0x71C4, 0x71E5, 0x71C4, 0x71E5, 0x71E5, 0x92A7, 0x9AC8, 0x92A7, 0x9AC8, 0xA309, 0xB38B, 0xBBAB,
    0xBBAB, 0xBBAB, 0xC3AB, 0xDC6E, 0xDC2D, 0xCBCC, 0xD42D, 0xDC4E, 0xDC4E, 0xDC4D, 0xD42D, 0xC3CC,
    0xC3EC, 0xC3CB, 0xBBAB, 0xBB8B, 0xC3EC, 0xD46E, 0xD48E, 0x59C5, 0x0000, 0x0820, 0x0000, 0x0000,
    0x0000, 0x0000, 0x0000, 0x0000, 0x0000, 0x0000, 0x0000, 0x0000, 0x0000, 0x0000, 0x0000, 0x0000,
    0x0000, 0x0000, 0x0000, 0x0000, 0x0000, 0x0000, 0x0000, 0x0000, 0x0000, 0x0000, 0x0000, 0x0000,
    0x0000, 0x0000, 0x0000, 0x0000, 0x0000, 0x0000, 0x0000, 0x0000, 0x0000, 0x0000, 0x0000, 0x0000,
    0x0000, 0x0000, 0x0000, 0x0000, 0x0000, 0x0000, 0x0000, 0x0000, 0x0000, 0x0000, 0x0000, 0x0000,
    0x0000, 0x0000, 0x0000, 0x0000, 0x0000, 0x0000, 0x0000, 0x0000, 0x0000, 0x0000, 0x0000, 0x0000,
    0x0000, 0x0000, 0x0000, 0x0000, 0x0000, 0x0000, 0x0000, 0x0000, 0x0000, 0x0000, 0x0000, 0x0000,
    0x0000, 0x0000, 0x0000, 0x0000, 0x0000, 0x0000, 0x0000, 0x0000, 0x0000, 0x0000, 0x0000, 0x0000,
    0x0000, 0x0000, 0x0000, 0x0000, 0x0000, 0x0000, 0x0000, 0x0000, 0x0000, 0x28C2, 0x7A46, 0x82A7,
    0x69E5, 0x5963, 0x5983, 0x5142, 0x61A4, 0x8A46, 0x8205, 0x79E5, 0x71C4, 0x8205, 0x9A66, 0x9A66,
    0x9266, 0x9246, 0x8A26, 0x79C4, 0x6183, 0x6163, 0x6163, 0x6183, 0x6183, 0x69C4, 0x61A4, 0x5963,
    0x5983, 0x5983, 0x61A4, 0x69C4, 0x71C4, 0x7A05, 0x79E5, 0x79E5, 0x9A87, 0xA287, 0x9A46, 0x9A67,
    0xA267, 0xAA88, 0xAA87, 0xA267, 0xAA87, 0xB2C9, 0xB2C8, 0xB2C8, 0xAA67, 0xB2A8, 0xC32A, 0xBAE9,
    0xAA67, 0xB2A8, 0xBAE9, 0xB2A8, 0xB2A8, 0xAA88, 0xAA67, 0xB2A8, 0xAAA8, 0xA267, 0xAA88, 0x9A47,
    0x9226, 0x9A47, 0x8A26, 0x79E5, 0x79E5, 0x79E5, 0x8A46, 0x79E5, 0x79E5, 0x79E5, 0x71C5, 0x8226,
    0x8225, 0xA2E8, 0xA2C8, 0xA2E8, 0xAB29, 0xA2E8, 0xCC0C, 0xD42D, 0xCC0C, 0xC3CC, 0xCBEC, 0xDC4E,
    0xD40D, 0xCBCC, 0xDC2D, 0xDC4E, 0xDC2D, 0xD42D, 0xD40D, 0xD40D, 0xD40D, 0xC3CB, 0xAB4A, 0xA309,
    0xB36A, 0xC40D, 0xDC8F, 0x59C5, 0x0000, 0x0820, 0x0000, 0x0000, 0x0000, 0x0000, 0x0000, 0x0000,
    0x0000, 0x0000, 0x0000, 0x0000, 0x0000, 0x0000, 0x0000, 0x0000, 0x0000, 0x0000, 0x0000, 0x0000,
    0x0000, 0x0000, 0x0000, 0x0000, 0x0000, 0x0000, 0x0000, 0x0000, 0x0000, 0x0000, 0x0000, 0x0000,
    0x0000, 0x0000, 0x0000, 0x0000, 0x0000, 0x0000, 0x0000, 0x0000, 0x0000, 0x0000, 0x0000, 0x0000,
    0x0000, 0x0000, 0x0000, 0x0000, 0x0000, 0x0000, 0x0000, 0x0000, 0x0000, 0x0000, 0x0000, 0x0000,
    0x0000, 0x0000, 0x0000, 0x0000, 0x0000, 0x0000, 0x0000, 0x0000, 0x0000, 0x0000, 0x0000, 0x0000,
    0x0000, 0x0000, 0x0000, 0x0000, 0x0000, 0x0000, 0x0000, 0x0000, 0x0000, 0x0000, 0x0000, 0x0000,
    0x0000, 0x0000, 0x0000, 0x0000, 0x0000, 0x0000, 0x0000, 0x0000, 0x0000, 0x0000, 0x0000, 0x0000,
    0x0000, 0x0000, 0x0000, 0x0000, 0x0000, 0x30E2, 0x61E5, 0x8287, 0x61C4, 0x5963, 0x69C4, 0x71C4,
    0x7A05, 0x8A46, 0x8A25, 0x8225, 0x8205, 0x8A05, 0x9A87, 0x9A66, 0xA287, 0xA2A7, 0x9A66, 0x81E5,
    0x8205, 0x8205, 0x79E5, 0x71A4, 0x69A4, 0x71C4, 0x6184, 0x5963, 0x5963, 0x5983, 0x5963, 0x5143,
    0x6183, 0x71E4, 0x69A4, 0x69A4, 0x79C5, 0x8205, 0x81E5, 0x8A06, 0x9226, 0xA267, 0xB2C8, 0xB2C8,
    0xB2A8, 0xB2C8, 0xAA67, 0xAAA8, 0xC32A, 0xD38B, 0xBAE9, 0xBB09, 0xCB4B, 0xCB6B, 0xC34A, 0xBAE9,
    0xC34A, 0xBB0A, 0xBAE9, 0xB2A8, 0xA267, 0xA267, 0xB2C8, 0x9A47, 0x89E5, 0x81C5, 0x71A4, 0x71A4,
    0x9246, 0x9A87, 0x8A46, 0x79E5, 0x79E5, 0x8205, 0x9267, 0x9AA7, 0x9287, 0xA2C8, 0xB329, 0xB34A,
    0xBB8A, 0xBB6A, 0xC3AB, 0xCBEC, 0xCBCC, 0xC3AB, 0xD40D, 0xDC4E, 0xD42D, 0xCBEC, 0xD42D, 0xC38B,
    0xC36A, 0xD42D, 0xD42D, 0xCBEC, 0xCBEC, 0xCC0D, 0xC3AB, 0xCBEC, 0xC3EC, 0xC3EC, 0xD46E, 0x59E5,
    0x0000, 0x0820, 0x0000, 0x0000, 0x0000, 0x0000, 0x0000, 0x0000, 0x0000, 0x0000, 0x0000, 0x0000,
    0x0000, 0x0000, 0x0000, 0x0000, 0x0000, 0x0000, 0x0000, 0x0000, 0x0000, 0x0000, 0x0000, 0x0000,
    0x0000, 0x0000, 0x0000, 0x0000, 0x0000, 0x0000, 0x0000, 0x0000, 0x0000, 0x0000, 0x0000, 0x0000,
    0x0000, 0x0000, 0x0000, 0x0000, 0x0000, 0x0000, 0x0000, 0x0000, 0x0000, 0x0000, 0x0000, 0x0000,
    0x0000, 0x0000, 0x0000, 0x0000, 0x0000, 0x0000, 0x0000, 0x0000, 0x0000, 0x0000, 0x0000, 0x0000,
    0x0000, 0x0000, 0x0000, 0x0000, 0x0000, 0x0000, 0x0000, 0x0000, 0x0000, 0x0000, 0x0000, 0x0000,
    0x0000, 0x0000, 0x0000, 0x0000, 0x0000, 0x0000, 0x0000, 0x0000, 0x0000, 0x0000, 0x0000, 0x0000,
    0x0000, 0x0000, 0x0000, 0x0000, 0x0000, 0x0000, 0x0000, 0x0000, 0x0000, 0x0000, 0x0000, 0x0000,
    0x0000, 0x30E2, 0x4984, 0x6A25, 0x59A4, 0x6184, 0x71E4, 0x7A05, 0x8205, 0x71C4, 0x8205, 0x8A25,
    0x8A25, 0x9246, 0x9246, 0x9226, 0x9226, 0x9246, 0x8A05, 0x8A05, 0x9246, 0x8205, 0x8205, 0x79C4,
    0x71C4, 0x79C4, 0x71A4, 0x6183, 0x6183, 0x5983, 0x5963, 0x5963, 0x5963, 0x6183, 0x6183, 0x6184,
    0x69A4, 0x71A4, 0x79C5, 0x8A06, 0x8A05, 0x8A06, 0x9A47, 0xA267, 0xA247, 0xAA87, 0xAA88, 0xBB0A,
    0xBB0A, 0xC30A, 0xB2C9, 0xC32A, 0xD38C, 0xCB4B, 0xC32A, 0xD3AC, 0xCB8C, 0xCB6B, 0xC36B, 0xAAA8,
    0x9A47, 0x9A47, 0xA287, 0xA267, 0x9A47, 0x9226, 0x8A06, 0x81E5, 0x8A06, 0x8A26, 0x8A26, 0x8206,
    0x8226, 0x9266, 0x9A87, 0x9A87, 0x9A87, 0xA2C8, 0xAB09, 0xB329, 0xB329, 0xC38B, 0xC3AB, 0xCBAB,
    0xCBCC, 0xBB6A, 0xCBCC, 0xDC2D, 0xCBCC, 0xC3AB, 0xDC4D, 0xC3AB, 0xBB6A, 0xD40D, 0xD40D, 0xC3CC,
    0xC3AB, 0xCBEC, 0xC3AB, 0xCBEC, 0xD42D, 0xCC0D, 0xD44D, 0x59C5, 0x0000, 0x0820, 0x0000, 0x0000,
    0x0000, 0x0000, 0x0000, 0x0000, 0x0000, 0x0000, 0x0000, 0x0000, 0x0000, 0x0000, 0x0000, 0x0000,
    0x0000, 0x0000, 0x0000, 0x0000, 0x0000, 0x0000, 0x0000, 0x0000, 0x0000, 0x0000, 0x0000, 0x0000,
    0x0000, 0x0000, 0x0000, 0x0000, 0x0000, 0x0000, 0x0000, 0x0000, 0x0000, 0x0000, 0x0000, 0x0000,
    0x0000, 0x0000, 0x0000, 0x0000, 0x0000, 0x0000, 0x0000, 0x0000, 0x0000, 0x0000, 0x0000, 0x0000,
    0x0000, 0x0000, 0x0000, 0x0000, 0x0000, 0x0000, 0x0000, 0x0000, 0x0000, 0x0000, 0x0000, 0x0000,
    0x0000, 0x0000, 0x0000, 0x0000, 0x0000, 0x0000, 0x0000, 0x0000, 0x0000, 0x0000, 0x0000, 0x0000,
    0x0000, 0x0000, 0x0000, 0x0000, 0x0000, 0x0000, 0x0000, 0x0000, 0x0000, 0x0000, 0x0000, 0x0000,
    0x0000, 0x0000, 0x0000, 0x0000, 0x0000, 0x0000, 0x0000, 0x0000, 0x0000, 0x30E2, 0x51A4, 0x4943,
    0x4943, 0x5963, 0x6183, 0x79E5, 0x7A05, 0x79C4, 0x79E4, 0x8A05, 0x8A05, 0x8A05, 0x81E5, 0x81E5,
    0x89E5, 0x81E5, 0x8A05, 0x9225, 0x9246, 0x9246, 0x9226, 0x9226, 0x8A26, 0x8A05, 0x79C4, 0x71A4,
    0x69A4, 0x6163, 0x5943, 0x5142, 0x4922, 0x5143, 0x5963, 0x5963, 0x6183, 0x5963, 0x6163, 0x79C5,
    0x79C5, 0x7184, 0x79C5, 0x8A05, 0x8A06, 0x9A47, 0xA267, 0xA247, 0xA226, 0xA247, 0xAA67, 0xBB0A,
    0xCB6B, 0xC30A, 0xBAC9, 0xBB0A, 0xC34B, 0xD3CC, 0xB2E9, 0xAAA8, 0x9A27, 0x9206, 0x9A26, 0x9A47,
    0xA267, 0xA287, 0x9A67, 0x81E5, 0x79C5, 0x79C4, 0x79C5, 0x81E5, 0x8206, 0x8A26, 0x9246, 0x9246,
    0x9267, 0xA2C8, 0xA2C8, 0xA2C8, 0xA2C8, 0xBB6A, 0xBB4A, 0xAB09, 0xBB4A, 0xB34A, 0xBB8B, 0xCBEC,
    0xC3AB, 0xC3AB, 0xDC2D, 0xCBEC, 0xC38B, 0xCBEC, 0xD3EC, 0xCBCC, 0xC3CC, 0xC3CB, 0xC3CB, 0xC3EC,
    0xC3EC, 0xC3EC, 0xD44D, 0x51C5, 0x0000, 0x0820, 0x0000, 0x0000, 0x0000, 0x0000, 0x0000, 0x0000,
    0x0000, 0x0000, 0x0000, 0x0000, 0x0000, 0x0000, 0x0000, 0x0000, 0x0000, 0x0000, 0x0000, 0x0000,
    0x0000, 0x0000, 0x0000, 0x0000, 0x0000, 0x0000, 0x0000, 0x0000, 0x0000, 0x0000, 0x0000, 0x0000,
    0x0000, 0x0000, 0x0000, 0x0000, 0x0000, 0x0000, 0x0000, 0x0000, 0x0000, 0x0000, 0x0000, 0x0000,
    0x0000, 0x0000, 0x0000, 0x0000, 0x0000, 0x0000, 0x0000, 0x0000, 0x0000, 0x0000, 0x0000, 0x0000,
    0x0000, 0x0000, 0x0000, 0x0000, 0x0000, 0x0000, 0x0000, 0x0000, 0x0000, 0x0000, 0x0000, 0x0000,
    0x0000, 0x0000, 0x0000, 0x0000, 0x0000, 0x0000, 0x0000, 0x0000, 0x0000, 0x0000, 0x0000, 0x0000,
    0x0000, 0x0000, 0x0000, 0x0000, 0x0000, 0x0000, 0x0000, 0x0000, 0x0000, 0x0000, 0x0000, 0x0000,
    0x0000, 0x0000, 0x0000, 0x0000, 0x0000, 0x3103, 0x59A4, 0x5984, 0x5163, 0x5983, 0x61A4, 0x8226,
    0x8A46, 0x8225, 0x81E5, 0x81E5, 0x8205, 0x8205, 0x79C4, 0x81E4, 0x81E5, 0x81E5, 0x8A05, 0x8A05,
    0x8A25, 0x9246, 0x9A66, 0x9A66, 0x9246, 0x8205, 0x79C4, 0x79C4, 0x71C4, 0x71A4, 0x71A4, 0x6983,
    0x5942, 0x5122, 0x5122, 0x5122, 0x5943, 0x5963, 0x6183, 0x6983, 0x7184, 0x71A4, 0x79C5, 0x8A26,
    0x9226, 0x9206, 0x91E5, 0x9A26, 0xA247, 0xC30A, 0xBAE9, 0xB2C9, 0xC34B, 0xCB6B, 0xCB8B, 0xC32A,
    0xB2C9, 0xCB6B, 0xAAA8, 0x9A47, 0x9206, 0x9A26, 0x9226, 0x9206, 0x89E5, 0x89E5, 0x81C5, 0x81E5,
    0x81C5, 0x79C5, 0x79C5, 0x79C5, 0x79C4, 0x71C4, 0x81E5, 0x9267, 0x9A87, 0xA2C8, 0xA2A7, 0x9A87,
    0xA2C8, 0xB329, 0xAAE8, 0xA2C8, 0x9AA7, 0xA2E8, 0xB329, 0xB32A, 0xBB6A, 0xC38B, 0xCBAB, 0xC38B,
    0xC3AB, 0xCBCC, 0xD40D, 0xD40C, 0xC3AB, 0xC3CB, 0xBBAB, 0xBBCB, 0xAB4A, 0xC3EC, 0xCC2D, 0x51A5,
    0x0000, 0x0820, 0x0000, 0x0000, 0x0000, 0x0000, 0x0000, 0x0000, 0x0000, 0x0000, 0x0000, 0x0000,
    0x0000, 0x0000, 0x0000, 0x0000, 0x0000, 0x0000, 0x0000, 0x0000, 0x0000, 0x0000, 0x0000, 0x0000,
    0x0000, 0x0000, 0x0000, 0x0000, 0x0000, 0x0000, 0x0000, 0x0000, 0x0000, 0x0000, 0x0000, 0x0000,
    0x0000, 0x0000, 0x0000, 0x0000, 0x0000, 0x0000, 0x0000, 0x0000, 0x0000, 0x0000, 0x0000, 0x0000,
    0x0000, 0x0000, 0x0000, 0x0000, 0x0000, 0x0000, 0x0000, 0x0000, 0x0000, 0x0000, 0x0000, 0x0000,
    0x0000, 0x0000, 0x0000, 0x0000, 0x0000, 0x0000, 0x0000, 0x0000, 0x0000, 0x0000, 0x0000, 0x0000,
    0x0000, 0x0000, 0x0000, 0x0000, 0x0000, 0x0000, 0x0000, 0x0000, 0x0000, 0x0000, 0x0000, 0x0000,
    0x0000, 0x0000, 0x0000, 0x0000, 0x0000, 0x0000, 0x0000, 0x0000, 0x0000, 0x0000, 0x0000, 0x0000,
    0x0000, 0x3102, 0x59A4, 0x5184, 0x5163, 0x5163, 0x5983, 0x71C4, 0x71C4, 0x71A4, 0x71C4, 0x79E4,
    0x71C4, 0x71C4, 0x79E4, 0x79E5, 0x81E5, 0x81E5, 0x79E5, 0x79E5, 0x81E5, 0x8205, 0x8A26, 0x8A26,
    0x8A25, 0x8A05, 0x8205, 0x79C4, 0x79C4, 0x71C4, 0x71A4, 0x71A4, 0x6983, 0x6163, 0x5122, 0x4902,
    0x4902, 0x4902, 0x4922, 0x5943, 0x5943, 0x6163, 0x71A4, 0x71A4, 0x8A06, 0x89E5, 0x89E5, 0x9A46,
    0xA247, 0xC32A, 0xBB09, 0xD38C, 0xD3CC, 0xD3AC, 0xD36B, 0xC32A, 0xBAE9, 0xB2C9, 0xB2C9, 0x9A27,
    0x9226, 0x9206, 0x9206, 0x8A06, 0x81E5, 0x79A4, 0x71A4, 0x79A4, 0x79C5, 0x71A4, 0x71A4, 0x81E5,
    0x8205, 0x7A05, 0x8A26, 0x8226, 0x8206, 0x8226, 0x8205, 0x8206, 0x8206, 0x8226, 0x8226, 0x9267,
    0x9A87, 0x9A87, 0x9A87, 0x9A87, 0xA2C8, 0xAAE9, 0xB329, 0xBB6A, 0xB329, 0xB329, 0xC3AB, 0xD40C,
    0xC3AB, 0xBB8A, 0xB36A, 0xBB8B, 0xB38A, 0xCC2D, 0xCC2D, 0x49A5, 0x0000, 0x0820, 0x0000, 0x0000,
    0x0000, 0x0000, 0x0000, 0x0000, 0x0000, 0x0000, 0x0000, 0x0000, 0x0000, 0x0000, 0x0000, 0x0000,
    0x0000, 0x0000, 0x0000, 0x0000, 0x0000, 0x0000, 0x0000, 0x0000, 0x0000, 0x0000, 0x0000, 0x0000,
    0x0000, 0x0000, 0x0000, 0x0000, 0x0000, 0x0000, 0x0000, 0x0000, 0x0000, 0x0000, 0x0000, 0x0000,
    0x0000, 0x0000, 0x0000, 0x0000, 0x0000, 0x0000, 0x0000, 0x0000, 0x0000, 0x0000, 0x0000, 0x0000,
    0x0000, 0x0000, 0x0000, 0x0000, 0x0000, 0x0000, 0x0000, 0x0000, 0x0000, 0x0000, 0x0000, 0x0000,
    0x0000, 0x0000, 0x0000, 0x0000, 0x0000, 0x0000, 0x0000, 0x0000, 0x0000, 0x0000, 0x0000, 0x0000,
    0x0000, 0x0000, 0x0000, 0x0000, 0x0000, 0x0000, 0x0000, 0x0000, 0x0000, 0x0000, 0x0000, 0x0000,
    0x0000, 0x0000, 0x0000, 0x0000, 0x0000, 0x0000, 0x0000, 0x0800, 0x0000, 0x28C2, 0x5184, 0x61C4,
    0x5163, 0x4943, 0x4922, 0x5963, 0x69A4, 0x6983, 0x69A4, 0x69A4, 0x6983, 0x71A4, 0x8205, 0x79E5,
    0x71A4, 0x6983, 0x5943, 0x48E2, 0x4902, 0x4902, 0x5122, 0x5123, 0x5943, 0x6163, 0x5943, 0x6163,
    0x71A4, 0x79C4, 0x79C4, 0x71A4, 0x69A4, 0x6983, 0x5943, 0x5122, 0x5122, 0x40E2, 0x48E2, 0x5122,
    0x4902, 0x5102, 0x6984, 0x7184, 0x79A4, 0x81A4, 0x9A47, 0xA226, 0x9A26, 0xBAE9, 0xB2A8, 0xD38B,
    0xD3AC, 0xDBCD, 0xD38C, 0xD38B, 0xCB4B, 0xB2A8, 0xAA88, 0x9A47, 0x9227, 0x8A06, 0x8A06, 0x81C5,
    0x79A4, 0x7184, 0x71A4, 0x79C5, 0x81E5, 0x79C5, 0x71C5, 0x69A4, 0x6984, 0x5123, 0x4903, 0x38C2,
    0x30A1, 0x3081, 0x38A1, 0x38C1, 0x38C2, 0x40E2, 0x38C2, 0x40E2, 0x6164, 0x79E5, 0x9A87, 0xAAC8,
    0xAAC8, 0xAAC8, 0xAAE8, 0xAB09, 0xAAE8, 0xAAE8, 0xAB09, 0xBB8B, 0xCBCC, 0xB34A, 0xB36A, 0xB36A,
    0xB36A, 0xBBCB, 0xCC2D, 0x51A5, 0x0000, 0x0820, 0x0000, 0x0000, 0x0000, 0x0000, 0x0000, 0x0000,
    0x0000, 0x0000, 0x0000, 0x0000, 0x0000, 0x0000, 0x0000, 0x0000, 0x0000, 0x0000, 0x0000, 0x0000,
    0x0000, 0x0000, 0x0000, 0x0000, 0x0000, 0x0000, 0x0000, 0x0000, 0x0000, 0x0000, 0x0000, 0x0000,
    0x0000, 0x0000, 0x0000, 0x0000, 0x0000, 0x0000, 0x0000, 0x0000, 0x0000, 0x0000, 0x0000, 0x0000,
    0x0000, 0x0000, 0x0000, 0x0000, 0x0000, 0x0000, 0x0000, 0x0000, 0x0000, 0x0000, 0x0000, 0x0000,
    0x0000, 0x0000, 0x0000, 0x0000, 0x0000, 0x0000, 0x0000, 0x0000, 0x0000, 0x0000, 0x0000, 0x0000,
    0x0000, 0x0000, 0x0000, 0x0000, 0x0000, 0x0000, 0x0000, 0x0000, 0x0000, 0x0000, 0x0000, 0x0000,
    0x0000, 0x0000, 0x0000, 0x0000, 0x0000, 0x0000, 0x0000, 0x0000, 0x0000, 0x0000, 0x0000, 0x0000,
    0x0000, 0x0000, 0x0000, 0x0800, 0x0000, 0x2081, 0x5184, 0x61C5, 0x5984, 0x4943, 0x4922, 0x5143,
    0x6183, 0x6983, 0x6983, 0x69A4, 0x6163, 0x6163, 0x6984, 0x4902, 0x38A1, 0x38A1, 0x3081, 0x2060,
    0x2861, 0x3081, 0x38A1, 0x30A1, 0x30A1, 0x3081, 0x2860, 0x3081, 0x38A1, 0x5943, 0x71A4, 0x6984,
    0x69A4, 0x6983, 0x6983, 0x6183, 0x5943, 0x4922, 0x40C1, 0x4902, 0x4902, 0x48E2, 0x6163, 0x6984,
    0x7184, 0x89C5, 0x9A26, 0x9A06, 0x9A06, 0xC32A, 0xCB4A, 0xE40D, 0xEC2E, 0xEC4E, 0xE3ED, 0xDBCC,
    0xCB4A, 0xBAC9, 0xB2C9, 0x9A47, 0x81C5, 0x79A5, 0x79A5, 0x7184, 0x7184, 0x7184, 0x79A4, 0x71A4,
    0x79E5, 0x71C5, 0x4923, 0x30C2, 0x2881, 0x40E2, 0x6164, 0x71A4, 0x71C5, 0x79C5, 0x79E5, 0x8205,
    0x8A26, 0x8A26, 0x8205, 0x79E5, 0x5943, 0x5123, 0x5943, 0x71A4, 0x9246, 0x9A87, 0xA2C8, 0xAAE9,
    0xAB09, 0xAB09, 0xAAE9, 0xA2C8, 0xBB6A, 0xBB8B, 0xB349, 0xAB49, 0xB3AB, 0xBBAB, 0xCC2D, 0x51A5,
    0x0000, 0x0820, 0x0000, 0x0000, 0x0000, 0x0000, 0x0000, 0x0000, 0x0000, 0x0000, 0x0000, 0x0000,
    0x0000, 0x0000, 0x0000, 0x0000, 0x0000, 0x0000, 0x0000, 0x0000, 0x0000, 0x0000, 0x0000, 0x0000,
    0x0000, 0x0000, 0x0000, 0x0000, 0x0000, 0x0000, 0x0000, 0x0000, 0x0000, 0x0000, 0x0000, 0x0000,
    0x0000, 0x0000, 0x0000, 0x0000, 0x0000, 0x0000, 0x0000, 0x0000, 0x0000, 0x0000, 0x0000, 0x0000,
    0x0000, 0x0000, 0x0000, 0x0000, 0x0000, 0x0000, 0x0000, 0x0000, 0x0000, 0x0000, 0x0000, 0x0000,
    0x0000, 0x0000, 0x0000, 0x0000, 0x0000, 0x0000, 0x0000, 0x0000, 0x0000, 0x0000, 0x0000, 0x0000,
    0x0000, 0x0000, 0x0000, 0x0000, 0x0000, 0x0000, 0x0000, 0x0000, 0x0000, 0x0000, 0x0000, 0x0000,
    0x0000, 0x0000, 0x0000, 0x0000, 0x0000, 0x0000, 0x0000, 0x0000, 0x0000, 0x0000, 0x0000, 0x0800,
    0x0000, 0x2081, 0x5184, 0x4943, 0x5143, 0x4102, 0x4102, 0x5123, 0x6184, 0x6163, 0x5943, 0x5122,
    0x5943, 0x5122, 0x40E2, 0x2860, 0x38C1, 0x4902, 0x6163, 0x6184, 0x71A4, 0x71E5, 0x79E5, 0x7A05,
    0x7A05, 0x71A4, 0x5943, 0x4922, 0x38C2, 0x38A1, 0x40C1, 0x40E1, 0x6163, 0x69A4, 0x6183, 0x6183,
    0x5943, 0x5143, 0x4922, 0x40C2, 0x4902, 0x4902, 0x5102, 0x6143, 0x7184, 0x89E5, 0xA267, 0xB2A8,
    0xBAE9, 0xCB4A, 0xD36B, 0xEC2E, 0xF48F, 0xF46F, 0xF48F, 0xEC2E, 0xE3CC, 0xD36B, 0xBAE9, 0x9A68,
    0x8A06, 0x71A4, 0x6964, 0x6964, 0x7184, 0x79A5, 0x71C4, 0x6984, 0x5143, 0x4103, 0x28A2, 0x40E2,
    0x6984, 0x79E5, 0x8A46, 0x9246, 0x9246, 0x9246, 0x8A26, 0x8206, 0x8A26, 0x8A46, 0x8A46, 0x9A67,
    0xA2A8, 0x9267, 0x6984, 0x5943, 0x6164, 0x71A4, 0x9267, 0xA2C8, 0xAB09, 0xAB09, 0xAB09, 0xB329,
    0xB329, 0xBB8B, 0xB34A, 0xC3CB, 0xCC0D, 0xCC0C, 0xCC2D, 0x51A5, 0x0000, 0x0820, 0x0000, 0x0000,
    0x0000, 0x0000, 0x0000, 0x0000, 0x0000, 0x0000, 0x0000, 0x0000, 0x0000, 0x0000, 0x0000, 0x0000,
    0x0000, 0x0000, 0x0000, 0x0000, 0x0000, 0x0000, 0x0000, 0x0000, 0x0000, 0x0000, 0x0000, 0x0000,
    0x0000, 0x0000, 0x0000, 0x0000, 0x0000, 0x0000, 0x0000, 0x0000, 0x0000, 0x0000, 0x0000, 0x0000,
    0x0000, 0x0000, 0x0000, 0x0000, 0x0000, 0x0000, 0x0000, 0x0000, 0x0000, 0x0000, 0x0000, 0x0000,
    0x0000, 0x0000, 0x0000, 0x0000, 0x0000, 0x0000, 0x0000, 0x0000, 0x0000, 0x0000, 0x0000, 0x0000,
    0x0000, 0x0000, 0x0000, 0x0000, 0x0000, 0x0000, 0x0000, 0x0000, 0x0000, 0x0000, 0x0000, 0x0000,
    0x0000, 0x0000, 0x0000, 0x0000, 0x0000, 0x0000, 0x0000, 0x0000, 0x0000, 0x0000, 0x0000, 0x0000,
    0x0000, 0x0000, 0x0000, 0x0000, 0x0000, 0x0000, 0x0000, 0x0800, 0x0000, 0x1881, 0x61C5, 0x61A4,
    0x4102, 0x38E2, 0x4102, 0x5123, 0x69A4, 0x5963, 0x4902, 0x38C1, 0x3081, 0x2881, 0x30A1, 0x5963,
    0x71C4, 0x71C4, 0x79E5, 0x8205, 0x8205, 0x8A26, 0x8A26, 0x8205, 0x8A26, 0x8226, 0x9A87, 0x9A87,
    0x8205, 0x71C4, 0x5123, 0x38A1, 0x38C1, 0x5143, 0x69A4, 0x6183, 0x5963, 0x5963, 0x5143, 0x40E2,
    0x40E2, 0x40E2, 0x40E2, 0x5923, 0x7184, 0x89E5, 0xBAE9, 0xC309, 0xBB09, 0xBAA8, 0xC309, 0xDBEC,
    0xF46E, 0xF4B0, 0xFCF1, 0xF44E, 0xEC0D, 0xDBAC, 0xC32A, 0xA2A8, 0x8A27, 0x71A5, 0x6964, 0x6164,
    0x69A4, 0x71C5, 0x71A4, 0x6164, 0x38E2, 0x4103, 0x5164, 0x8A26, 0x8A26, 0x8206, 0x79E5, 0x69A5,
    0x69A4, 0x5123, 0x4903, 0x38E2, 0x3903, 0x3903, 0x4103, 0x5164, 0x8226, 0x8A26, 0xA2C8, 0xA2A8,
    0x8206, 0x5123, 0x6164, 0x8A26, 0x9A87, 0xAB09, 0xB34A, 0xB34A, 0xA2C8, 0xA2E8, 0xAB2A, 0xBBAB,
    0xC3CB, 0xCC0C, 0xD46E, 0x51C5, 0x0000, 0x0820, 0x0000, 0x0000, 0x0000, 0x0000, 0x0000, 0x0000,
    0x0000, 0x0000, 0x0000, 0x0000, 0x0000, 0x0000, 0x0000, 0x0000, 0x0000, 0x0000, 0x0000, 0x0000,
    0x0000, 0x0000, 0x0000, 0x0000, 0x0000, 0x0000, 0x0000, 0x0000, 0x0000, 0x0000, 0x0000, 0x0000,
    0x0000, 0x0000, 0x0000, 0x0000, 0x0000, 0x0000, 0x0000, 0x0000, 0x0000, 0x0000, 0x0000, 0x0000,
    0x0000, 0x0000, 0x0000, 0x0000, 0x0000, 0x0000, 0x0000, 0x0000, 0x0000, 0x0000, 0x0000, 0x0000,
    0x0000, 0x0000, 0x0000, 0x0000, 0x0000, 0x0000, 0x0000, 0x0000, 0x0000, 0x0000, 0x0000, 0x0000,
    0x0000, 0x0000, 0x0000, 0x0000, 0x0000, 0x0000, 0x0000, 0x0000, 0x0000, 0x0000, 0x0000, 0x0000,
    0x0000, 0x0000, 0x0000, 0x0000, 0x0000, 0x0000, 0x0000, 0x0000, 0x0000, 0x0000, 0x0000, 0x0000,
    0x0000, 0x0000, 0x0000, 0x0000, 0x0000, 0x1861, 0x59C5, 0x5984, 0x38C2, 0x4102, 0x4102, 0x5143,
    0x6184, 0x5943, 0x4902, 0x38E2, 0x4102, 0x4922, 0x5963, 0x71A4, 0x69A4, 0x6984, 0x4902, 0x38E2,
    0x38C2, 0x38C1, 0x38C1, 0x38C1, 0x40E2, 0x40E2, 0x6164, 0x8A26, 0x79E5, 0x71C4, 0x79E5, 0x69A4,
    0x4902, 0x38A1, 0x4902, 0x5122, 0x5122, 0x5943, 0x5143, 0x4902, 0x40E2, 0x40E2, 0x40E2, 0x5123,
    0x7184, 0x89E5, 0xB2C8, 0xB2C8, 0xC309, 0xD36B, 0xE3ED, 0xEC4E, 0xF46E, 0xF4B0, 0xFCF1, 0xF44E,
    0xEC0D, 0xDBAC, 0xC32A, 0x9A67, 0x71A5, 0x6964, 0x6984, 0x6984, 0x71A5, 0x81E5, 0x6984, 0x5963,
    0x69A4, 0x79E5, 0x79E5, 0x79C5, 0x79C5, 0x6164, 0x4923, 0x4123, 0x51A5, 0x6AA9, 0x730A, 0x730A,
    0x6ACA, 0x4165, 0x28E3, 0x28C2, 0x30C2, 0x30C2, 0x69C5, 0x8226, 0x9267, 0x81E5, 0x5123, 0x6984,
    0x9287, 0xB329, 0xB34A, 0xB36A, 0xA309, 0xA309, 0xBB8B, 0xBB8B, 0xC3CC, 0xC3EC, 0xCC0D, 0x51C5,
    0x0000, 0x0820, 0x0000, 0x0000, 0x0000, 0x0000, 0x0000, 0x0000, 0x0000, 0x0000, 0x0000, 0x0000,
    0x0000, 0x0000, 0x0000, 0x0000, 0x0000, 0x0000, 0x0000, 0x0000, 0x0000, 0x0000, 0x0000, 0x0000,
    0x0000, 0x0000, 0x0000, 0x0000, 0x0000, 0x0000, 0x0000, 0x0000, 0x0000, 0x0000, 0x0000, 0x0000,
    0x0000, 0x0000, 0x0000, 0x0000, 0x0000, 0x0000, 0x0000, 0x0000, 0x0000, 0x0000, 0x0000, 0x0000,
    0x0000, 0x0000, 0x0000, 0x0000, 0x0000, 0x0000, 0x0000, 0x0000, 0x0000, 0x0000, 0x0000, 0x0000,
    0x0000, 0x0000, 0x0000, 0x0000, 0x0000, 0x0000, 0x0000, 0x0000, 0x0000, 0x0000, 0x0000, 0x0000,
    0x0000, 0x0000, 0x0000, 0x0000, 0x0000, 0x0000, 0x0000, 0x0000, 0x0000, 0x0000, 0x0000, 0x0000,
    0x0000, 0x0000, 0x0000, 0x0000, 0x0000, 0x0000, 0x0000, 0x0000, 0x0000, 0x0000, 0x0000, 0x0000,
    0x0000, 0x28C2, 0x61C5, 0x5984, 0x38E2, 0x38E2, 0x4943, 0x5983, 0x6183, 0x5143, 0x40E2, 0x38C1,
    0x4902, 0x5963, 0x6163, 0x38E2, 0x2881, 0x1881, 0x1881, 0x18A2, 0x3164, 0x41A5, 0x4185, 0x4185,
    0x41A5, 0x4185, 0x4144, 0x30A1, 0x4902, 0x5943, 0x71C5, 0x8206, 0x7A05, 0x5963, 0x40E2, 0x40E2,
    0x4902, 0x5122, 0x4902, 0x4102, 0x38C1, 0x38C1, 0x38E2, 0x5123, 0x71A4, 0x9206, 0xAA87, 0xAA87,
    0xC329, 0xDBCC, 0xE42D, 0xF48F, 0xF46E, 0xF48F, 0xFCAF, 0xF46E, 0xEC0D, 0xDBAC, 0xC32A, 0xAAA8,
    0x8206, 0x81E5, 0x79C5, 0x79C5, 0x79C5, 0x79E5, 0x71C5, 0x79E5, 0x8A26, 0x8206, 0x8206, 0x6164,
    0x6184, 0x61E6, 0x830A, 0x9C0E, 0x9C2E, 0xACB0, 0xACD1, 0xAD12, 0xC617, 0xB5D6, 0x5B2C, 0x3A08,
    0x3165, 0x20C2, 0x2081, 0x4923, 0x79E5, 0x9246, 0x81E5, 0x6163, 0x8A46, 0xAB09, 0xAB09, 0xAB4A,
    0xAB4A, 0xAB4A, 0xBB8B, 0xC3CC, 0xC3EC, 0xC3EC, 0xCC2D, 0x51C5, 0x0000, 0x0820, 0x0000, 0x0000,
    0x0000, 0x0000, 0x0000, 0x0000, 0x0000, 0x0000, 0x0000, 0x0000, 0x0000, 0x0000, 0x0000, 0x0000,
    0x0000, 0x0000, 0x0000, 0x0000, 0x0000, 0x0000, 0x0000, 0x0000, 0x0000, 0x0000, 0x0000, 0x0000,
    0x0000, 0x0000, 0x0000, 0x0000, 0x0000, 0x0000, 0x0000, 0x0000, 0x0000, 0x0000, 0x0000, 0x0000,
    0x0000, 0x0000, 0x0000, 0x0000, 0x0000, 0x0000, 0x0000, 0x0000, 0x0000, 0x0000, 0x0000, 0x0000,
    0x0000, 0x0000, 0x0000, 0x0000, 0x0000, 0x0000, 0x0000, 0x0000, 0x0000, 0x0000, 0x0000, 0x0000,
    0x0000, 0x0000, 0x0000, 0x0000, 0x0000, 0x0000, 0x0000, 0x0000, 0x0000, 0x0000, 0x0000, 0x0000,
    0x0000, 0x0000, 0x0000, 0x0000, 0x0000, 0x0000, 0x0000, 0x0000, 0x0000, 0x0000, 0x0000, 0x0000,
    0x0000, 0x0000, 0x0000, 0x0000, 0x0000, 0x0000, 0x0000, 0x0000, 0x0000, 0x4144, 0x6A05, 0x61E4,
    0x4943, 0x38E2, 0x38E2, 0x5143, 0x5143, 0x38C1, 0x3081, 0x38C2, 0x5122, 0x5122, 0x2061, 0x0000,
    0x0820, 0x10A2, 0x2124, 0x2145, 0x736C, 0xAC8F, 0xAC8F, 0xAC8F, 0xAC6F, 0xAC8F, 0x9C2E, 0x6AA9,
    0x5206, 0x38E2, 0x30C1, 0x5123, 0x6984, 0x69A4, 0x71C4, 0x6184, 0x6163, 0x4902, 0x40E2, 0x40E2,
    0x40E2, 0x38E2, 0x38E2, 0x5123, 0x81E5, 0x9A46, 0xAA87, 0xA226, 0xB2A7, 0xCB49, 0xD36A, 0xF48F,
    0xF46E, 0xF44E, 0xF46E, 0xF44E, 0xEC2D, 0xDBAC, 0xCB2A, 0xB2E9, 0xA2A8, 0x8206, 0x79E5, 0x8A06,
    0x8A06, 0x8206, 0x9247, 0x9267, 0x8206, 0x6984, 0x5143, 0x7227, 0x8B09, 0x938C, 0xB4B0, 0xBD11,
    0xB4F1, 0xB512, 0xBD73, 0xC5F6, 0xE79E, 0xE79E, 0x7410, 0x4ACB, 0x4249, 0x31A6, 0x20E3, 0x1061,
    0x28A1, 0x7A05, 0x9A67, 0x6984, 0x6163, 0x9267, 0x9AC8, 0x9AA8, 0x9AC8, 0xA309, 0xAB29, 0xBBAB,
    0xC3EC, 0xC40D, 0xD48E, 0x51C5, 0x0000, 0x0820, 0x0000, 0x0000, 0x0000, 0x0000, 0x0000, 0x0000,
    0x0000, 0x0000, 0x0000, 0x0000, 0x0000, 0x0000, 0x0000, 0x0000, 0x0000, 0x0000, 0x0000, 0x0000,
    0x0000, 0x0000, 0x0000, 0x0000, 0x0000, 0x0000, 0x0000, 0x0000, 0x0000, 0x0000, 0x0000, 0x0000,
    0x0000, 0x0000, 0x0000, 0x0000, 0x0000, 0x0000, 0x0000, 0x0000, 0x0000, 0x0000, 0x0000, 0x0000,
    0x0000, 0x0000, 0x0000, 0x0000, 0x0000, 0x0000, 0x0000, 0x0000, 0x0000, 0x0000, 0x0000, 0x0000,
    0x0000, 0x0000, 0x0000, 0x0000, 0x0000, 0x0000, 0x0000, 0x0000, 0x0000, 0x0000, 0x0000, 0x0000,
    0x0000, 0x0000, 0x0000, 0x0000, 0x0000, 0x0000, 0x0000, 0x0000, 0x0000, 0x0000, 0x0000, 0x0000,
    0x0000, 0x0000, 0x0000, 0x0000, 0x0000, 0x0000, 0x0000, 0x0000, 0x0000, 0x0000, 0x0000, 0x0000,
    0x0000, 0x0000, 0x0000, 0x0000, 0x0000, 0x4144, 0x6A26, 0x6A05, 0x4943, 0x30C1, 0x38E2, 0x5143,
    0x5122, 0x2860, 0x3081, 0x4902, 0x5122, 0x30C1, 0x0820, 0x0861, 0x0841, 0x18C3, 0x31A6, 0x2986,
    0x944F, 0xC573, 0xBCD0, 0xB48F, 0xB48F, 0xCD93, 0xDE56, 0xD615, 0xB512, 0x832B, 0x5A06, 0x38E2,
    0x38C2, 0x5123, 0x6184, 0x69A4, 0x6163, 0x5122, 0x48E2, 0x48E2, 0x4902, 0x40E2, 0x38C2, 0x5943,
    0x81E5, 0x9226, 0xA267, 0xA246, 0xB2C8, 0xCB49, 0xDBAB, 0xF46E, 0xF46E, 0xEC4D, 0xEC2E, 0xF44E,
    0xEC0D, 0xDB8B, 0xCB2A, 0xBAE9, 0xA2A8, 0x9267, 0x9288, 0x8206, 0x79E6, 0x9247, 0x8206, 0x6984,
    0x5943, 0x71A5, 0x9AA8, 0xAB2A, 0xBC2E, 0xBC8F, 0xC532, 0xC532, 0xBD11, 0xBD53, 0xC5B5, 0xCE58,
    0xCEDB, 0xAE18, 0x638E, 0x4AEC, 0x7C51, 0x3A08, 0x2965, 0x20E3, 0x1881, 0x4103, 0x8206, 0x79C4,
    0x5123, 0x79E5, 0x9287, 0xAB09, 0xAB09, 0xAB29, 0xBB8B, 0xBBCB, 0xC3CC, 0xC3EC, 0xD46E, 0x6A47,
    0x0000, 0x0000, 0x0820, 0x0000, 0x0000, 0x0000, 0x0000, 0x0000, 0x0000, 0x0000, 0x0000, 0x0000,
    0x0000, 0x0000, 0x0000, 0x0000, 0x0000, 0x0000, 0x0000, 0x0000, 0x0000, 0x0000, 0x0000, 0x0000,
    0x0000, 0x0000, 0x0000, 0x0000, 0x0000, 0x0000, 0x0000, 0x0000, 0x0000, 0x0000, 0x0000, 0x0000,
    0x0000, 0x0000, 0x0000, 0x0000, 0x0000, 0x0000, 0x0000, 0x0000, 0x0000, 0x0000, 0x0000, 0x0000,
    0x0000, 0x0000, 0x0000, 0x0000, 0x0000, 0x0000, 0x0000, 0x0000, 0x0000, 0x0000, 0x0000, 0x0000,
    0x0000, 0x0000, 0x0000, 0x0000, 0x0000, 0x0000, 0x0000, 0x0000, 0x0000, 0x0000, 0x0000, 0x0000,
    0x0000, 0x0000, 0x0000, 0x0000, 0x0000, 0x0000, 0x0000, 0x0000, 0x0000, 0x0000, 0x0000, 0x0000,
    0x0000, 0x0000, 0x0000, 0x0000, 0x0000, 0x0000, 0x0000, 0x0000, 0x0000, 0x0000, 0x0000, 0x0000,
    0x0000, 0x4144, 0x6A05, 0x61C4, 0x4922, 0x38E2, 0x38E2, 0x5163, 0x5963, 0x2860, 0x38C1, 0x5122,
    0x4902, 0x2081, 0x0861, 0x1082, 0x0861, 0x0020, 0x2165, 0x31E7, 0x738C, 0xB4F1, 0xBCF0, 0xB4D0,
    0xBD31, 0xDE77, 0xEF19, 0xF71A, 0xD5F5, 0x9BCD, 0x9BAC, 0x71E6, 0x5123, 0x38A1, 0x4902, 0x5943,
    0x5963, 0x6184, 0x6184, 0x6163, 0x6163, 0x4923, 0x38E2, 0x6163, 0x81A4, 0x8A05, 0xA246, 0xAA87,
    0xBB08, 0xC329, 0xE3EC, 0xEC4D, 0xEC2D, 0xF48E, 0xF46E, 0xEC4E, 0xEBED, 0xDBAC, 0xCB2A, 0xBB0A,
    0xB2E9, 0xBB6B, 0xC3ED, 0xAB4B, 0xA2E9, 0x8A26, 0x6943, 0x6143, 0x79C5, 0x9267, 0xB2E9, 0xB30A,
    0xB38B, 0xAB8C, 0xB44E, 0xB48F, 0xB4D1, 0xBD73, 0xC5F6, 0xCE58, 0xBE18, 0x8492, 0x530D, 0x42AB,
    0x530C, 0x18E3, 0x1904, 0x39C7, 0x2924, 0x30A2, 0x79E5, 0x9A67, 0x6964, 0x71C4, 0x9287, 0xB34A,
    0xB34A, 0xB34A, 0xBB8B, 0xC3EC, 0xC3CC, 0xC3CC, 0xCC2D, 0xABAC, 0x7268, 0x3944, 0x0000, 0x0800,
    0x0000, 0x0000, 0x0000, 0x0000, 0x0000, 0x0000, 0x0000, 0x0000, 0x0000, 0x0000, 0x0000, 0x0000,
    0x0000, 0x0000, 0x0000, 0x0000, 0x0000, 0x0000, 0x0000, 0x0000, 0x0000, 0x0000, 0x0000, 0x0000,
    0x0000, 0x0000, 0x0000, 0x0000, 0x0000, 0x0000, 0x0000, 0x0000, 0x0000, 0x0000, 0x0000, 0x0000,
    0x0000, 0x0000, 0x0000, 0x0000, 0x0000, 0x0000, 0x0000, 0x0000, 0x0000, 0x0000, 0x0000, 0x0000,
    0x0000, 0x0000, 0x0000, 0x0000, 0x0000, 0x0000, 0x0000, 0x0000, 0x0000, 0x0000, 0x0000, 0x0000,
    0x0000, 0x0000, 0x0000, 0x0000, 0x0000, 0x0000, 0x0000, 0x0000, 0x0000, 0x0000, 0x0000, 0x0000,
    0x0000, 0x0000, 0x0000, 0x0000, 0x0000, 0x0000, 0x0000, 0x0000, 0x0000, 0x0000, 0x0000, 0x0000,
    0x0000, 0x0000, 0x0000, 0x0000, 0x0000, 0x0000, 0x0000, 0x0000, 0x0820, 0x4164, 0x61C5, 0x59A4,
    0x5163, 0x4943, 0x3902, 0x38E2, 0x4922, 0x2881, 0x5122, 0x6163, 0x28A1, 0x1082, 0x10A2, 0x10C3,
    0x1082, 0x0000, 0x2986, 0x4A8A, 0x5AEA, 0x9C6F, 0xB4D0, 0xB4D0, 0xBCF0, 0xBD32, 0xC552, 0xC532,
    0xB490, 0x8AE9, 0x7A06, 0x8205, 0x8A26, 0x6164, 0x4902, 0x4902, 0x5122, 0x69C4, 0x8226, 0x69A4,
    0x6184, 0x4102, 0x40E2, 0x6163, 0x79A4, 0x89E5, 0xAA87, 0xB2A8, 0xBB08, 0xCB49, 0xEC4D, 0xEC2D,
    0xE3EC, 0xF4D0, 0xFCF1, 0xEC2E, 0xE3ED, 0xE3CC, 0xD34B, 0xC32A, 0xBB2A, 0xCC0D, 0xDC8F, 0xCC2E,
    0xAB2A, 0x8206, 0x8247, 0x9AE9, 0x9A88, 0x8A06, 0xAAA8, 0xB2E9, 0xB309, 0xAB4B, 0xAC0E, 0xB4D1,
    0xB4F1, 0xBD73, 0xC5F6, 0xCE37, 0xBDF7, 0x8471, 0x530C, 0x4AAB, 0x3A29, 0x2104, 0x2966, 0x4208,
    0x3144, 0x4903, 0x79C5, 0x9246, 0x8A06, 0x6984, 0x8A66, 0xAB29, 0xB34A, 0xAB09, 0xAB29, 0xBBAB,
    0xC3CC, 0xBBCC, 0xCC4E, 0xC42D, 0xD48F, 0xC42E, 0x3923, 0x0000, 0x0820, 0x0000, 0x0000, 0x0000,
    0x0000, 0x0000, 0x0000, 0x0000, 0x0000, 0x0000, 0x0000, 0x0000, 0x0000, 0x0000, 0x0000, 0x0000,
    0x0000, 0x0000, 0x0000, 0x0000, 0x0000, 0x0000, 0x0000, 0x0000, 0x0000, 0x0000, 0x0000, 0x0000,
    0x0000, 0x0000, 0x0000, 0x0000, 0x0000, 0x0000, 0x0000, 0x0000, 0x0000, 0x0000, 0x0000, 0x0000,
    0x0000, 0x0000, 0x0000, 0x0000, 0x0000, 0x0000, 0x0000, 0x0000, 0x0000, 0x0000, 0x0000, 0x0000,
    0x0000, 0x0000, 0x0000, 0x0000, 0x0000, 0x0000, 0x0000, 0x0000, 0x0000, 0x0000, 0x0000, 0x0000,
    0x0000, 0x0000, 0x0000, 0x0000, 0x0000, 0x0000, 0x0000, 0x0000, 0x0000, 0x0000, 0x0000, 0x0000,
    0x0000, 0x0000, 0x0000, 0x0000, 0x0000, 0x0000, 0x0000, 0x0000, 0x0000, 0x0000, 0x0000, 0x0000,
    0x0000, 0x0000, 0x0820, 0x0000, 0x18A1, 0x51A4, 0x6A05, 0x7226, 0x69E5, 0x5984, 0x38E2, 0x38C2,
    0x4922, 0x30A1, 0x40E2, 0x4902, 0x28A2, 0x18A2, 0x18E3, 0x18E3, 0x10C3, 0x0841, 0x18E3, 0x29A7,
    0x734C, 0xA48F, 0xAC4E, 0xAC4E, 0xAC4E, 0xAC4E, 0xAC2E, 0xA3CC, 0x9B4A, 0xA34A, 0x9B2A, 0x81C5,
    0x81E5, 0x8A06, 0x81E5, 0x8A67, 0x5143, 0x5943, 0x79E5, 0x71C4, 0x5143, 0x40E2, 0x5123, 0x6984,
    0x79A4, 0x9205, 0xAA87, 0xB2A8, 0xBAE8, 0xD3AA, 0xE40C, 0xE40C, 0xEC4D, 0xF4D0, 0xEC4E, 0xE3EC,
    0xE3CC, 0xDBAC, 0xD36B, 0xC32A, 0xBB2A, 0xCBED, 0xD42E, 0xCC2E, 0xA30A, 0x71A4, 0x92A9, 0xC40D,
    0xA2C9, 0x8A06, 0xAAA8, 0xB2E9, 0xC3AC, 0xD532, 0xCD94, 0xCDD5, 0xC594, 0xC553, 0xB512, 0xBD54,
    0xBDB5, 0x8450, 0x426A, 0x42AA, 0x42AA, 0x3A28, 0x4249, 0x39A6, 0x4144, 0x9AA8, 0x79E5, 0x7184,
    0x9A87, 0x79C5, 0x79C5, 0x9AA8, 0xBB8A, 0xB36A, 0xAB29, 0xBB8B, 0xC3CC, 0xC3CC, 0xCC2E, 0xC40D,
    0xC40D, 0xCC2D, 0x7288, 0x0000, 0x0800, 0x0000, 0x0000, 0x0000, 0x0000, 0x0000, 0x0000, 0x0000,
    0x0000, 0x0000, 0x0000, 0x0000, 0x0000, 0x0000, 0x0000, 0x0000, 0x0000, 0x0000, 0x0000, 0x0000,
    0x0000, 0x0000, 0x0000, 0x0000, 0x0000, 0x0000, 0x0000, 0x0000, 0x0000, 0x0000, 0x0000, 0x0000,
    0x0000, 0x0000, 0x0000, 0x0000, 0x0000, 0x0000, 0x0000, 0x0000, 0x0000, 0x0000, 0x0000, 0x0000,
    0x0000, 0x0000, 0x0000, 0x0000, 0x0000, 0x0000, 0x0000, 0x0000, 0x0000, 0x0000, 0x0000, 0x0000,
    0x0000, 0x0000, 0x0000, 0x0000, 0x0000, 0x0000, 0x0000, 0x0000, 0x0000, 0x0000, 0x0000, 0x0000,
    0x0000, 0x0000, 0x0000, 0x0000, 0x0000, 0x0000, 0x0000, 0x0000, 0x0000, 0x0000, 0x0000, 0x0000,
    0x0000, 0x0000, 0x0000, 0x0000, 0x0000, 0x0000, 0x0000, 0x0000, 0x0000, 0x0000, 0x0820, 0x0000,
    0x3103, 0x59E5, 0x6A05, 0x7226, 0x69E4, 0x5163, 0x4943, 0x40E2, 0x5143, 0x38E2, 0x38C1, 0x40E2,
    0x28C2, 0x18A2, 0x2104, 0x1904, 0x2104, 0x1904, 0x1924, 0x1904, 0x730A, 0xA44E, 0xBCD0, 0xBCD0,
    0xBCD0, 0xC4F0, 0xCD31, 0xCD10, 0xC48F, 0xAB8B, 0x9AE9, 0x81E5, 0x81C5, 0x81C5, 0x8A06, 0x9287,
    0x6184, 0x71C4, 0x79E5, 0x71C4, 0x5123, 0x4102, 0x5943, 0x6984, 0x79A4, 0x9A26, 0xAA67, 0xB2A8,
    0xBAE8, 0xCB6A, 0xDBAB, 0xE40C, 0xF48E, 0xF4CF, 0xEC4D, 0xEC4E, 0xE3ED, 0xDB8B, 0xD38B, 0xC32A,
    0xBB09, 0xC3AC, 0xCBED, 0xC3ED, 0xB38B, 0x8246, 0x69A4, 0x8A88, 0x9288, 0x9A67, 0xA2A8, 0xAAE9,
    0xAB09, 0xC46F, 0xCD12, 0xC512, 0xCD73, 0xCD94, 0xC553, 0xC553, 0xBD32, 0xAC90, 0x62CA, 0x4249,
    0x4228, 0x39C7, 0x39A6, 0x4965, 0x8227, 0xBB2A, 0x9267, 0x79C5, 0xAAC8, 0x9267, 0x79C4, 0x9A87,
    0xB34A, 0xBB8B, 0xBB8B, 0xC3AB, 0xC3CC, 0xC3CC, 0xC3EC, 0xBBEC, 0xC3EC, 0xCC2D, 0x82C9, 0x0820,
    0x0000, 0x0000, 0x0000, 0x0000, 0x0000, 0x0000, 0x0000, 0x0000, 0x0000, 0x0000, 0x0000, 0x0000,
    0x0000, 0x0000, 0x0000, 0x0000, 0x0000, 0x0000, 0x0000, 0x0000, 0x0000, 0x0000, 0x0000, 0x0000,
    0x0000, 0x0000, 0x0000, 0x0000, 0x0000, 0x0000, 0x0000, 0x0000, 0x0000, 0x0000, 0x0000, 0x0000,
    0x0000, 0x0000, 0x0000, 0x0000, 0x0000, 0x0000, 0x0000, 0x0000, 0x0000, 0x0000, 0x0000, 0x0000,
    0x0000, 0x0000, 0x0000, 0x0000, 0x0000, 0x0000, 0x0000, 0x0000, 0x0000, 0x0000, 0x0000, 0x0000,
    0x0000, 0x0000, 0x0000, 0x0000, 0x0000, 0x0000, 0x0000, 0x0000, 0x0000, 0x0000, 0x0000, 0x0000,
    0x0000, 0x0000, 0x0000, 0x0000, 0x0000, 0x0000, 0x0000, 0x0000, 0x0000, 0x0000, 0x0000, 0x0000,
    0x0000, 0x0000, 0x0000, 0x0000, 0x0000, 0x0000, 0x0820, 0x0000, 0x4143, 0x6A26, 0x6A05, 0x69E5,
    0x5983, 0x5963, 0x5983, 0x4922, 0x4102, 0x38C2, 0x4102, 0x4102, 0x38E2, 0x28C2, 0x18C3, 0x2104,
    0x2945, 0x2144, 0x1904, 0x3985, 0x9B8B, 0x936B, 0x8B2A, 0x9B8B, 0xBC8F, 0xD4F0, 0xCCD0, 0xBC0D,
    0xAB2A, 0xA2C8, 0x9A87, 0x81C5, 0x7184, 0x6984, 0x71A4, 0x69A4, 0x71E5, 0x7A26, 0x79E5, 0x5943,
    0x40E2, 0x4902, 0x5963, 0x69A4, 0x79A4, 0xA266, 0xA266, 0xBAC8, 0xC329, 0xCB69, 0xD3AA, 0xD3AA,
    0xCB6A, 0xD38A, 0xDBCC, 0xF4D0, 0xE40D, 0xE40D, 0xE40D, 0xCB4A, 0xC32A, 0xB309, 0xBB4A, 0xBB8B,
    0xBB8B, 0xB38B, 0xA309, 0x9AC8, 0xA2C9, 0xAAE9, 0xAAE9, 0xB32A, 0xC38C, 0xBB4A, 0xB32A, 0xB34A,
    0xBBCC, 0xC40E, 0xBC4E, 0xC44E, 0xC42E, 0xCC8F, 0xABED, 0x49A6, 0x3944, 0x51A5, 0x8247, 0xBB4A,
    0xC34A, 0xBB2A, 0xBB2A, 0xBB29, 0xAAC8, 0xA2A8, 0xA287, 0xA2A8, 0xA2C8, 0xB329, 0xCBCC, 0xCBCC,
    0xCBCC, 0xD40D, 0xCC0D, 0xCC2D, 0xBBCC, 0xC3EC, 0x82A8, 0x0000, 0x0000, 0x0000, 0x0000, 0x0000,
    0x0000, 0x0000, 0x0000, 0x0000, 0x0000, 0x0000, 0x0000, 0x0000, 0x0000, 0x0000, 0x0000, 0x0000,
    0x0000, 0x0000, 0x0000, 0x0000, 0x0000, 0x0000, 0x0000, 0x0000, 0x0000, 0x0000, 0x0000, 0x0000,
    0x0000, 0x0000, 0x0000, 0x0000, 0x0000, 0x0000, 0x0000, 0x0000, 0x0000, 0x0000, 0x0000, 0x0000,
    0x0000, 0x0000, 0x0000, 0x0000, 0x0000, 0x0000, 0x0000, 0x0000, 0x0000, 0x0000, 0x0000, 0x0000,
    0x0000, 0x0000, 0x0000, 0x0000, 0x0000, 0x0000, 0x0000, 0x0000, 0x0000, 0x0000, 0x0000, 0x0000,
    0x0000, 0x0000, 0x0000, 0x0000, 0x0000, 0x0000, 0x0000, 0x0000, 0x0000, 0x0000, 0x0000, 0x0000,
    0x0000, 0x0000, 0x0000, 0x0000, 0x0000, 0x0000, 0x0000, 0x0000, 0x0000, 0x0000, 0x0000, 0x0000,
    0x0000, 0x0000, 0x0820, 0x0000, 0x4143, 0x6A05, 0x7205, 0x61C4, 0x5984, 0x5983, 0x5983, 0x4922,
    0x4102, 0x30A1, 0x38E2, 0x4923, 0x6184, 0x6184, 0x4923, 0x20C2, 0x20E3, 0x18C2, 0x20C2, 0x5A06,
    0x92E9, 0x8AA8, 0x8AA8, 0x9B09, 0xAB6B, 0xB36A, 0xAB4A, 0xAB09, 0xAAE9, 0xB2E9, 0xAAA8, 0x81E5,
    0x71A4, 0x71C4, 0x71C5, 0x71E5, 0x7A05, 0x7A05, 0x69A4, 0x4902, 0x40E2, 0x4902, 0x6984, 0x71A4,
    0x81E5, 0x9A46, 0xAA87, 0xBB08, 0xC308, 0xD3AA, 0xD3AA, 0xD3AA, 0xDBCB, 0xE40C, 0xE42D, 0xEC4E,
    0xE3ED, 0xDBCC, 0xE3ED, 0xD36B, 0xCB2A, 0xBB09, 0xB2E9, 0xBB6B, 0xBB6B, 0xAB2A, 0x92A8, 0x8A67,
    0x9AC9, 0x9AC8, 0xA2A8, 0xB309, 0xBB4B, 0xBB4A, 0xC36B, 0xBB6B, 0xBB6B, 0xCBED, 0xCBED, 0xD40D,
    0xD42E, 0xD44E, 0xC3AC, 0xA309, 0xA30A, 0xB34B, 0xC38B, 0xCBAC, 0xC36B, 0xBB09, 0xBB2A, 0xB309,
    0xAAC8, 0xB309, 0xB309, 0xBB4A, 0xC38B, 0xBB4A, 0xCBEC, 0xCBAC, 0xC38B, 0xCBCC, 0xCBCC, 0xCC0D,
    0xB36B, 0x92A8, 0x7268, 0x0800, 0x0000, 0x0000, 0x0000, 0x0000, 0x0000, 0x0000, 0x0000, 0x0000,
    0x0000, 0x0000, 0x0000, 0x0000, 0x0000, 0x0000, 0x0000, 0x0000, 0x0000, 0x0000, 0x0000, 0x0000,
    0x0000, 0x0000, 0x0000, 0x0000, 0x0000, 0x0000, 0x0000, 0x0000, 0x0000, 0x0000, 0x0000, 0x0000,
    0x0000, 0x0000, 0x0000, 0x0000, 0x0000, 0x0000, 0x0000, 0x0000, 0x0000, 0x0000, 0x0000, 0x0000,
    0x0000, 0x0000, 0x0000, 0x0000, 0x0000, 0x0000, 0x0000, 0x0000, 0x0000, 0x0000, 0x0000, 0x0000,
    0x0000, 0x0000, 0x0000, 0x0000, 0x0000, 0x0000, 0x0000, 0x0000, 0x0000, 0x0000, 0x0000, 0x0000,
    0x0000, 0x0000, 0x0000, 0x0000, 0x0000, 0x0000, 0x0000, 0x0000, 0x0000, 0x0000, 0x0000, 0x0000,
    0x0000, 0x0000, 0x0000, 0x0000, 0x0000, 0x0000, 0x0000, 0x0000, 0x0000, 0x0000, 0x0820, 0x0000,
    0x4143, 0x6A05, 0x61E4, 0x5963, 0x5163, 0x5963, 0x5983, 0x4922, 0x4102, 0x4902, 0x4902, 0x5143,
    0x71C4, 0x71C4, 0x71C5, 0x69E5, 0x69E5, 0x5964, 0x5984, 0x7206, 0x8226, 0x8A46, 0x8A46, 0x9AA7,
    0xA2C8, 0xB2E9, 0xAAC8, 0xB2E9, 0xB2E9, 0xB309, 0xA2A7, 0x8206, 0x71A4, 0x79E5, 0x8205, 0x7A05,
    0x79E5, 0x79E5, 0x71C4, 0x5123, 0x5123, 0x5943, 0x69A4, 0x79C4, 0x8A05, 0xA266, 0xAA87, 0xBB08,
    0xBAC8, 0xD36A, 0xD38A, 0xDBCB, 0xEC4D, 0xEC4D, 0xE40C, 0xE40C, 0xE40D, 0xDBAC, 0xE3CC, 0xD38B,
    0xCB2A, 0xC30A, 0xB2A8, 0xAAA8, 0xB309, 0xB34A, 0x8A67, 0x79E6, 0x92A8, 0x9288, 0x8226, 0xA2A8,
    0xB309, 0xB30A, 0xBB4A, 0xB309, 0xAAC8, 0xCBCC, 0xDC2E, 0xDC4E, 0xDC4E, 0xDC4E, 0xD3CD, 0xD3CC,
    0xCBAC, 0xD3AC, 0xD3EC, 0xCBAC, 0xB309, 0xB309, 0xCB8B, 0xC36A, 0xC34A, 0xBB2A, 0xAAE8, 0xBB6A,
    0xCBCB, 0xCBEC, 0xD40D, 0xD40D, 0xD42D, 0xCC0D, 0xCBEC, 0xCC0D, 0xB36A, 0x8A87, 0x7247, 0x0000,
    0x0000, 0x0000, 0x0000, 0x0000, 0x0000, 0x0000, 0x0000, 0x0000, 0x0000, 0x0000, 0x0000, 0x0000,
    0x0000, 0x0000, 0x0000, 0x0000, 0x0000, 0x0000, 0x0000, 0x0000, 0x0000, 0x0000, 0x0000, 0x0000,
    0x0000, 0x0000, 0x0000, 0x0000, 0x0000, 0x0000, 0x0000, 0x0000, 0x0000, 0x0000, 0x0000, 0x0000,
    0x0000, 0x0000, 0x0000, 0x0000, 0x0000, 0x0000, 0x0000, 0x0000, 0x0000, 0x0000, 0x0000, 0x0000,
    0x0000, 0x0000, 0x0000, 0x0000, 0x0000, 0x0000, 0x0000, 0x0000, 0x0000, 0x0000, 0x0000, 0x0000,
    0x0000, 0x0000, 0x0000, 0x0000, 0x0000, 0x0000, 0x0000, 0x0000, 0x0000, 0x0000, 0x0000, 0x0000,
    0x0000, 0x0000, 0x0000, 0x0000, 0x0000, 0x0000, 0x0000, 0x0000, 0x0000, 0x0000, 0x0000, 0x0000,
    0x0000, 0x0000, 0x0000, 0x0000, 0x0000, 0x0000, 0x0000, 0x1040, 0x4964, 0x61C5, 0x69E5, 0x7205,
    0x61A4, 0x5143, 0x5963, 0x5143, 0x4102, 0x4902, 0x5143, 0x5143, 0x5963, 0x69A4, 0x79E5, 0x8A46,
    0x8A46, 0x8A67, 0x9AA7, 0x8A46, 0x9A87, 0xA2A8, 0xA2A8, 0xA2A8, 0xA2A8, 0xA2A8, 0xAAA8, 0x9A87,
    0x8A26, 0x8A26, 0x81E5, 0x8226, 0x79E5, 0x79E5, 0x7A05, 0x8205, 0x79E5, 0x79E5, 0x79E5, 0x6984,
    0x5963, 0x6184, 0x6984, 0x71A4, 0x81E5, 0xA266, 0xAA87, 0xB2A7, 0xC308, 0xD3AA, 0xD38A, 0xDBCB,
    0xEC4D, 0xE40C, 0xE3EC, 0xE40D, 0xEC2E, 0xDB8B, 0xD36B, 0xDB8B, 0xD36B, 0xD34B, 0xCB4B, 0xAAA8,
    0xAA88, 0xB2E9, 0xA2E9, 0x9288, 0x9AC8, 0x9AC8, 0x9287, 0x9267, 0xA2A8, 0xAAE9, 0xAAC9, 0xAAC9,
    0xAAE9, 0xA2A8, 0xB2E9, 0xB2E9, 0xBB2A, 0xC38B, 0xC36B, 0xC36B, 0xBB2A, 0xC32A, 0xC34A, 0xB2E9,
    0xBB2A, 0xCB8B, 0xD3AC, 0xCB8B, 0xC38B, 0xC36B, 0xBB4A, 0xAAE9, 0xBB6A, 0xD40D, 0xCBCC, 0xD40D,
    0xE48F, 0xDC4E, 0xD42D, 0xCC0D, 0xB36B, 0x92A8, 0x4985, 0x0000, 0x0820, 0x0000, 0x0000, 0x0000,
    0x0000, 0x0000, 0x0000, 0x0000, 0x0000, 0x0000, 0x0000, 0x0000, 0x0000, 0x0000, 0x0000, 0x0000,
    0x0000, 0x0000, 0x0000, 0x0000, 0x0000, 0x0000, 0x0000, 0x0000, 0x0000, 0x0000, 0x0000, 0x0000,
    0x0000, 0x0000, 0x0000, 0x0000, 0x0000, 0x0000, 0x0000, 0x0000, 0x0000, 0x0000, 0x0000, 0x0000,
    0x0000, 0x0000, 0x0000, 0x0000, 0x0000, 0x0000, 0x0000, 0x0000, 0x0000, 0x0000, 0x0000, 0x0000,
    0x0000, 0x0000, 0x0000, 0x0000, 0x0000, 0x0000, 0x0000, 0x0000, 0x0000, 0x0000, 0x0000, 0x0000,
    0x0000, 0x0000, 0x0000, 0x0000, 0x0000, 0x0000, 0x0000, 0x0000, 0x0000, 0x0000, 0x0000, 0x0000,
    0x0000, 0x0000, 0x0000, 0x0000, 0x0000, 0x0000, 0x0000, 0x0000, 0x0000, 0x0000, 0x0000, 0x0000,
    0x0000, 0x0820, 0x0000, 0x28C2, 0x51A5, 0x61C5, 0x7A46, 0x7205, 0x61A4, 0x5963, 0x5983, 0x6184,
    0x5163, 0x4102, 0x6184, 0x69A4, 0x5923, 0x5943, 0x6984, 0x71A4, 0x71A4, 0x8226, 0x9267, 0x8A26,
    0xA2A7, 0x9246, 0x8A05, 0x81E5, 0x81C5, 0x81E5, 0xA287, 0x9246, 0x8226, 0x79E5, 0x71C5, 0x79E5,
    0x7A05, 0x71C5, 0x71C4, 0x7A05, 0x7A05, 0x71C4, 0x71C4, 0x6984, 0x6163, 0x6984, 0x6984, 0x7184,
    0x79C4, 0x9A46, 0xAA87, 0xAA66, 0xC329, 0xD38A, 0xD38A, 0xDBCB, 0xE3EB, 0xDBCB, 0xDBCC, 0xE40C,
    0xEC2D, 0xD36B, 0xD34A, 0xD36B, 0xDBAC, 0xDB8C, 0xDB8C, 0xCB2A, 0xB2C9, 0xAAC8, 0xAAE9, 0x9A88,
    0x9AA8, 0xA309, 0x9AC8, 0x9AA8, 0x9A88, 0x9A88, 0x9247, 0x9226, 0xA2A8, 0xAAC8, 0xAAC9, 0xA288,
    0xA288, 0xA2A8, 0xB2E9, 0xBB09, 0xB2E9, 0xB2C9, 0xBB09, 0xBB2A, 0xCB8B, 0xD3AC, 0xD3AC, 0xCBAC,
    0xD3EC, 0xD3CC, 0xCB8B, 0xBB4A, 0xC38B, 0xD40D, 0xDC2E, 0xDC4E, 0xDC6E, 0xDC4E, 0xD42E, 0xCC0D,
    0xBB8B, 0xA32A, 0x4144, 0x0000, 0x0820, 0x0000, 0x0000, 0x0000, 0x0000, 0x0000, 0x0000, 0x0000,
    0x0000, 0x0000, 0x0000, 0x0000, 0x0000, 0x0000, 0x0000, 0x0000, 0x0000, 0x0000, 0x0000, 0x0000,
    0x0000, 0x0000, 0x0000, 0x0000, 0x0000, 0x0000, 0x0000, 0x0000, 0x0000, 0x0000, 0x0000, 0x0000,
    0x0000, 0x0000, 0x0000, 0x0000, 0x0000, 0x0000, 0x0000, 0x0000, 0x0000, 0x0000, 0x0000, 0x0000,
    0x0000, 0x0000, 0x0000, 0x0000, 0x0000, 0x0000, 0x0000, 0x0000, 0x0000, 0x0000, 0x0000, 0x0000,
    0x0000, 0x0000, 0x0000, 0x0000, 0x0000, 0x0000, 0x0000, 0x0000, 0x0000, 0x0000, 0x0000, 0x0000,
    0x0000, 0x0000, 0x0000, 0x0000, 0x0000, 0x0000, 0x0000, 0x0000, 0x0000, 0x0000, 0x0000, 0x0000,
    0x0000, 0x0000, 0x0000, 0x0000, 0x0000, 0x0000, 0x0000, 0x0000, 0x0000, 0x0000, 0x0000, 0x28E2,
    0x4984, 0x59C4, 0x7A46, 0x69C4, 0x6184, 0x61A4, 0x61A4, 0x71E5, 0x69C4, 0x4922, 0x71E4, 0x7A05,
    0x71A4, 0x6984, 0x71A4, 0x6963, 0x6163, 0x6984, 0x79C4, 0x79C5, 0x79E5, 0x8A05, 0x8A05, 0x8A05,
    0x79C5, 0x79C5, 0x9A67, 0x8205, 0x7A05, 0x8206, 0x8226, 0x7A26, 0x71E5, 0x71C5, 0x71C4, 0x71C5,
    0x71E5, 0x71C4, 0x71A4, 0x71A4, 0x6983, 0x6984, 0x7184, 0x6963, 0x81E5, 0xAA87, 0xAA87, 0xB2A7,
    0xCB29, 0xCB29, 0xD36A, 0xD38A, 0xDBCB, 0xE40C, 0xDBAB, 0xDBAB, 0xD38B, 0xCB2A, 0xCB2A, 0xCB2A,
    0xDB8C, 0xDBCC, 0xDB8C, 0xDB8C, 0xCB4B, 0xBAE9, 0xBB2A, 0xAAE9, 0x9267, 0xA2E9, 0xAB2A, 0xB32A,
    0xA2C9, 0xA2A8, 0xAAC9, 0xAAE9, 0xB309, 0xB2E9, 0xB2E9, 0xC34B, 0xCB6B, 0xCB6B, 0xCB6B, 0xC36B,
    0xCB8B, 0xCB6B, 0xDBED, 0xD3CC, 0xD3AC, 0xD3ED, 0xCBAC, 0xCBAB, 0xCBCC, 0xCBAB, 0xCB8B, 0xCBAB,
    0xDC0D, 0xD40D, 0xD40D, 0xDC4E, 0xD42D, 0xCC0D, 0xCC0D, 0xC3CC, 0xBBAB, 0xB38B, 0x20A2, 0x0000,
    0x0820, 0x0000, 0x0000, 0x0000, 0x0000, 0x0000, 0x0000, 0x0000, 0x0000, 0x0000, 0x0000, 0x0000,
    0x0000, 0x0000, 0x0000, 0x0000, 0x0000, 0x0000, 0x0000, 0x0000, 0x0000, 0x0000, 0x0000, 0x0000,
    0x0000, 0x0000, 0x0000, 0x0000, 0x0000, 0x0000, 0x0000, 0x0000, 0x0000, 0x0000, 0x0000, 0x0000,
    0x0000, 0x0000, 0x0000, 0x0000, 0x0000, 0x0000, 0x0000, 0x0000, 0x0000, 0x0000, 0x0000, 0x0000,
    0x0000, 0x0000, 0x0000, 0x0000, 0x0000, 0x0000, 0x0000, 0x0000, 0x0000, 0x0000, 0x0000, 0x0000,
    0x0000, 0x0000, 0x0000, 0x0000, 0x0000, 0x0000, 0x0000, 0x0000, 0x0000, 0x0000, 0x0000, 0x0000,
    0x0000, 0x0000, 0x0000, 0x0000, 0x0000, 0x0000, 0x0000, 0x0000, 0x0000, 0x0000, 0x0000, 0x0000,
    0x0000, 0x0000, 0x0000, 0x0000, 0x0000, 0x0800, 0x0000, 0x28C2, 0x4984, 0x5184, 0x69E5, 0x71E5,
    0x71C4, 0x71E5, 0x69C4, 0x8226, 0x7A05, 0x5143, 0x6184, 0x79E5, 0x8A26, 0x8A26, 0x8A25, 0x81E5,
    0x71C4, 0x71C4, 0x79C5, 0x8205, 0x79E5, 0x8A26, 0x9246, 0x9267, 0x9267, 0x8A46, 0x8A46, 0x8A46,
    0x8A66, 0x8A46, 0x8226, 0x8226, 0x8206, 0x8205, 0x79E5, 0x71A4, 0x79E5, 0x79C5, 0x79C4, 0x79A4,
    0x71A4, 0x71A4, 0x6984, 0x6963, 0x89E5, 0xAAA7, 0xB2C8, 0xCB49, 0xD36A, 0xCB29, 0xCB49, 0xCB49,
    0xD38A, 0xE3EC, 0xDB8B, 0xE3EC, 0xDB8B, 0xCB4A, 0xD36B, 0xD34B, 0xDBAC, 0xE3ED, 0xDBAC, 0xDB8C,
    0xD36B, 0xCB6B, 0xCB6B, 0xC36B, 0xA2C9, 0x9AA8, 0xA2E9, 0xC3AC, 0xC3AC, 0xAAE9, 0xA2C8, 0xB32A,
    0xBB4B, 0xBB4A, 0xC34B, 0xCB8C, 0xCBAC, 0xCBAC, 0xCB8B, 0xCB8B, 0xD3AC, 0xD3CD, 0xDC0D, 0xD3ED,
    0xDBED, 0xDBED, 0xD3AC, 0xC36A, 0xBB4A, 0xCB8B, 0xCB8B, 0xD3EC, 0xEC6F, 0xE44E, 0xCBCC, 0xDC4E,
    0xD40D, 0xD42D, 0xCC0D, 0xBBAB, 0xC3EC, 0xB3AC, 0x1861, 0x0000, 0x0820, 0x0000, 0x0000, 0x0000,
    0x0000, 0x0000, 0x0000, 0x0000, 0x0000, 0x0000, 0x0000, 0x0000, 0x0000, 0x0000, 0x0000, 0x0000,
    0x0000, 0x0000, 0x0000, 0x0000, 0x0000, 0x0000, 0x0000, 0x0000, 0x0000, 0x0000, 0x0000, 0x0000,
    0x0000, 0x0000, 0x0000, 0x0000, 0x0000, 0x0000, 0x0000, 0x0000, 0x0000, 0x0000, 0x0000, 0x0000,
    0x0000, 0x0000, 0x0000, 0x0000, 0x0000, 0x0000, 0x0000, 0x0000, 0x0000, 0x0000, 0x0000, 0x0000,
    0x0000, 0x0000, 0x0000, 0x0000, 0x0000, 0x0000, 0x0000, 0x0000, 0x0000, 0x0000, 0x0000, 0x0000,
    0x0000, 0x0000, 0x0000, 0x0000, 0x0000, 0x0000, 0x0000, 0x0000, 0x0000, 0x0000, 0x0000, 0x0000,
    0x0000, 0x0000, 0x0000, 0x0000, 0x0000, 0x0000, 0x0000, 0x0000, 0x0000, 0x0000, 0x0000, 0x0000,
    0x0000, 0x0800, 0x0000, 0x28C2, 0x4984, 0x5184, 0x59A4, 0x7205, 0x8226, 0x8A46, 0x8A46, 0x8A46,
    0x7A05, 0x5963, 0x61A4, 0x79E5, 0x8205, 0x8A26, 0x9246, 0x9A67, 0x9267, 0x8A46, 0x9266, 0x9A87,
    0x9A87, 0x9A87, 0xA2A7, 0xAAE8, 0xAAE8, 0xA2A8, 0x9267, 0x9AA7, 0xA2C8, 0x9AA7, 0x9287, 0x8A46,
    0x8A46, 0x8A46, 0x8205, 0x81E5, 0x8205, 0x79C5, 0x79C5, 0x79C4, 0x69A4, 0x69A4, 0x6984, 0x7184,
    0x8A05, 0xAAA7, 0xBB09, 0xCB4A, 0xCB49, 0xD36A, 0xD369, 0xD369, 0xDBCB, 0xE3EC, 0xDBAB, 0xE3ED,
    0xEC0D, 0xE3ED, 0xEC0D, 0xE3ED, 0xE3CD, 0xE3ED, 0xEC0E, 0xE3CD, 0xDBCD, 0xDB8C, 0xD38C, 0xD3CD,
    0xCB8C, 0xA2C9, 0x9288, 0xAAE9, 0xC38B, 0xBB8B, 0xA2C9, 0xA2C9, 0xBB6B, 0xC38C, 0xCBAC, 0xD3ED,
    0xD3ED, 0xCBAC, 0xCBAC, 0xCB8B, 0xDC0D, 0xE44E, 0xE44E, 0xDC0D, 0xE40E, 0xD3CD, 0xD3CC, 0xC34A,
    0xBB2A, 0xC36A, 0xCB8B, 0xDC0D, 0xE44E, 0xE46E, 0xDC4E, 0xDC4E, 0xD40D, 0xD40D, 0xCBEC, 0xC3CC,
    0xC3CC, 0xB3AC, 0x1881, 0x0000, 0x0820, 0x0000, 0x0000, 0x0000, 0x0000, 0x0000, 0x0000, 0x0000,
    0x0000, 0x0000, 0x0000, 0x0000, 0x0000, 0x0000, 0x0000, 0x0000, 0x0000, 0x0000, 0x0000, 0x0000,
    0x0000, 0x0000, 0x0000, 0x0000, 0x0000, 0x0000, 0x0000, 0x0000, 0x0000, 0x0000, 0x0000, 0x0000,
    0x0000, 0x0000, 0x0000, 0x0000, 0x0000, 0x0000, 0x0000, 0x0000, 0x0000, 0x0000, 0x0000, 0x0000,
    0x0000, 0x0000, 0x0000, 0x0000, 0x0000, 0x0000, 0x0000, 0x0000, 0x0000, 0x0000, 0x0000, 0x0000,
    0x0000, 0x0000, 0x0000, 0x0000, 0x0000, 0x0000, 0x0000, 0x0000, 0x0000, 0x0000, 0x0000, 0x0000,
    0x0000, 0x0000, 0x0000, 0x0000, 0x0000, 0x0000, 0x0000, 0x0000, 0x0000, 0x0000, 0x0000, 0x0000,
    0x0000, 0x0000, 0x0000, 0x0000, 0x0000, 0x0000, 0x0000, 0x0000, 0x0000, 0x0820, 0x0000, 0x28C2,
    0x59C5, 0x59C4, 0x59A4, 0x7205, 0x8246, 0x9267, 0x9A87, 0x8A46, 0x81E5, 0x6184, 0x6184, 0x71C4,
    0x7A25, 0x8246, 0x9266, 0x9267, 0x9AA7, 0x9AA7, 0x9A87, 0x9AA8, 0xA2A7, 0x9A87, 0x9AA7, 0xA2A7,
    0x9A87, 0x9A67, 0xA2A7, 0xAAE8, 0xA2A8, 0x9A87, 0x9267, 0x8226, 0x8A05, 0x9246, 0x9266, 0x8A26,
    0x79E5, 0x79E5, 0x79E5, 0x79C4, 0x6163, 0x6183, 0x6984, 0x79C4, 0x9A26, 0xAA87, 0xB2A7, 0xB2C7,
    0xBAE8, 0xCB49, 0xCB49, 0xCB49, 0xDBAB, 0xE3EC, 0xDBCC, 0xD36A, 0xDBAB, 0xEC0D, 0xE3ED, 0xE3ED,
    0xE3ED, 0xE3ED, 0xEC2E, 0xE3ED, 0xE3ED, 0xDBAC, 0xDBAC, 0xD38C, 0xDBCD, 0xCBAC, 0xAAC9, 0x9A67,
    0xA2C9, 0xCBCC, 0xBB8B, 0xAB2A, 0xC3AC, 0xCBCC, 0xCBAC, 0xD40D, 0xDC2E, 0xDBED, 0xD3ED, 0xD3ED,
    0xE46E, 0xE48F, 0xE44E, 0xE42E, 0xDC0D, 0xC36B, 0xC36B, 0xBB4A, 0xBB2A, 0xC36B, 0xDBED, 0xE42D,
    0xE42E, 0xE44E, 0xDC4E, 0xD42D, 0xD40D, 0xD40D, 0xC3CC, 0xBBCC, 0x9AE9, 0xBBAB, 0x1881, 0x0000,
    0x0820, 0x0000, 0x0000, 0x0000, 0x0000, 0x0000, 0x0000, 0x0000, 0x0000, 0x0000, 0x0000, 0x0000,
    0x0000, 0x0000, 0x0000, 0x0000, 0x0000, 0x0000, 0x0000, 0x0000, 0x0000, 0x0000, 0x0000, 0x0000,
    0x0000, 0x0000, 0x0000, 0x0000, 0x0000, 0x0000, 0x0000, 0x0000, 0x0000, 0x0000, 0x0000, 0x0000,
    0x0000, 0x0000, 0x0000, 0x0000, 0x0000, 0x0000, 0x0000, 0x0000, 0x0000, 0x0000, 0x0000, 0x0000,
    0x0000, 0x0000, 0x0000, 0x0000, 0x0000, 0x0000, 0x0000, 0x0000, 0x0000, 0x0000, 0x0000, 0x0000,
    0x0000, 0x0000, 0x0000, 0x0000, 0x0000, 0x0000, 0x0000, 0x0000, 0x0000, 0x0000, 0x0000, 0x0000,
    0x0000, 0x0000, 0x0000, 0x0000, 0x0000, 0x0000, 0x0000, 0x0000, 0x0000, 0x0000, 0x0000, 0x0000,
    0x0000, 0x0000, 0x0000, 0x0000, 0x0000, 0x0820, 0x0000, 0x20A1, 0x61E5, 0x61C4, 0x59A4, 0x7205,
    0x8246, 0x8A26, 0x9A87, 0x9A87, 0x8A26, 0x79E5, 0x69A4, 0x69A4, 0x71E5, 0x71E5, 0x7A05, 0x8226,
    0x8226, 0x8A46, 0x9266, 0x9266, 0xA2A8, 0xAAE8, 0xB329, 0xB309, 0x9A87, 0xA2A7, 0xA2C8, 0xAAE8,
    0x9AA7, 0x8A46, 0x8205, 0x79E5, 0x8A26, 0x9246, 0x9246, 0x81E5, 0x71A4, 0x79C4, 0x79C5, 0x71A4,
    0x6163, 0x6183, 0x7184, 0x9226, 0xA267, 0xAA87, 0xB2A7, 0xB287, 0xBAE8, 0xD36A, 0xCB6A, 0xD38A,
    0xD3AB, 0xE40D, 0xE40D, 0xEC4E, 0xE3CC, 0xE3CC, 0xE40D, 0xDBAC, 0xDBCC, 0xE40D, 0xE40D, 0xDBAC,
    0xDB8C, 0xDBAC, 0xDBAC, 0xDBAC, 0xD3AC, 0xDBCD, 0xCB8B, 0xB2E9, 0xA288, 0xB32A, 0xC3AC, 0xB36B,
    0xC3ED, 0xCBED, 0xC3AC, 0xCBCC, 0xD3ED, 0xD40D, 0xD40D, 0xD3ED, 0xD40D, 0xCBEC, 0xD3CC, 0xCBAB,
    0xCB8B, 0xBB2A, 0xBB2A, 0xC34A, 0xC36B, 0xD3AC, 0xE40D, 0xE40D, 0xE42E, 0xE44E, 0xDC2D, 0xCBEC,
    0xCBEC, 0xCC0D, 0xCBED, 0xC3EC, 0xBBAB, 0xC3EC, 0x20A1, 0x0000, 0x0820, 0x0000, 0x0000, 0x0000,
    0x0000, 0x0000, 0x0000, 0x0000, 0x0000, 0x0000, 0x0000, 0x0000, 0x0000, 0x0000, 0x0000, 0x0000,
    0x0000, 0x0000, 0x0000, 0x0000, 0x0000, 0x0000, 0x0000, 0x0000, 0x0000, 0x0000, 0x0000, 0x0000,
    0x0000, 0x0000, 0x0000, 0x0000, 0x0000, 0x0000, 0x0000, 0x0000, 0x0000, 0x0000, 0x0000, 0x0000,
    0x0000, 0x0000, 0x0000, 0x0000, 0x0000, 0x0000, 0x0000, 0x0000, 0x0000, 0x0000, 0x0000, 0x0000,
    0x0000, 0x0000, 0x0000, 0x0000, 0x0000, 0x0000, 0x0000, 0x0000, 0x0000, 0x0000, 0x0000, 0x0000,
    0x0000, 0x0000, 0x0000, 0x0000, 0x0000, 0x0000, 0x0000, 0x0000, 0x0000, 0x0000, 0x0000, 0x0000,
    0x0000, 0x0000, 0x0000, 0x0000, 0x0000, 0x0000, 0x0000, 0x0000, 0x0000, 0x0000, 0x0000, 0x0000,
    0x0000, 0x0800, 0x0000, 0x1861, 0x51A4, 0x61C4, 0x69E5, 0x69E4, 0x71E5, 0x9A67, 0x9A67, 0x9A87,
    0x9246, 0x8205, 0x71C4, 0x69A4, 0x69A4, 0x71C5, 0x7A05, 0x7A05, 0x8226, 0x8A67, 0x9AA7, 0xA2E9,
    0xAB09, 0xAAE8, 0xB309, 0xB329, 0xB309, 0xAAE8, 0xA2C8, 0x9AA8, 0x8226, 0x7A05, 0x71C5, 0x81E5,
    0x8A26, 0x8A25, 0x8A05, 0x8205, 0x81E5, 0x8205, 0x79E5, 0x6984, 0x6184, 0x69A4, 0x81E5, 0x9A46,
    0xA267, 0xB2A7, 0xB2A7, 0xBAE8, 0xCB49, 0xD38B, 0xCB49, 0xC349, 0xCB8A, 0xD3AB, 0xD38B, 0xDBED,
    0xE3ED, 0xE3EC, 0xDBCC, 0xCB4A, 0xD38C, 0xE3ED, 0xE3ED, 0xDBCC, 0xD38C, 0xDB8C, 0xE3CD, 0xDBCD,
    0xDBCC, 0xDBCD, 0xDC2E, 0xDC0E, 0xC36B, 0xAAC9, 0xAAE9, 0xB34A, 0xBB6B, 0xC38B, 0xD40D, 0xDC4E,
    0xE48F, 0xE48F, 0xE48F, 0xDC6E, 0xE48F, 0xDC4E, 0xD3CC, 0xDC0D, 0xD3ED, 0xCBAB, 0xD3AC, 0xCB8B,
    0xCB6B, 0xDBCD, 0xE42D, 0xE42E, 0xDC0D, 0xDC0D, 0xDC4E, 0xD42D, 0xD40D, 0xCC0D, 0xC40D, 0xC40D,
    0xCC0D, 0xC40D, 0x20A2, 0x0000, 0x0820, 0x0000, 0x0000, 0x0000, 0x0000, 0x0000, 0x0000, 0x0000,
    0x0000, 0x0000, 0x0000, 0x0000, 0x0000, 0x0000, 0x0000, 0x0000, 0x0000, 0x0000, 0x0000, 0x0000,
    0x0000, 0x0000, 0x0000, 0x0000, 0x0000, 0x0000, 0x0000, 0x0000, 0x0000, 0x0000, 0x0000, 0x0000,
    0x0000, 0x0000, 0x0000, 0x0000, 0x0000, 0x0000, 0x0000, 0x0000, 0x0000, 0x0000, 0x0000, 0x0000,
    0x0000, 0x0000, 0x0000, 0x0000, 0x0000, 0x0000, 0x0000, 0x0000, 0x0000, 0x0000, 0x0000, 0x0000,
    0x0000, 0x0000, 0x0000, 0x0000, 0x0000, 0x0000, 0x0000, 0x0000, 0x0000, 0x0000, 0x0000, 0x0000,
    0x0000, 0x0000, 0x0000, 0x0000, 0x0000, 0x0000, 0x0000, 0x0000, 0x0000, 0x0000, 0x0000, 0x0000,
    0x0000, 0x0000, 0x0000, 0x0000, 0x0000, 0x0000, 0x0000, 0x0000, 0x0000, 0x0000, 0x0000, 0x0820,
    0x4143, 0x61C4, 0x69C5, 0x69E5, 0x71E5, 0x9287, 0x9A87, 0x9A87, 0x9A87, 0x9246, 0x79E5, 0x6984,
    0x6184, 0x8226, 0x8225, 0x7A05, 0x8226, 0x9AA8, 0x9AA8, 0xA2C8, 0xA2A8, 0xA2A8, 0xAAC8, 0xB309,
    0xB329, 0xAAE8, 0x9AA7, 0x8A46, 0x8205, 0x71C4, 0x71A4, 0x8A05, 0x8A25, 0x8A25, 0x8205, 0x8205,
    0x8A26, 0x7A05, 0x69A4, 0x6183, 0x6183, 0x79C5, 0x9246, 0xA267, 0xAA87, 0xB2A8, 0xBAC8, 0xC309,
    0xCB29, 0xC309, 0xCB49, 0xCB6A, 0xD36A, 0xCB6A, 0xCB6A, 0xD38B, 0xDBAC, 0xDBCC, 0xDBAC, 0xDBAC,
    0xDBCC, 0xDBCC, 0xDBCC, 0xE40E, 0xE40D, 0xD38B, 0xD36B, 0xD38C, 0xDBAC, 0xD3AC, 0xDC0D, 0xDC0D,
    0xDBED, 0xAAC9, 0xA288, 0xAAE9, 0xB34A, 0xBB2A, 0xC38B, 0xDC4E, 0xE4B0, 0xED11, 0xECF1, 0xE4D0,
    0xE4B0, 0xDC4E, 0xDC4E, 0xE44E, 0xD40D, 0xD3CD, 0xD3CC, 0xD3CC, 0xDBED, 0xE40D, 0xE42E, 0xDC0D,
    0xCBAC, 0xCBAB, 0xDC4E, 0xDC4E, 0xD40D, 0xCBED, 0xC40D, 0xCC0D, 0xC40D, 0xCC2D, 0x28C2, 0x0000,
    0x0820, 0x0000, 0x0000, 0x0000, 0x0000, 0x0000, 0x0000, 0x0000, 0x0000, 0x0000, 0x0000, 0x0000,
    0x0000, 0x0000, 0x0000, 0x0000, 0x0000, 0x0000, 0x0000, 0x0000, 0x0000, 0x0000, 0x0000, 0x0000,
    0x0000, 0x0000, 0x0000, 0x0000, 0x0000, 0x0000, 0x0000, 0x0000, 0x0000, 0x0000, 0x0000, 0x0000,
    0x0000, 0x0000, 0x0000, 0x0000, 0x0000, 0x0000, 0x0000, 0x0000, 0x0000, 0x0000, 0x0000, 0x0000,
    0x0000, 0x0000, 0x0000, 0x0000, 0x0000, 0x0000, 0x0000, 0x0000, 0x0000, 0x0000, 0x0000, 0x0000,
    0x0000, 0x0000, 0x0000, 0x0000, 0x0000, 0x0000, 0x0000, 0x0000, 0x0000, 0x0000, 0x0000, 0x0000,
    0x0000, 0x0000, 0x0000, 0x0000, 0x0000, 0x0000, 0x0000, 0x0000, 0x0000, 0x0000, 0x0000, 0x0000,
    0x0000, 0x0000, 0x0000, 0x0000, 0x0000, 0x0000, 0x0000, 0x0000, 0x3923, 0x61E5, 0x69E5, 0x7A26,
    0x8246, 0x8A26, 0x9246, 0x9A67, 0x9A67, 0x9A87, 0x8A46, 0x69A4, 0x6163, 0x71E5, 0x8226, 0x8A66,
    0x9267, 0x9287, 0x9A87, 0x9A87, 0x9AA7, 0xA2A7, 0xA2C8, 0xA2A7, 0x8A26, 0x8A26, 0x8A26, 0x79E5,
    0x71A4, 0x71A4, 0x8A25, 0x9226, 0x9246, 0x8A26, 0x79E5, 0x71C4, 0x69A4, 0x71C4, 0x61A4, 0x5963,
    0x6163, 0x8205, 0x9A67, 0xA267, 0xB2A7, 0xBAE8, 0xC329, 0xC309, 0xBAE8, 0xBAE8, 0xC2E8, 0xC329,
    0xCB4A, 0xDBCC, 0xDBEC, 0xDBCC, 0xDBCC, 0xEC2E, 0xEC4E, 0xDBAC, 0xCB6B, 0xCB6B, 0xC32A, 0xDBCC,
    0xE40D, 0xE3ED, 0xDBAC, 0xD38C, 0xDBCD, 0xD3AC, 0xDC0D, 0xDC0E, 0xCB8C, 0xCB8C, 0xB2E9, 0xA288,
    0xA288, 0xA288, 0xAAC8, 0xB30A, 0xC3AC, 0xD40D, 0xDC4E, 0xE48F, 0xE4D0, 0xD42E, 0xD3ED, 0xCBAC,
    0xC38B, 0xC38B, 0xC36B, 0xD3CC, 0xE42E, 0xE42E, 0xC36A, 0xCBAB, 0xD3CC, 0xD3ED, 0xE46E, 0xDC2E,
    0xCC0D, 0xC3EC, 0xBBCC, 0xC40D, 0xC40D, 0xC40D, 0x28E2, 0x0000, 0x0820, 0x0000, 0x0000, 0x0000,
    0x0000, 0x0000, 0x0000, 0x0000, 0x0000, 0x0000, 0x0000, 0x0000, 0x0000, 0x0000, 0x0000, 0x0000,
    0x0000, 0x0000, 0x0000, 0x0000, 0x0000, 0x0000, 0x0000, 0x0000, 0x0000, 0x0000, 0x0000, 0x0000,
    0x0000, 0x0000, 0x0000, 0x0000, 0x0000, 0x0000, 0x0000, 0x0000, 0x0000, 0x0000, 0x0000, 0x0000,
    0x0000, 0x0000, 0x0000, 0x0000, 0x0000, 0x0000, 0x0000, 0x0000, 0x0000, 0x0000, 0x0000, 0x0000,
    0x0000, 0x0000, 0x0000, 0x0000, 0x0000, 0x0000, 0x0000, 0x0000, 0x0000, 0x0000, 0x0000, 0x0000,
    0x0000, 0x0000, 0x0000, 0x0000, 0x0000, 0x0000, 0x0000, 0x0000, 0x0000, 0x0000, 0x0000, 0x0000,
    0x0000, 0x0000, 0x0000, 0x0000, 0x0000, 0x0000, 0x0000, 0x0000, 0x0000, 0x0000, 0x0000, 0x0000,
    0x0000, 0x0000, 0x0800, 0x0000, 0x3923, 0x61C5, 0x61C4, 0x71E5, 0x7A05, 0x8A46, 0x9A66, 0x9A67,
    0x9246, 0x9266, 0x9246, 0x8205, 0x71A4, 0x69A4, 0x8225, 0x8A46, 0x8A46, 0x8A26, 0x8226, 0x8A26,
    0x9267, 0x8A26, 0x8A05, 0x8206, 0x8205, 0x8206, 0x79E5, 0x79C5, 0x71A4, 0x81E5, 0x9226, 0x9246,
    0x9226, 0x8A25, 0x81E5, 0x79E5, 0x71A4, 0x69A4, 0x6183, 0x6183, 0x71E5, 0x8A26, 0x9A46, 0xAA87,
    0xBAE9, 0xC329, 0xBAE9, 0xBAE9, 0xBAE8, 0xC2E8, 0xBAE8, 0xBAE8, 0xC309, 0xD38B, 0xDBAC, 0xD38B,
    0xD36B, 0xDBAC, 0xDBED, 0xCB4B, 0xC32A, 0xCB6B, 0xC32A, 0xDBCD, 0xEC2E, 0xEC2E, 0xEC2E, 0xE3ED,
    0xE3ED, 0xE3ED, 0xE42E, 0xE42E, 0xCB4B, 0xD3AC, 0xD38C, 0xBB0A, 0xAAA8, 0xA267, 0xAA88, 0xB2E9,
    0xC36B, 0xC3AB, 0xD40D, 0xE48F, 0xE4B0, 0xDC4E, 0xD3ED, 0xC38B, 0xD3CC, 0xD3ED, 0xDBED, 0xD3CC,
    0xDBCC, 0xE42E, 0xD3AC, 0xDBED, 0xE44E, 0xE44E, 0xE46E, 0xDC4E, 0xD42D, 0xCC0D, 0xC3EC, 0xC3EC,
    0xC40D, 0xC40D, 0x4164, 0x0000, 0x0820, 0x0000, 0x0000, 0x0000, 0x0000, 0x0000, 0x0000, 0x0000,
    0x0000, 0x0000, 0x0000, 0x0000, 0x0000, 0x0000, 0x0000, 0x0000, 0x0000, 0x0000, 0x0000, 0x0000,
    0x0000, 0x0000, 0x0000, 0x0000, 0x0000, 0x0000, 0x0000, 0x0000, 0x0000, 0x0000, 0x0000, 0x0000,
    0x0000, 0x0000, 0x0000, 0x0000, 0x0000, 0x0000, 0x0000, 0x0000, 0x0000, 0x0000, 0x0000, 0x0000,
    0x0000, 0x0000, 0x0000, 0x0000, 0x0000, 0x0000, 0x0000, 0x0000, 0x0000, 0x0000, 0x0000, 0x0000,
    0x0000, 0x0000, 0x0000, 0x0000, 0x0000, 0x0000, 0x0000, 0x0000, 0x0000, 0x0000, 0x0000, 0x0000,
    0x0000, 0x0000, 0x0000, 0x0000, 0x0000, 0x0000, 0x0000, 0x0000, 0x0000, 0x0000, 0x0000, 0x0000,
    0x0000, 0x0000, 0x0000, 0x0000, 0x0000, 0x0000, 0x0000, 0x0000, 0x0000, 0x0000, 0x0800, 0x0000,
    0x3923, 0x61C5, 0x61A4, 0x69E4, 0x8225, 0x9266, 0x9246, 0xA287, 0xA287, 0x8A25, 0x8205, 0x8A05,
    0x79C4, 0x6983, 0x69A4, 0x79C4, 0x79C4, 0x79C5, 0x81E5, 0x8A05, 0x9226, 0x8A06, 0x79C5, 0x79C4,
    0x79E5, 0x79E5, 0x71A4, 0x71A4, 0x7184, 0x8A05, 0x9A46, 0x9226, 0x9226, 0x9226, 0x8A05, 0x81E5,
    0x69A4, 0x6183, 0x6183, 0x69A4, 0x8205, 0x8A05, 0x9A26, 0xC309, 0xC329, 0xC309, 0xB2A8, 0xBAC8,
    0xCB4A, 0xC309, 0xBAC8, 0xC2E9, 0xC2E9, 0xC309, 0xC309, 0xC309, 0xC309, 0xCB2A, 0xD36B, 0xCB4A,
    0xCB4A, 0xCB6B, 0xD38C, 0xE3ED, 0xEC0E, 0xE40E, 0xEC0E, 0xEC0E, 0xE3ED, 0xD38C, 0xDBED, 0xEC2E,
    0xD38C, 0xDB8C, 0xDBAC, 0xD38B, 0xBB0A, 0xA267, 0xAA88, 0xB2E9, 0xBAE9, 0xBB2A, 0xCBED, 0xD3ED,
    0xD3ED, 0xD3ED, 0xD3ED, 0xCBAC, 0xE42E, 0xEC4F, 0xF48F, 0xDBED, 0xC32A, 0xDBCD, 0xEC2E, 0xEC4E,
    0xEC6F, 0xEC8F, 0xDC2D, 0xD42D, 0xD42D, 0xD42D, 0xCC0D, 0xBBCC, 0xBBEC, 0xC42D, 0x59E6, 0x0000,
    0x0820, 0x0000, 0x0000, 0x0000, 0x0000, 0x0000, 0x0000, 0x0000, 0x0000, 0x0000, 0x0000, 0x0000,
    0x0000, 0x0000, 0x0000, 0x0000, 0x0000, 0x0000, 0x0000, 0x0000, 0x0000, 0x0000, 0x0000, 0x0000,
    0x0000, 0x0000, 0x0000, 0x0000, 0x0000, 0x0000, 0x0000, 0x0000, 0x0000, 0x0000, 0x0000, 0x0000,
    0x0000, 0x0000, 0x0000, 0x0000, 0x0000, 0x0000, 0x0000, 0x0000, 0x0000, 0x0000, 0x0000, 0x0000,
    0x0000, 0x0000, 0x0000, 0x0000, 0x0000, 0x0000, 0x0000, 0x0000, 0x0000, 0x0000, 0x0000, 0x0000,
    0x0000, 0x0000, 0x0000, 0x0000, 0x0000, 0x0000, 0x0000, 0x0000, 0x0000, 0x0000, 0x0000, 0x0000,
    0x0000, 0x0000, 0x0000, 0x0000, 0x0000, 0x0000, 0x0000, 0x0000, 0x0000, 0x0000, 0x0000, 0x0000,
    0x0000, 0x0000, 0x0000, 0x0000, 0x0000, 0x0000, 0x0800, 0x0000, 0x3923, 0x59A4, 0x5984, 0x69E4,
    0x71C4, 0x8A46, 0x8A26, 0x9226, 0xAAA8, 0x9A67, 0x9246, 0x9226, 0x8A05, 0x81E5, 0x79E5, 0x79E5,
    0x81E5, 0x81E5, 0x81E5, 0x81E5, 0x8A05, 0x81E5, 0x79C5, 0x79C5, 0x79C4, 0x6963, 0x71A4, 0x9246,
    0x8A26, 0x9246, 0x9A67, 0x9246, 0x9225, 0x9226, 0x79C4, 0x7184, 0x6163, 0x6183, 0x6184, 0x7A05,
    0x9267, 0xAAA8, 0xBB09, 0xC309, 0xC309, 0xC309, 0xBAC8, 0xB287, 0xCB4A, 0xE3EC, 0xD34A, 0xE3ED,
    0xDBAB, 0xE3CC, 0xDBAC, 0xEC0D, 0xD38B, 0xD38B, 0xE3ED, 0xDBAC, 0xCB4A, 0xCB8B, 0xDBCD, 0xE3CD,
    0xE40D, 0xE40E, 0xE40D, 0xEC0E, 0xEC2E, 0xEC4E, 0xE40E, 0xE3ED, 0xE3ED, 0xDBAD, 0xDB8C, 0xDB8C,
    0xE3ED, 0xDBAC, 0xC34A, 0xCB8B, 0xC34B, 0xBB2A, 0xC36B, 0xC36B, 0xC34A, 0xC36B, 0xCB8C, 0xBB4A,
    0xD3CC, 0xEC4E, 0xEC6F, 0xEC4E, 0xE42E, 0xE42E, 0xE42E, 0xE42E, 0xEC6F, 0xDC2E, 0xBB4A, 0xD40D,
    0xD40D, 0xCC0D, 0xC3EC, 0xC3EC, 0xBBEC, 0xCC4E, 0x82C9, 0x0820, 0x0000, 0x0000, 0x0000, 0x0000,
    0x0000, 0x0000, 0x0000, 0x0000, 0x0000, 0x0000, 0x0000, 0x0000, 0x0000, 0x0000, 0x0000, 0x0000,
    0x0000, 0x0000, 0x0000, 0x0000, 0x0000, 0x0000, 0x0000, 0x0000, 0x0000, 0x0000, 0x0000, 0x0000,
    0x0000, 0x0000, 0x0000, 0x0000, 0x0000, 0x0000, 0x0000, 0x0000, 0x0000, 0x0000, 0x0000, 0x0000,
    0x0000, 0x0000, 0x0000, 0x0000, 0x0000, 0x0000, 0x0000, 0x0000, 0x0000, 0x0000, 0x0000, 0x0000,
    0x0000, 0x0000, 0x0000, 0x0000, 0x0000, 0x0000, 0x0000, 0x0000, 0x0000, 0x0000, 0x0000, 0x0000,
    0x0000, 0x0000, 0x0000, 0x0000, 0x0000, 0x0000, 0x0000, 0x0000, 0x0000, 0x0000, 0x0000, 0x0000,
    0x0000, 0x0000, 0x0000, 0x0000, 0x0000, 0x0000, 0x0000, 0x0000, 0x0000, 0x0000, 0x0000, 0x0000,
    0x0000, 0x0000, 0x0800, 0x0000, 0x3923, 0x61C4, 0x61C4, 0x71E5, 0x71C4, 0x8225, 0x8A25, 0x8A05,
    0xA287, 0xA287, 0xA287, 0x9A46, 0x9A46, 0x9226, 0x8A26, 0x8A26, 0x8A05, 0x8A05, 0x81E5, 0x81E5,
    0x8A26, 0x8A05, 0x81E5, 0x81E5, 0x81E5, 0x79C5, 0x8205, 0x9A87, 0x9A66, 0x9A66, 0x9A66, 0x9A46,
    0x9225, 0x9205, 0x79C4, 0x71A4, 0x6983, 0x6163, 0x6184, 0x7A06, 0x9287, 0xA2A8, 0xB2C8, 0xBAC8,
    0xC2E9, 0xC2E9, 0xC309, 0xC309, 0xCB2A, 0xDBAC, 0xD34A, 0xEC0D, 0xDB8B, 0xE3ED, 0xE3CC, 0xEC0D,
    0xDBAC, 0xDBCC, 0xE42E, 0xDBAC, 0xC32A, 0xC32A, 0xD3AC, 0xDBCD, 0xDBAC, 0xDBAC, 0xE3ED, 0xEC4F,
    0xEC4F, 0xF46F, 0xEC4E, 0xE3ED, 0xDBAC, 0xDB8C, 0xE3ED, 0xDBCD, 0xEC4F, 0xEC6F, 0xDBCC, 0xE40D,
    0xCB6B, 0xBB09, 0xD3AC, 0xD3ED, 0xD3AC, 0xD3AC, 0xDBED, 0xD3AC, 0xDBED, 0xEC2E, 0xEC6F, 0xEC4F,
    0xEC4E, 0xEC2E, 0xE40D, 0xEC2E, 0xEC4E, 0xE44E, 0xCBAB, 0xD3ED, 0xCBEC, 0xC3CC, 0xBBAC, 0xBBCC,
    0xB3CB, 0xCC2D, 0x9B2A, 0x0820, 0x0000, 0x0000, 0x0000, 0x0000, 0x0000, 0x0000, 0x0000, 0x0000,
    0x0000, 0x0000, 0x0000, 0x0000, 0x0000, 0x0000, 0x0000, 0x0000, 0x0000, 0x0000, 0x0000, 0x0000,
    0x0000, 0x0000, 0x0000, 0x0000, 0x0000, 0x0000, 0x0000, 0x0000, 0x0000, 0x0000, 0x0000, 0x0000,
    0x0000, 0x0000, 0x0000, 0x0000, 0x0000, 0x0000, 0x0000, 0x0000, 0x0000, 0x0000, 0x0000, 0x0000,
    0x0000, 0x0000, 0x0000, 0x0000, 0x0000, 0x0000, 0x0000, 0x0000, 0x0000, 0x0000, 0x0000, 0x0000,
    0x0000, 0x0000, 0x0000, 0x0000, 0x0000, 0x0000, 0x0000, 0x0000, 0x0000, 0x0000, 0x0000, 0x0000,
    0x0000, 0x0000, 0x0000, 0x0000, 0x0000, 0x0000, 0x0000, 0x0000, 0x0000, 0x0000, 0x0000, 0x0000,
    0x0000, 0x0000, 0x0000, 0x0000, 0x0000, 0x0000, 0x0000, 0x0000, 0x0000, 0x0000, 0x0800, 0x0000,
    0x3923, 0x61C4, 0x69E5, 0x7205, 0x79E5, 0x8225, 0x8A26, 0x9A46, 0x9A67, 0xA267, 0xA287, 0xA287,
    0x9A66, 0x9205, 0x9A66, 0xA2A7, 0x9A66, 0x8A05, 0x8A05, 0x8A05, 0x9A66, 0x9A66, 0x8A05, 0x7984,
    0x81E5, 0x9226, 0x9A46, 0x9A67, 0x9A46, 0x9A46, 0x9A66, 0x9226, 0x9205, 0x89E5, 0x79C4, 0x71A4,
    0x6184, 0x5963, 0x69A4, 0x8226, 0x7A05, 0x8A05, 0xA246, 0xBAE8, 0xC2E9, 0xC2E9, 0xD36B, 0xDBCC,
    0xE3ED, 0xE3ED, 0xE3CC, 0xDB8B, 0xDBAC, 0xE3CC, 0xE3ED, 0xF48F, 0xEC4F, 0xEC2E, 0xEC2E, 0xD38B,
    0xCB6B, 0xCB6B, 0xCB6B, 0xCB6B, 0xC34A, 0xC32A, 0xDBCD, 0xEC2E, 0xEC4F, 0xEC4F, 0xEC4F, 0xEC4E,
    0xD38B, 0xDB8C, 0xE40E, 0xDBAC, 0xD38C, 0xEC4F, 0xF46F, 0xEC2E, 0xE40E, 0xD3AC, 0xDBCD, 0xEC2E,
    0xEC4E, 0xEC4F, 0xEC6F, 0xEC4F, 0xE40E, 0xDBED, 0xDBAC, 0xE40D, 0xDBED, 0xD3AC, 0xDBED, 0xE42E,
    0xE42E, 0xEC6F, 0xDC2E, 0xD3ED, 0xCBAC, 0xBB8B, 0xBBAC, 0xCC2D, 0xC40D, 0xCC2D, 0x930A, 0x0800,
    0x0000, 0x0000, 0x0000, 0x0000, 0x0000, 0x0000, 0x0000, 0x0000, 0x0000, 0x0000, 0x0000, 0x0000,
    0x0000, 0x0000, 0x0000, 0x0000, 0x0000, 0x0000, 0x0000, 0x0000, 0x0000, 0x0000, 0x0000, 0x0000,
    0x0000, 0x0000, 0x0000, 0x0000, 0x0000, 0x0000, 0x0000, 0x0000, 0x0000, 0x0000, 0x0000, 0x0000,
    0x0000, 0x0000, 0x0000, 0x0000, 0x0000, 0x0000, 0x0000, 0x0000, 0x0000, 0x0000, 0x0000, 0x0000,
    0x0000, 0x0000, 0x0000, 0x0000, 0x0000, 0x0000, 0x0000, 0x0000, 0x0000, 0x0000, 0x0000, 0x0000,
    0x0000, 0x0000, 0x0000, 0x0000, 0x0000, 0x0000, 0x0000, 0x0000, 0x0000, 0x0000, 0x0000, 0x0000,
    0x0000, 0x0000, 0x0000, 0x0000, 0x0000, 0x0000, 0x0000, 0x0000, 0x0000, 0x0000, 0x0000, 0x0000,
    0x0000, 0x0000, 0x0000, 0x0000, 0x0000, 0x0000, 0x0800, 0x0000, 0x4123, 0x61C5, 0x61C4, 0x71E5,
    0x79E5, 0x8225, 0x8A05, 0x9246, 0x9A46, 0x9A46, 0x9A66, 0x9A46, 0x9A66, 0x9226, 0xA287, 0xB2E8,
    0xA287, 0x9226, 0x9226, 0x9A67, 0x9A46, 0x9A46, 0x9225, 0x81C5, 0x9246, 0x9A46, 0xA267, 0x9A46,
    0x9A46, 0x9A66, 0x9A46, 0x9226, 0x9205, 0x89E5, 0x79C4, 0x79C4, 0x6184, 0x6184, 0x7205, 0x8A67,
    0x8226, 0x8A05, 0xAA87, 0xBAC8, 0xBAE9, 0xC309, 0xB2A8, 0xCB2A, 0xE3CC, 0xEC0E, 0xEC0D, 0xE3CC,
    0xEBED, 0xD34A, 0xEC4E, 0xFD11, 0xF48F, 0xE3ED, 0xE3ED, 0xDBAC, 0xD38B, 0xCB6B, 0xCB6B, 0xC32A,
    0xC32A, 0xC30A, 0xDBCD, 0xEC2E, 0xEC4E, 0xF46F, 0xEC4E, 0xEC2E, 0xEC2E, 0xDBAC, 0xE3CD, 0xEC6F,
    0xDBAC, 0xE3ED, 0xEC6F, 0xEC2E, 0xE40E, 0xDBED, 0xD38C, 0xE3ED, 0xE42E, 0xE44E, 0xEC4F, 0xEC4F,
    0xE3ED, 0xDBCD, 0xDBED, 0xE40D, 0xD3AC, 0xD3AC, 0xE42E, 0xEC2E, 0xEC2E, 0xE42E, 0xCBAB, 0xD3CC,
    0xCBAC, 0xC3AB, 0xCBED, 0xC40D, 0xBBEC, 0xCC4E, 0x930A, 0x0000, 0x0000, 0x0000, 0x0000, 0x0000,
    0x0000, 0x0000, 0x0000, 0x0000, 0x0000, 0x0000, 0x0000, 0x0000, 0x0000, 0x0000, 0x0000, 0x0000,
    0x0000, 0x0000, 0x0000, 0x0000, 0x0000, 0x0000, 0x0000, 0x0000, 0x0000, 0x0000, 0x0000, 0x0000,
    0x0000, 0x0000, 0x0000, 0x0000, 0x0000, 0x0000, 0x0000, 0x0000, 0x0000, 0x0000, 0x0000, 0x0000,
    0x0000, 0x0000, 0x0000, 0x0000, 0x0000, 0x0000, 0x0000, 0x0000, 0x0000, 0x0000, 0x0000, 0x0000,
    0x0000, 0x0000, 0x0000, 0x0000, 0x0000, 0x0000, 0x0000, 0x0000, 0x0000, 0x0000, 0x0000, 0x0000,
    0x0000, 0x0000, 0x0000, 0x0000, 0x0000, 0x0000, 0x0000, 0x0000, 0x0000, 0x0000, 0x0000, 0x0000,
    0x0000, 0x0000, 0x0000, 0x0000, 0x0000, 0x0000, 0x0000, 0x0000, 0x0000, 0x0000, 0x0000, 0x0000,
    0x0000, 0x0000, 0x0820, 0x0000, 0x4123, 0x59A4, 0x61C4, 0x71E5, 0x7A05, 0x8205, 0x8A05, 0x9226,
    0x9226, 0xA287, 0xA287, 0x9226, 0x9A46, 0x9205, 0x9226, 0xAAC8, 0xA2A7, 0x9A67, 0xAAA8, 0xB2C8,
    0x89E5, 0x9225, 0x9A46, 0x9A67, 0xAAC8, 0xA2A7, 0x9A46, 0x9226, 0x9A46, 0x9A66, 0x9A46, 0x9226,
    0x8A05, 0x81E5, 0x71A4, 0x79C4, 0x6983, 0x6184, 0x7A26, 0x8A87, 0x8A67, 0x9246, 0xAA87, 0xAA87,
    0xB2A8, 0xC309, 0xC2E9, 0xC2E9, 0xCB2A, 0xDB8B, 0xE3CC, 0xEC2E, 0xF44F, 0xF44E, 0xFCB0, 0xFCF1,
    0xFC90, 0xEC2E, 0xDBAC, 0xDBCC, 0xD3AC, 0xCB6B, 0xD3AC, 0xCB4B, 0xBAE9, 0xBB09, 0xCB2A, 0xDBAC,
    0xEC6F, 0xF48F, 0xEC6F, 0xEC8F, 0xEC2E, 0xEC4F, 0xE40E, 0xEC2E, 0xEC4F, 0xEC4F, 0xEC4F, 0xE40E,
    0xE40E, 0xEC2E, 0xDBCD, 0xCB4B, 0xCB4B, 0xD36B, 0xDBED, 0xE3ED, 0xE3ED, 0xE3ED, 0xE40E, 0xEC2E,
    0xE40D, 0xE40E, 0xEC4E, 0xE42E, 0xDBED, 0xDBCC, 0xCB8B, 0xCBAC, 0xC38B, 0xCBAC, 0xD40D, 0xC3ED,
    0xC3EC, 0xCC4E, 0x92E9, 0x0000, 0x0820, 0x0000, 0x0000, 0x0000, 0x0000, 0x0000, 0x0000, 0x0000,
    0x0000, 0x0000, 0x0000, 0x0000, 0x0000, 0x0000, 0x0000, 0x0000, 0x0000, 0x0000, 0x0000, 0x0000,
    0x0000, 0x0000, 0x0000, 0x0000, 0x0000, 0x0000, 0x0000, 0x0000, 0x0000, 0x0000, 0x0000, 0x0000,
    0x0000, 0x0000, 0x0000, 0x0000, 0x0000, 0x0000, 0x0000, 0x0000, 0x0000, 0x0000, 0x0000, 0x0000,
    0x0000, 0x0000, 0x0000, 0x0000, 0x0000, 0x0000, 0x0000, 0x0000, 0x0000, 0x0000, 0x0000, 0x0000,
    0x0000, 0x0000, 0x0000, 0x0000, 0x0000, 0x0000, 0x0000, 0x0000, 0x0000, 0x0000, 0x0000, 0x0000,
    0x0000, 0x0000, 0x0000, 0x0000, 0x0000, 0x0000, 0x0000, 0x0000, 0x0000, 0x0000, 0x0000, 0x0000,
    0x0000, 0x0000, 0x0000, 0x0000, 0x0000, 0x0000, 0x0000, 0x0000, 0x0000, 0x0000, 0x0820, 0x0000,
    0x4123, 0x61C4, 0x59A4, 0x61C4, 0x69C4, 0x8205, 0x8A26, 0x9226, 0x9A46, 0xA287, 0x9A66, 0x9226,
    0x9226, 0x9246, 0x9A46, 0xA267, 0x9225, 0xA287, 0xAAA7, 0xAAA7, 0xA287, 0xA267, 0xA267, 0xAA87,
    0xAAC8, 0xA287, 0x9A46, 0x9A46, 0x9A66, 0xA266, 0x9226, 0x89E5, 0x81C4, 0x81C5, 0x7184, 0x71A4,
    0x6163, 0x61A4, 0x7A26, 0x7A05, 0x8A46, 0x9A87, 0x9A66, 0x9A26, 0xAA67, 0xC309, 0xD36B, 0xD36B,
    0xC2E9, 0xBAC8, 0xCB2A, 0xE3CC, 0xF44E, 0xFCB0, 0xFCB0, 0xFCD1, 0xF46F, 0xEC2E, 0xDBAC, 0xD38B,
    0xD36B, 0xD38B, 0xD3AC, 0xCB4B, 0xBB09, 0xC32A, 0xC30A, 0xD36B, 0xE42E, 0xEC6F, 0xEC6F, 0xEC6F,
    0xDBCC, 0xDBAC, 0xDBAC, 0xEC2E, 0xE42E, 0xEC4F, 0xEC4F, 0xE40D, 0xDBCC, 0xDBCD, 0xDBAC, 0xD38C,
    0xCB4B, 0xCB4A, 0xCB4A, 0xCB6B, 0xDBCD, 0xE40E, 0xEC0E, 0xE40E, 0xDBCC, 0xDBED, 0xE40E, 0xE40D,
    0xDBED, 0xD3CC, 0xC36B, 0xC38B, 0xC38B, 0xCBCC, 0xD40D, 0xBBAB, 0xBBCC, 0xC40D, 0x8AE9, 0x0000,
    0x0820, 0x0000, 0x0000, 0x0000, 0x0000, 0x0000, 0x0000, 0x0000, 0x0000, 0x0000, 0x0000, 0x0000,
    0x0000, 0x0000, 0x0000, 0x0000, 0x0000, 0x0000, 0x0000, 0x0000, 0x0000, 0x0000, 0x0000, 0x0000,
    0x0000, 0x0000, 0x0000, 0x0000, 0x0000, 0x0000, 0x0000, 0x0000, 0x0000, 0x0000, 0x0000, 0x0000,
    0x0000, 0x0000, 0x0000, 0x0000, 0x0000, 0x0000, 0x0000, 0x0000, 0x0000, 0x0000, 0x0000, 0x0000,
    0x0000, 0x0000, 0x0000, 0x0000, 0x0000, 0x0000, 0x0000, 0x0000, 0x0000, 0x0000, 0x0000, 0x0000,
    0x0000, 0x0000, 0x0000, 0x0000, 0x0000, 0x0000, 0x0000, 0x0000, 0x0000, 0x0000, 0x0000, 0x0000,
    0x0000, 0x0000, 0x0000, 0x0000, 0x0000, 0x0000, 0x0000, 0x0000, 0x0000, 0x0000, 0x0000, 0x0000,
    0x0000, 0x0000, 0x0000, 0x0000, 0x0000, 0x0000, 0x0800, 0x0000, 0x3922, 0x61C4, 0x5183, 0x59A4,
    0x71E4, 0x79E5, 0x8A05, 0x9246, 0x9A46, 0x9A67, 0x9A46, 0x8A05, 0x9205, 0xA267, 0xAAC8, 0x9A46,
    0x8A05, 0xA287, 0xA287, 0xA287, 0xA287, 0xA287, 0xA287, 0xAAA7, 0xAAA7, 0xA287, 0x9A66, 0xA266,
    0xA267, 0xA287, 0x9226, 0x89E5, 0x8A05, 0x8A05, 0x81E5, 0x71C4, 0x69A4, 0x61A4, 0x7206, 0x7A06,
    0x8226, 0x8A06, 0x89E5, 0x91E5, 0xA246, 0xB2A8, 0xCB2A, 0xD38B, 0xD38B, 0xB2A8, 0xC309, 0xD38B,
    0xE3CD, 0xF48F, 0xFCD0, 0xF46F, 0xF44E, 0xE3ED, 0xD36B, 0xCB4B, 0xD38C, 0xDBED, 0xD3AC, 0xD38C,
    0xCB4B, 0xCB4B, 0xC32A, 0xC30A, 0xD38B, 0xEC6F, 0xE42E, 0xEC4F, 0xDC0D, 0xEC4F, 0xDBCD, 0xDBED,
    0xE42E, 0xEC4F, 0xEC4F, 0xEC4F, 0xEC2F, 0xE3ED, 0xE3CD, 0xE3ED, 0xE3ED, 0xDBED, 0xD38C, 0xCB4B,
    0xCB6B, 0xE3ED, 0xEC0E, 0xE40E, 0xDBCC, 0xDBCD, 0xE40D, 0xD3CC, 0xCBAC, 0xD3AC, 0xC36B, 0xC36B,
    0xCBAC, 0xCBAC, 0xCBCC, 0xAB4A, 0xAB6B, 0xC40D, 0x9309, 0x0000, 0x0800, 0x0000, 0x0000, 0x0000,
    0x0000, 0x0000, 0x0000, 0x0000, 0x0000, 0x0000, 0x0000, 0x0000, 0x0000, 0x0000, 0x0000, 0x0000,
    0x0000, 0x0000, 0x0000, 0x0000, 0x0000, 0x0000, 0x0000, 0x0000, 0x0000, 0x0000, 0x0000, 0x0000,
    0x0000, 0x0000, 0x0000, 0x0000, 0x0000, 0x0000, 0x0000, 0x0000, 0x0000, 0x0000, 0x0000, 0x0000,
    0x0000, 0x0000, 0x0000, 0x0000, 0x0000, 0x0000, 0x0000, 0x0000, 0x0000, 0x0000, 0x0000, 0x0000,
    0x0000, 0x0000, 0x0000, 0x0000, 0x0000, 0x0000, 0x0000, 0x0000, 0x0000, 0x0000, 0x0000, 0x0000,
    0x0000, 0x0000, 0x0000, 0x0000, 0x0000, 0x0000, 0x0000, 0x0000, 0x0000, 0x0000, 0x0000, 0x0000,
    0x0000, 0x0000, 0x0000, 0x0000, 0x0000, 0x0000, 0x0000, 0x0000, 0x0000, 0x0000, 0x0000, 0x0000,
    0x0000, 0x0000, 0x0800, 0x0000, 0x3902, 0x61C5, 0x59A4, 0x5984, 0x69A4, 0x79E5, 0x71C4, 0x8A05,
    0x8A05, 0x81C5, 0x81E5, 0x81E5, 0x8A05, 0x9A46, 0x9A46, 0x9226, 0x9226, 0x9A46, 0x9226, 0x9205,
    0x9205, 0x9A26, 0xA266, 0xA267, 0xA287, 0xA287, 0x9A66, 0x9A26, 0x9A46, 0xA287, 0x9A46, 0x9205,
    0x8A05, 0x81E5, 0x79C5, 0x71C5, 0x69A4, 0x6184, 0x61A4, 0x71E5, 0x71C5, 0x79C4, 0x91E5, 0x9A05,
    0xA267, 0xAAA8, 0xBB09, 0xBAE9, 0xD38B, 0xCB4B, 0xC32A, 0xC32A, 0xC309, 0xE40D, 0xF48F, 0xEC2E,
    0xEC0E, 0xEC2E, 0xDBCC, 0xCB4B, 0xD3AC, 0xE42E, 0xDBED, 0xDBCD, 0xCB6B, 0xD38B, 0xC32A, 0xC32A,
    0xCB4B, 0xDBED, 0xEC90, 0xE44F, 0xD3AC, 0xF490, 0xE40E, 0xDBCD, 0xE42E, 0xEC6F, 0xEC6F, 0xE40E,
    0xE42E, 0xDBAC, 0xDBAC, 0xE3CD, 0xE3ED, 0xE40E, 0xE40E, 0xE40E, 0xE3ED, 0xEC0E, 0xEC0E, 0xE3ED,
    0xDBAC, 0xD38C, 0xDBED, 0xCBAC, 0xBB4A, 0xC36B, 0xCBAC, 0xCBAC, 0xCBAC, 0xCBAC, 0xC3AC, 0xB34A,
    0xBBCC, 0xC40D, 0x8AE9, 0x0000, 0x0000, 0x0000, 0x0000, 0x0000, 0x0000, 0x0000, 0x0000, 0x0000,
    0x0000, 0x0000, 0x0000, 0x0000, 0x0000, 0x0000, 0x0000, 0x0000, 0x0000, 0x0000, 0x0000, 0x0000,
    0x0000, 0x0000, 0x0000, 0x0000, 0x0000, 0x0000, 0x0000, 0x0000, 0x0000, 0x0000, 0x0000, 0x0000,
    0x0000, 0x0000, 0x0000, 0x0000, 0x0000, 0x0000, 0x0000, 0x0000, 0x0000, 0x0000, 0x0000, 0x0000,
    0x0000, 0x0000, 0x0000, 0x0000, 0x0000, 0x0000, 0x0000, 0x0000, 0x0000, 0x0000, 0x0000, 0x0000,
    0x0000, 0x0000, 0x0000, 0x0000, 0x0000, 0x0000, 0x0000, 0x0000, 0x0000, 0x0000, 0x0000, 0x0000,
    0x0000, 0x0000, 0x0000, 0x0000, 0x0000, 0x0000, 0x0000, 0x0000, 0x0000, 0x0000, 0x0000, 0x0000,
    0x0000, 0x0000, 0x0000, 0x0000, 0x0000, 0x0000, 0x0000, 0x0000, 0x0000, 0x0000, 0x0800, 0x0000,
    0x4123, 0x69E5, 0x61C4, 0x59A4, 0x5984, 0x69C4, 0x6984, 0x8205, 0x81E5, 0x81E5, 0x8A05, 0x9205,
    0x8A05, 0x8A05, 0x89E5, 0x9225, 0x9A46, 0x9226, 0x9226, 0x9226, 0x9205, 0x9205, 0x9205, 0x9226,
    0x9A46, 0x9A46, 0x9A26, 0x89E5, 0x9225, 0xA287, 0x9A46, 0x89E5, 0x81C4, 0x79A4, 0x71A4, 0x6984,
    0x6984, 0x5963, 0x5123, 0x6184, 0x69A4, 0x79C4, 0x9225, 0x9A26, 0x9A46, 0xA267, 0xAAA8, 0xBAE9,
    0xC34A, 0xC34A, 0xC309, 0xC32A, 0xC309, 0xC32A, 0xDBCC, 0xDBCC, 0xD36B, 0xCB6B, 0xD36B, 0xCB4A,
    0xCB8B, 0xD3CD, 0xCB8B, 0xD3AC, 0xD3AC, 0xD38C, 0xC32A, 0xC2E9, 0xC2E9, 0xCB4B, 0xE42E, 0xEC8F,
    0xEC8F, 0xF4B0, 0xE42E, 0xDBCD, 0xDC0D, 0xE40E, 0xEC4F, 0xDBAC, 0xDBCD, 0xDBCD, 0xDBAC, 0xDBAC,
    0xDBAC, 0xDBCD, 0xEC0E, 0xEC2E, 0xEC0E, 0xEC0E, 0xE40E, 0xDBAC, 0xD38B, 0xCB8B, 0xCB8B, 0xC36B,
    0xC36B, 0xCB8B, 0xCB8B, 0xCBAC, 0xCBAC, 0xC36B, 0xB36B, 0xBBAB, 0xCC0D, 0xCC4E, 0x9309, 0x0000,
    0x0000, 0x0000, 0x0000, 0x0000, 0x0000, 0x0000, 0x0000, 0x0000, 0x0000, 0x0000, 0x0000, 0x0000,
    0x0000, 0x0000, 0x0000, 0x0000, 0x0000, 0x0000, 0x0000, 0x0000, 0x0000, 0x0000, 0x0000, 0x0000,
    0x0000, 0x0000, 0x0000, 0x0000, 0x0000, 0x0000, 0x0000, 0x0000, 0x0000, 0x0000, 0x0000, 0x0000,
    0x0000, 0x0000, 0x0000, 0x0000, 0x0000, 0x0000, 0x0000, 0x0000, 0x0000, 0x0000, 0x0000, 0x0000,
    0x0000, 0x0000, 0x0000, 0x0000, 0x0000, 0x0000, 0x0000, 0x0000, 0x0000, 0x0000, 0x0000, 0x0000,
    0x0000, 0x0000, 0x0000, 0x0000, 0x0000, 0x0000, 0x0000, 0x0000, 0x0000, 0x0000, 0x0000, 0x0000,
    0x0000, 0x0000, 0x0000, 0x0000, 0x0000, 0x0000, 0x0000, 0x0000, 0x0000, 0x0000, 0x0000, 0x0000,
    0x0000, 0x0000, 0x0000, 0x0000, 0x0000, 0x0000, 0x0820, 0x0000, 0x4143, 0x6A05, 0x61C4, 0x61A4,
    0x7205, 0x7A25, 0x71C4, 0x81E5, 0x81E5, 0x79C4, 0x8A05, 0x9225, 0x89E5, 0x8A05, 0x9225, 0x9205,
    0x8A05, 0x89E5, 0x9225, 0x9226, 0x9205, 0x9205, 0x9205, 0x9226, 0x9A46, 0x9A46, 0x9205, 0x89E5,
    0x9205, 0x9A66, 0x9226, 0x89E5, 0x81C4, 0x71A4, 0x7184, 0x6984, 0x69A4, 0x5964, 0x4923, 0x5123,
    0x5963, 0x69A4, 0x81E5, 0x8A05, 0x8A05, 0x9226, 0x9A67, 0xAAA8, 0xAAC9, 0xAAA8, 0xAAC8, 0xBAE9,
    0xBAE9, 0xC32A, 0xD38C, 0xD38C, 0xC309, 0xBAE9, 0xC30A, 0xCB4B, 0xCB8C, 0xCBCC, 0xD3ED, 0xD3ED,
    0xD38B, 0xDBCC, 0xCB6B, 0xBAC9, 0xBAC9, 0xBAE9, 0xC32A, 0xD38C, 0xE44E, 0xEC8F, 0xE44E, 0xDC0D,
    0xDBED, 0xE40E, 0xE40E, 0xE40E, 0xE40E, 0xEC6F, 0xE40E, 0xDBAC, 0xCB6B, 0xDBAC, 0xE3ED, 0xEC0E,
    0xEC0E, 0xEC0E, 0xDBCC, 0xD38C, 0xD3AC, 0xD3AC, 0xD3CC, 0xD3CC, 0xCB8B, 0xC38B, 0xBB6A, 0xBB4A,
    0xC36B, 0xC38B, 0xB36A, 0xAB6A, 0xCC4E, 0xCC2D, 0x9309, 0x0000, 0x0800, 0x0000, 0x0000, 0x0000,
    0x0000, 0x0000, 0x0000, 0x0000, 0x0000, 0x0000, 0x0000, 0x0000, 0x0000, 0x0000, 0x0000, 0x0000,
    0x0000, 0x0000, 0x0000, 0x0000, 0x0000, 0x0000, 0x0000, 0x0000, 0x0000, 0x0000, 0x0000, 0x0000,
    0x0000, 0x0000, 0x0000, 0x0000, 0x0000, 0x0000, 0x0000, 0x0000, 0x0000, 0x0000, 0x0000, 0x0000,
    0x0000, 0x0000, 0x0000, 0x0000, 0x0000, 0x0000, 0x0000, 0x0000, 0x0000, 0x0000, 0x0000, 0x0000,
    0x0000, 0x0000, 0x0000, 0x0000, 0x0000, 0x0000, 0x0000, 0x0000, 0x0000, 0x0000, 0x0000, 0x0000,
    0x0000, 0x0000, 0x0000, 0x0000, 0x0000, 0x0000, 0x0000, 0x0000, 0x0000, 0x0000, 0x0000, 0x0000,
    0x0000, 0x0000, 0x0000, 0x0000, 0x0000, 0x0000, 0x0000, 0x0000, 0x0000, 0x0000, 0x0000, 0x0000,
    0x0000, 0x0000, 0x0800, 0x0000, 0x4963, 0x69E5, 0x61A4, 0x69E5, 0x7205, 0x71E4, 0x7A05, 0x8205,
    0x79E5, 0x81E5, 0x8A25, 0x8A05, 0x81E5, 0x8A05, 0x8A05, 0x89E5, 0x89E5, 0x89E5, 0x9205, 0x8A05,
    0x8A05, 0x9205, 0x9226, 0x9206, 0x9226, 0x9A26, 0x9226, 0x9205, 0x9225, 0x9226, 0x81C4, 0x89C5,
    0x81C4, 0x7184, 0x71A4, 0x6984, 0x69A4, 0x61A4, 0x5964, 0x5123, 0x5143, 0x5963, 0x71C4, 0x79E5,
    0x81E5, 0x8A05, 0x9267, 0x9A87, 0x9A67, 0xA287, 0xAAA8, 0xAAC8, 0xB2C8, 0xC34A, 0xC34A, 0xC32A,
    0xBAE9, 0xBAE9, 0xC32A, 0xC34A, 0xC36B, 0xCBAC, 0xDC6F, 0xD42E, 0xCBAC, 0xDBED, 0xDBCC, 0xC30A,
    0xBAE9, 0xC30A, 0xCB6B, 0xD36B, 0xD3CC, 0xEC6F, 0xE44E, 0xE44F, 0xE44E, 0xE42E, 0xDBED, 0xDC0D,
    0xDBED, 0xE42E, 0xE40E, 0xDBAC, 0xD3AC, 0xE3ED, 0xE3ED, 0xE3ED, 0xE3ED, 0xE3ED, 0xE3ED, 0xDBCC,
    0xDBCC, 0xD3AC, 0xCB8B, 0xCBAC, 0xCBCC, 0xCB8B, 0xC36A, 0xBB4A, 0xBB6B, 0xC3AC, 0xBB8B, 0xBBCC,
    0xC3ED, 0xC42D, 0x932A, 0x0000, 0x0820, 0x0000, 0x0000, 0x0000, 0x0000, 0x0000, 0x0000, 0x0000,
    0x0000, 0x0000, 0x0000, 0x0000, 0x0000, 0x0000, 0x0000, 0x0000, 0x0000, 0x0000, 0x0000, 0x0000,
    0x0000, 0x0000, 0x0000, 0x0000, 0x0000, 0x0000, 0x0000, 0x0000, 0x0000, 0x0000, 0x0000, 0x0000,
    0x0000, 0x0000, 0x0000, 0x0000, 0x0000, 0x0000, 0x0000, 0x0000, 0x0000, 0x0000, 0x0000, 0x0000,
    0x0000, 0x0000, 0x0000, 0x0000, 0x0000, 0x0000, 0x0000, 0x0000, 0x0000, 0x0000, 0x0000, 0x0000,
    0x0000, 0x0000, 0x0000, 0x0000, 0x0000, 0x0000, 0x0000, 0x0000, 0x0000, 0x0000, 0x0000, 0x0000,
    0x0000, 0x0000, 0x0000, 0x0000, 0x0000, 0x0000, 0x0000, 0x0000, 0x0000, 0x0000, 0x0000, 0x0000,
    0x0000, 0x0000, 0x0000, 0x0000, 0x0000, 0x0000, 0x0000, 0x0000, 0x0000, 0x0000, 0x0000, 0x0000,
    0x4123, 0x59A4, 0x59A4, 0x7205, 0x61A4, 0x69A4, 0x8225, 0x8225, 0x8205, 0x8A05, 0x81E5, 0x81C4,
    0x81E5, 0x89E5, 0x9205, 0x9205, 0x9205, 0x9205, 0x9226, 0x9226, 0x8A05, 0x9205, 0x9205, 0x9226,
    0x9226, 0x9226, 0x9226, 0x9A46, 0x9A46, 0x9226, 0x81C4, 0x81C5, 0x81C4, 0x7184, 0x6984, 0x6163,
    0x6184, 0x5964, 0x5964, 0x5143, 0x5123, 0x5143, 0x6184, 0x69A4, 0x69A4, 0x79E5, 0x9267, 0x9267,
    0x9A67, 0xA2A8, 0xAAC8, 0xAAE9, 0xAAC9, 0xAAC9, 0xAAC9, 0xAAC9, 0xB2E9, 0xBAE9, 0xB2C8, 0xB2E9,
    0xB2E9, 0xBB2A, 0xBB4A, 0xCBAC, 0xDC0D, 0xD3CD, 0xD3AC, 0xC34B, 0xBAE9, 0xBAE9, 0xC30A, 0xD36C,
    0xD3AC, 0xE40E, 0xDBED, 0xE42E, 0xEC6F, 0xDBED, 0xDC0D, 0xE44F, 0xEC90, 0xCB6B, 0xDBED, 0xDBCD,
    0xDBCD, 0xEC2E, 0xEC0E, 0xE3EE, 0xE3ED, 0xE3ED, 0xEC2E, 0xE3ED, 0xD3AC, 0xCB8B, 0xC34A, 0xC34A,
    0xCBAC, 0xCBAC, 0xD3AC, 0xCB8B, 0xC38B, 0xC38B, 0xBB8B, 0xCC2D, 0xB3AB, 0xBBCC, 0x9309, 0x0000,
    0x0820, 0x0000, 0x0000, 0x0000, 0x0000, 0x0000, 0x0000, 0x0000, 0x0000, 0x0000, 0x0000, 0x0000,
    0x0000, 0x0000, 0x0000, 0x0000, 0x0000, 0x0000, 0x0000, 0x0000, 0x0000, 0x0000, 0x0000, 0x0000,
    0x0000, 0x0000, 0x0000, 0x0000, 0x0000, 0x0000, 0x0000, 0x0000, 0x0000, 0x0000, 0x0000, 0x0000,
    0x0000, 0x0000, 0x0000, 0x0000, 0x0000, 0x0000, 0x0000, 0x0000, 0x0000, 0x0000, 0x0000, 0x0000,
    0x0000, 0x0000, 0x0000, 0x0000, 0x0000, 0x0000, 0x0000, 0x0000, 0x0000, 0x0000, 0x0000, 0x0000,
    0x0000, 0x0000, 0x0000, 0x0000, 0x0000, 0x0000, 0x0000, 0x0000, 0x0000, 0x0000, 0x0000, 0x0000,
    0x0000, 0x0000, 0x0000, 0x0000, 0x0000, 0x0000, 0x0000, 0x0000, 0x0000, 0x0000, 0x0000, 0x0000,
    0x0000, 0x0000, 0x0000, 0x0000, 0x0000, 0x0000, 0x0000, 0x0000, 0x3922, 0x59A4, 0x5184, 0x61C4,
    0x61A4, 0x8246, 0x7A05, 0x79E5, 0x79E5, 0x79E5, 0x81E5, 0x79C4, 0x79A4, 0x8A05, 0x9226, 0x89E5,
    0x8A05, 0x9226, 0x9246, 0x9226, 0x8A05, 0x9205, 0x9A26, 0x9A26, 0x9225, 0x9226, 0x9205, 0x9226,
    0x9226, 0x9225, 0x81C5, 0x79A4, 0x79A4, 0x6984, 0x6163, 0x5963, 0x6184, 0x6184, 0x5143, 0x4102,
    0x40E2, 0x4902, 0x5123, 0x5963, 0x6984, 0x69A4, 0x71C5, 0x81E5, 0x8A26, 0x8A26, 0x8A26, 0x9247,
    0x9A87, 0x9A67, 0x9A88, 0xA2A8, 0xA288, 0xAAC9, 0xB2E9, 0xAAC8, 0xB2C9, 0xB309, 0xB309, 0xBB2A,
    0xC38B, 0xCBAC, 0xD3ED, 0xCB8C, 0xC30A, 0xBAC9, 0xBAC9, 0xBAE9, 0xC32A, 0xD3AC, 0xD3CC, 0xD3AC,
    0xDC0D, 0xF490, 0xEC90, 0xEC6F, 0xDBED, 0xE3ED, 0xDBCD, 0xDBAC, 0xDBAC, 0xE40E, 0xEC2E, 0xE40E,
    0xDBAC, 0xE3ED, 0xE3ED, 0xDBED, 0xD3AC, 0xCB8B, 0xC36A, 0xC34A, 0xCB6B, 0xC36B, 0xC36B, 0xC36B,
    0xC38B, 0xC38B, 0xBB8B, 0xBBAB, 0xB3AB, 0xC40D, 0x9309, 0x0000, 0x0820, 0x0000, 0x0000, 0x0000,
    0x0000, 0x0000, 0x0000, 0x0000, 0x0000, 0x0000, 0x0000, 0x0000, 0x0000, 0x0000, 0x0000, 0x0000,
    0x0000, 0x0000, 0x0000, 0x0000, 0x0000, 0x0000, 0x0000, 0x0000, 0x0000, 0x0000, 0x0000, 0x0000,
    0x0000, 0x0000, 0x0000, 0x0000, 0x0000, 0x0000, 0x0000, 0x0000, 0x0000, 0x0000, 0x0000, 0x0000,
    0x0000, 0x0000, 0x0000, 0x0000, 0x0000, 0x0000, 0x0000, 0x0000, 0x0000, 0x0000, 0x0000, 0x0000,
    0x0000, 0x0000, 0x0000, 0x0000, 0x0000, 0x0000, 0x0000, 0x0000, 0x0000, 0x0000, 0x0000, 0x0000,
    0x0000, 0x0000, 0x0000, 0x0000, 0x0000, 0x0000, 0x0000, 0x0000, 0x0000, 0x0000, 0x0000, 0x0000,
    0x0000, 0x0000, 0x0000, 0x0000, 0x0000, 0x0000, 0x0000, 0x0000, 0x0000, 0x0000, 0x0000, 0x0000,
    0x0000, 0x0000, 0x0000, 0x0000, 0x3923, 0x7246, 0x6A05, 0x59A4, 0x61A4, 0x7A05, 0x71E4, 0x79E5,
    0x79E4, 0x79C4, 0x79C5, 0x81E5, 0x81C4, 0x9226, 0x9225, 0x81E5, 0x89E5, 0x9226, 0x9A67, 0x9226,
    0x9205, 0x9205, 0x9A46, 0x9226, 0x8A05, 0x9A46, 0x9A26, 0x9226, 0x8A05, 0x8A05, 0x8A05, 0x79A4,
    0x7184, 0x5943, 0x5943, 0x5943, 0x6184, 0x6164, 0x5143, 0x40E2, 0x38C2, 0x38C1, 0x4902, 0x5143,
    0x5963, 0x6984, 0x69A4, 0x71A4, 0x8206, 0x8206, 0x79E5, 0x79E5, 0x79E5, 0x8A26, 0x9247, 0x9267,
    0x9247, 0x9A67, 0x9A67, 0x9A67, 0xA288, 0xAAA8, 0xAAC8, 0xAAC9, 0xBB4A, 0xD3ED, 0xD3CD, 0xC36B,
    0xCB8C, 0xC30A, 0xB2A8, 0xB2A8, 0xBAC9, 0xCB4B, 0xD3AC, 0xD38C, 0xDC0D, 0xF490, 0xE3ED, 0xDBCD,
    0xDBCD, 0xEC2F, 0xE3ED, 0xE3CD, 0xDBCD, 0xDBCD, 0xE3ED, 0xE40E, 0xDBCD, 0xE3ED, 0xDBCD, 0xD38C,
    0xCB6B, 0xCB6B, 0xC36B, 0xC34A, 0xC34A, 0xC36B, 0xDBCD, 0xD3CD, 0xC38B, 0xBB6B, 0xBB8B, 0xBB8B,
    0xBBCC, 0xD46E, 0x9309, 0x0000, 0x0820, 0x0000, 0x0000, 0x0000, 0x0000, 0x0000, 0x0000, 0x0000,
    0x0000, 0x0000, 0x0000, 0x0000, 0x0000, 0x0000, 0x0000, 0x0000, 0x0000, 0x0000, 0x0000, 0x0000,
    0x0000, 0x0000, 0x0000, 0x0000, 0x0000, 0x0000, 0x0000, 0x0000, 0x0000, 0x0000, 0x0000, 0x0000,
    0x0000, 0x0000, 0x0000, 0x0000, 0x0000, 0x0000, 0x0000, 0x0000, 0x0000, 0x0000, 0x0000, 0x0000,
    0x0000, 0x0000, 0x0000, 0x0000, 0x0000, 0x0000, 0x0000, 0x0000, 0x0000, 0x0000, 0x0000, 0x0000,
    0x0000, 0x0000, 0x0000, 0x0000, 0x0000, 0x0000, 0x0000, 0x0000, 0x0000, 0x0000, 0x0000, 0x0000,
    0x0000, 0x0000, 0x0000, 0x0000, 0x0000, 0x0000, 0x0000, 0x0000, 0x0000, 0x0000, 0x0000, 0x0000,
    0x0000, 0x0000, 0x0000, 0x0000, 0x0000, 0x0000, 0x0000, 0x0000, 0x0000, 0x0000, 0x0000, 0x0000,
    0x4963, 0x8AA7, 0x7225, 0x5163, 0x5983, 0x69C4, 0x71E4, 0x71C4, 0x71C4, 0x71A4, 0x71A4, 0x81E5,
    0x81E5, 0x8A05, 0x8A25, 0x8A05, 0x8A05, 0x9246, 0x9A46, 0x9A66, 0x9226, 0x89E5, 0x9A46, 0x9A46,
    0x9205, 0x9226, 0x9A66, 0x9205, 0x8A05, 0x8A05, 0x81E5, 0x81C4, 0x6963, 0x5943, 0x5123, 0x5943,
    0x6164, 0x5123, 0x4902, 0x4902, 0x30A1, 0x2861, 0x2861, 0x38C2, 0x5143, 0x5143, 0x5963, 0x6184,
    0x71A4, 0x71C5, 0x79E5, 0x8A46, 0x8226, 0x8206, 0x8206, 0x9247, 0x6964, 0x40C2, 0x48E2, 0x48C2,
    0x6123, 0x89E6, 0xA268, 0xA2A8, 0xAAE9, 0xC3AC, 0xD3ED, 0xCBCC, 0xD3CD, 0xC32A, 0xB2C9, 0xBAC9,
    0xBAE9, 0xC30A, 0xCB4B, 0xD38C, 0xDC0E, 0xEC6F, 0xE3ED, 0xEC0E, 0xF44F, 0xEC0E, 0xEC0E, 0xEC0E,
    0xE3ED, 0xDBAC, 0xCB4B, 0xDBCD, 0xDBED, 0xE3ED, 0xE3CD, 0xD38C, 0xC32A, 0xD3AC, 0xD3AC, 0xD3AC,
    0xCB8B, 0xCB6B, 0xE3ED, 0xDBED, 0xC38B, 0xBB6B, 0xBB6B, 0xBB8B, 0xC3EC, 0xCC2D, 0x8AE9, 0x0000,
    0x0820, 0x0000, 0x0000, 0x0000, 0x0000, 0x0000, 0x0000, 0x0000, 0x0000, 0x0000, 0x0000, 0x0000,
    0x0000, 0x0000, 0x0000, 0x0000, 0x0000, 0x0000, 0x0000, 0x0000, 0x0000, 0x0000, 0x0000, 0x0000,
    0x0000, 0x0000, 0x0000, 0x0000, 0x0000, 0x0000, 0x0000, 0x0000, 0x0000, 0x0000, 0x0000, 0x0000,
    0x0000, 0x0000, 0x0000, 0x0000, 0x0000, 0x0000, 0x0000, 0x0000, 0x0000, 0x0000, 0x0000, 0x0000,
    0x0000, 0x0000, 0x0000, 0x0000, 0x0000, 0x0000, 0x0000, 0x0000, 0x0000, 0x0000, 0x0000, 0x0000,
    0x0000, 0x0000, 0x0000, 0x0000, 0x0000, 0x0000, 0x0000, 0x0000, 0x0000, 0x0000, 0x0000, 0x0000,
    0x0000, 0x0000, 0x0000, 0x0000, 0x0000, 0x0000, 0x0000, 0x0000, 0x0000, 0x0000, 0x0000, 0x0000,
    0x0000, 0x0000, 0x0000, 0x0000, 0x0000, 0x0000, 0x0000, 0x0000, 0x4143, 0x7225, 0x61C4, 0x59A4,
    0x61A4, 0x6183, 0x6183, 0x71C4, 0x79E5, 0x79E5, 0x79E4, 0x81E5, 0x79C4, 0x8A05, 0x8A26, 0x89E5,
    0x8A05, 0x9246, 0x8A05, 0x81C4, 0x8A05, 0x9A46, 0x9A26, 0x9A46, 0x9226, 0x9226, 0x9A66, 0x8A05,
    0x81E5, 0x8A05, 0x81C5, 0x81C4, 0x6963, 0x6163, 0x5123, 0x5143, 0x5963, 0x5143, 0x48E2, 0x40C2,
    0x2861, 0x1840, 0x1020, 0x1840, 0x30C2, 0x4923, 0x5143, 0x69A4, 0x6984, 0x6984, 0x71C5, 0x79E5,
    0x8A26, 0x9A88, 0x9267, 0x71C5, 0x3881, 0x3061, 0x3081, 0x3061, 0x3061, 0x48C2, 0x79C5, 0xA288,
    0xAAE9, 0xBB4A, 0xD3ED, 0xDC4E, 0xC38C, 0xC34B, 0xB2C9, 0xBAC9, 0xC2E9, 0xC30A, 0xC32A, 0xCB4B,
    0xE3ED, 0xEC4F, 0xE40E, 0xE40E, 0xEC2E, 0xEC2F, 0xEC2E, 0xEC0E, 0xE3EE, 0xE3CD, 0xD38C, 0xDBCD,
    0xE3ED, 0xE3ED, 0xE40E, 0xDBAC, 0xC34A, 0xD38C, 0xDBCC, 0xE40D, 0xE40D, 0xE3ED, 0xDBCD, 0xD3AC,
    0xC38B, 0xC38B, 0xC3AB, 0xB38B, 0xAB6B, 0xB3AB, 0x6A47, 0x0000, 0x0800, 0x0000, 0x0000, 0x0000,
    0x0000, 0x0000, 0x0000, 0x0000, 0x0000, 0x0000, 0x0000, 0x0000, 0x0000, 0x0000, 0x0000, 0x0000,
    0x0000, 0x0000, 0x0000, 0x0000, 0x0000, 0x0000, 0x0000, 0x0000, 0x0000, 0x0000, 0x0000, 0x0000,
    0x0000, 0x0000, 0x0000, 0x0000, 0x0000, 0x0000, 0x0000, 0x0000, 0x0000, 0x0000, 0x0000, 0x0000,
    0x0000, 0x0000, 0x0000, 0x0000, 0x0000, 0x0000, 0x0000, 0x0000, 0x0000, 0x0000, 0x0000, 0x0000,
    0x0000, 0x0000, 0x0000, 0x0000, 0x0000, 0x0000, 0x0000, 0x0000, 0x0000, 0x0000, 0x0000, 0x0000,
    0x0000, 0x0000, 0x0000, 0x0000, 0x0000, 0x0000, 0x0000, 0x0000, 0x0000, 0x0000, 0x0000, 0x0000,
    0x0000, 0x0000, 0x0000, 0x0000, 0x0000, 0x0000, 0x0000, 0x0000, 0x0000, 0x0000, 0x0000, 0x0000,
    0x0000, 0x0000, 0x0000, 0x0000, 0x1881, 0x59A4, 0x69E4, 0x61C4, 0x69E4, 0x61A4, 0x6183, 0x71C4,
    0x8205, 0x8205, 0x8205, 0x8205, 0x8205, 0x8205, 0x8A26, 0x8A26, 0x8A05, 0x9226, 0x9246, 0x9226,
    0x9226, 0x9226, 0x9A46, 0x9A46, 0x9A46, 0x9246, 0x9A66, 0x9226, 0x8A05, 0x81C5, 0x81C4, 0x81C4,
    0x7184, 0x6963, 0x5943, 0x5943, 0x5943, 0x5943, 0x4902, 0x40C2, 0x30A1, 0x2061, 0x2040, 0x2061,
    0x2061, 0x30C2, 0x4923, 0x6184, 0x6184, 0x6184, 0x5943, 0x6984, 0x81E6, 0x8A47, 0x71C5, 0x5103,
    0x48E2, 0x40C2, 0x38A2, 0x38A1, 0x38A1, 0x40A2, 0x5903, 0x9206, 0xA288, 0xB2E9, 0xBB4A, 0xC38C,
    0xCBCC, 0xBB4B, 0xBB0A, 0xBAE9, 0xC2E9, 0xC2EA, 0xC30A, 0xC30A, 0xD38C, 0xE40E, 0xE40E, 0xE3ED,
    0xE40E, 0xE3EE, 0xE3CD, 0xEBEE, 0xE3ED, 0xE3CD, 0xE3CD, 0xE3ED, 0xE3ED, 0xDBAD, 0xD38C, 0xDBAC,
    0xDBCC, 0xD3AC, 0xD38C, 0xCB8B, 0xCB8B, 0xD3AC, 0xDBCD, 0xD3CC, 0xCBAC, 0xC3AB, 0xC3AC, 0xBBAB,
    0xAB4A, 0xB38B, 0x4984, 0x0000, 0x0820, 0x0000, 0x0000, 0x0000, 0x0000, 0x0000, 0x0000, 0x0000,
    0x0000, 0x0000, 0x0000, 0x0000, 0x0000, 0x0000, 0x0000, 0x0000, 0x0000, 0x0000, 0x0000, 0x0000,
    0x0000, 0x0000, 0x0000, 0x0000, 0x0000, 0x0000, 0x0000, 0x0000, 0x0000, 0x0000, 0x0000, 0x0000,
    0x0000, 0x0000, 0x0000, 0x0000, 0x0000, 0x0000, 0x0000, 0x0000, 0x0000, 0x0000, 0x0000, 0x0000,
    0x0000, 0x0000, 0x0000, 0x0000, 0x0000, 0x0000, 0x0000, 0x0000, 0x0000, 0x0000, 0x0000, 0x0000,
    0x0000, 0x0000, 0x0000, 0x0000, 0x0000, 0x0000, 0x0000, 0x0000, 0x0000, 0x0000, 0x0000, 0x0000,
    0x0000, 0x0000, 0x0000, 0x0000, 0x0000, 0x0000, 0x0000, 0x0000, 0x0000, 0x0000, 0x0000, 0x0000,
    0x0000, 0x0000, 0x0000, 0x0000, 0x0000, 0x0000, 0x0000, 0x0000, 0x0000, 0x0000, 0x0000, 0x0000,
    0x0800, 0x4963, 0x61C4, 0x5983, 0x61A4, 0x61A4, 0x6184, 0x69A4, 0x79E4, 0x71C4, 0x71A4, 0x71C4,
    0x8205, 0x8205, 0x8205, 0x8A05, 0x9246, 0x9226, 0x9226, 0x9226, 0x8A05, 0x9205, 0x9226, 0x9A46,
    0x9A67, 0x9246, 0x9A66, 0x9226, 0x9225, 0x8A05, 0x8A05, 0x81C4, 0x7184, 0x6984, 0x6163, 0x5943,
    0x5943, 0x5923, 0x5102, 0x4902, 0x40C1, 0x2881, 0x2061, 0x2861, 0x2881, 0x30A1, 0x38C2, 0x4903,
    0x5964, 0x6164, 0x6144, 0x6964, 0x79C5, 0x79A5, 0x7184, 0x71A5, 0x6984, 0x6144, 0x48E2, 0x40A2,
    0x40A2, 0x38A2, 0x48C2, 0x81A5, 0x9A26, 0xAAC8, 0xBB0A, 0xBB4B, 0xCBED, 0xC38B, 0xD3CD, 0xC30A,
    0xBAC9, 0xC30A, 0xC30A, 0xCB2A, 0xCB2A, 0xDBAC, 0xEC2E, 0xE3CD, 0xDBAC, 0xD36C, 0xDBAC, 0xE3EE,
    0xDBAD, 0xDB8C, 0xE3CD, 0xE3CD, 0xE3CD, 0xE3CD, 0xD36B, 0xD38B, 0xDBCD, 0xE40E, 0xE40D, 0xC34A,
    0xBB2A, 0xC34A, 0xDBCD, 0xDBED, 0xCBCC, 0xCBCC, 0xC3CC, 0xC3CC, 0xB38B, 0xB38B, 0x3923, 0x0000,
    0x0820, 0x0000, 0x0000, 0x0000, 0x0000, 0x0000, 0x0000, 0x0000, 0x0000, 0x0000, 0x0000, 0x0000,
    0x0000, 0x0000, 0x0000, 0x0000, 0x0000, 0x0000, 0x0000, 0x0000, 0x0000, 0x0000, 0x0000, 0x0000,
    0x0000, 0x0000, 0x0000, 0x0000, 0x0000, 0x0000, 0x0000, 0x0000, 0x0000, 0x0000, 0x0000, 0x0000,
    0x0000, 0x0000, 0x0000, 0x0000, 0x0000, 0x0000, 0x0000, 0x0000, 0x0000, 0x0000, 0x0000, 0x0000,
    0x0000, 0x0000, 0x0000, 0x0000, 0x0000, 0x0000, 0x0000, 0x0000, 0x0000, 0x0000, 0x0000, 0x0000,
    0x0000, 0x0000, 0x0000, 0x0000, 0x0000, 0x0000, 0x0000, 0x0000, 0x0000, 0x0000, 0x0000, 0x0000,
    0x0000, 0x0000, 0x0000, 0x0000, 0x0000, 0x0000, 0x0000, 0x0000, 0x0000, 0x0000, 0x0000, 0x0000,
    0x0000, 0x0000, 0x0000, 0x0000, 0x0000, 0x0000, 0x0000, 0x0000, 0x0820, 0x4943, 0x5984, 0x59A4,
    0x6A05, 0x61A4, 0x61A4, 0x69A4, 0x69C4, 0x71C4, 0x71C4, 0x71A4, 0x81E5, 0x81E5, 0x81E5, 0x8205,
    0x8A26, 0x9226, 0x9226, 0x9A66, 0x9A66, 0x9A46, 0x9205, 0x9A26, 0xA267, 0x9A66, 0x9205, 0x9226,
    0x9205, 0x9205, 0x9225, 0x79C4, 0x7184, 0x6963, 0x6143, 0x5943, 0x5923, 0x5923, 0x5102, 0x48E2,
    0x48E2, 0x30A1, 0x2881, 0x2881, 0x3081, 0x30A1, 0x3081, 0x38C2, 0x5123, 0x5943, 0x6143, 0x6164,
    0x6964, 0x79C5, 0x8A27, 0x8A27, 0x9267, 0x8206, 0x6964, 0x5103, 0x40C2, 0x40A2, 0x5903, 0x7984,
    0x91E6, 0x91E6, 0xAAA8, 0xBB09, 0xD40D, 0xDC2E, 0xCBAC, 0xBB0A, 0xC2E9, 0xC30A, 0xCB0A, 0xD38C,
    0xE40E, 0xE3ED, 0xE40E, 0xEC2F, 0xE3CD, 0xD36B, 0xEC2E, 0xEC0E, 0xE3EE, 0xDBCD, 0xCB4B, 0xD36B,
    0xD38C, 0xDBAC, 0xD38B, 0xCB4B, 0xC30A, 0xC32A, 0xC32A, 0xC34B, 0xC34A, 0xC36B, 0xE42E, 0xE42E,
    0xDC4E, 0xCBEC, 0xC3CC, 0xC3CC, 0xB3AB, 0xBBAB, 0x3103, 0x0000, 0x0820, 0x0000, 0x0000, 0x0000,
    0x0000, 0x0000, 0x0000, 0x0000, 0x0000, 0x0000, 0x0000, 0x0000, 0x0000, 0x0000, 0x0000, 0x0000,
    0x0000, 0x0000, 0x0000, 0x0000, 0x0000, 0x0000, 0x0000, 0x0000, 0x0000, 0x0000, 0x0000, 0x0000,
    0x0000, 0x0000, 0x0000, 0x0000, 0x0000, 0x0000, 0x0000, 0x0000, 0x0000, 0x0000, 0x0000, 0x0000,
    0x0000, 0x0000, 0x0000, 0x0000, 0x0000, 0x0000, 0x0000, 0x0000, 0x0000, 0x0000, 0x0000, 0x0000,
    0x0000, 0x0000, 0x0000, 0x0000, 0x0000, 0x0000, 0x0000, 0x0000, 0x0000, 0x0000, 0x0000, 0x0000,
    0x0000, 0x0000, 0x0000, 0x0000, 0x0000, 0x0000, 0x0000, 0x0000, 0x0000, 0x0000, 0x0000, 0x0000,
    0x0000, 0x0000, 0x0000, 0x0000, 0x0000, 0x0000, 0x0000, 0x0000, 0x0000, 0x0000, 0x0000, 0x0000,
    0x0000, 0x0000, 0x0000, 0x0000, 0x0820, 0x4943, 0x59A4, 0x5183, 0x5984, 0x61A4, 0x69C4, 0x7A05,
    0x7A05, 0x79E5, 0x71E4, 0x79E4, 0x8205, 0x8205, 0x81E5, 0x8A25, 0x8A26, 0x8A25, 0x8A25, 0x9225,
    0x9226, 0x9A46, 0x9226, 0x9A26, 0x9A46, 0x9A46, 0x9205, 0x89E5, 0x89E5, 0x89E5, 0x8A05, 0x81C4,
    0x7184, 0x6963, 0x5943, 0x5923, 0x5923, 0x5922, 0x5922, 0x5102, 0x4902, 0x38C2, 0x2881, 0x2881,
    0x38C2, 0x40E2, 0x38C2, 0x38C2, 0x40C2, 0x4902, 0x5923, 0x6143, 0x71A5, 0x9227, 0xA2A8, 0xAAE9,
    0xAB0A, 0x9AA9, 0x8A27, 0x79C5, 0x6964, 0x5903, 0x6123, 0x81A5, 0x91E6, 0x89C5, 0xA268, 0xB2E9,
    0xD3ED, 0xDC2E, 0xE44E, 0xDBED, 0xD3AC, 0xCB6B, 0xCB0A, 0xCB4B, 0xDBCD, 0xE3EE, 0xE40E, 0xEC2E,
    0xE3ED, 0xE3ED, 0xEC2E, 0xE3ED, 0xE3EE, 0xE3ED, 0xDBCD, 0xD38C, 0xD38C, 0xD38C, 0xCB6B, 0xCB4B,
    0xCB4A, 0xCB4B, 0xD3AC, 0xE3ED, 0xDBCC, 0xDBED, 0xE44E, 0xDC2E, 0xDC2E, 0xCBED, 0xCC0D, 0xC3CC,
    0xB38B, 0xC3CC, 0x30E3, 0x0000, 0x0820, 0x0000, 0x0000, 0x0000, 0x0000, 0x0000, 0x0000, 0x0000,
    0x0000, 0x0000, 0x0000, 0x0000, 0x0000, 0x0000, 0x0000, 0x0000, 0x0000, 0x0000, 0x0000, 0x0000,
    0x0000, 0x0000, 0x0000, 0x0000, 0x0000, 0x0000, 0x0000, 0x0000, 0x0000, 0x0000, 0x0000, 0x0000,
    0x0000, 0x0000, 0x0000, 0x0000, 0x0000, 0x0000, 0x0000, 0x0000, 0x0000, 0x0000, 0x0000, 0x0000,
    0x0000, 0x0000, 0x0000, 0x0000, 0x0000, 0x0000, 0x0000, 0x0000, 0x0000, 0x0000, 0x0000, 0x0000,
    0x0000, 0x0000, 0x0000, 0x0000, 0x0000, 0x0000, 0x0000, 0x0000, 0x0000, 0x0000, 0x0000, 0x0000,
    0x0000, 0x0000, 0x0000, 0x0000, 0x0000, 0x0000, 0x0000, 0x0000, 0x0000, 0x0000, 0x0000, 0x0000,
    0x0000, 0x0000, 0x0000, 0x0000, 0x0000, 0x0000, 0x0000, 0x0000, 0x0000, 0x0000, 0x0000, 0x0000,
    0x0820, 0x4963, 0x61C4, 0x5183, 0x5983, 0x61A4, 0x69E5, 0x8226, 0x8225, 0x8225, 0x71E4, 0x71A4,
    0x79C4, 0x8205, 0x8205, 0x8205, 0x8205, 0x8205, 0x8A05, 0x8A05, 0x8A05, 0x9226, 0x9A46, 0x9A66,
    0x9226, 0x9226, 0x9226, 0x89E5, 0x89E5, 0x81E5, 0x8A05, 0x81C4, 0x7184, 0x7184, 0x6143, 0x5922,
    0x5922, 0x5922, 0x5102, 0x4902, 0x48E2, 0x38C1, 0x28A1, 0x30A1, 0x38C2, 0x5102, 0x4902, 0x48E2,
    0x48E2, 0x48E2, 0x5943, 0x79C5, 0x8A06, 0xA288, 0xB30A, 0xBB6B, 0xB34B, 0xA2E9, 0x9A88, 0x8206,
    0x79A5, 0x7144, 0x7164, 0x81A5, 0x9206, 0x9A06, 0xAAA9, 0xBB0A, 0xD3CD, 0xDC0E, 0xE42E, 0xE42E,
    0xDBED, 0xD38C, 0xCB2A, 0xD34B, 0xD38C, 0xEC4F, 0xE3EE, 0xE40E, 0xE3EE, 0xE40E, 0xDBCD, 0xDBCD,
    0xE3ED, 0xE3ED, 0xE40E, 0xDBAD, 0xD38C, 0xDBAC, 0xCB6B, 0xCB4B, 0xCB6B, 0xD36B, 0xE3ED, 0xEC2E,
    0xE42E, 0xE42E, 0xE42E, 0xDC0D, 0xDC2D, 0xCBEC, 0xC3CC, 0xBB8B, 0xB38B, 0xC3EC, 0x30E3, 0x0000,
    0x0820, 0x0000, 0x0000, 0x0000, 0x0000, 0x0000, 0x0000, 0x0000, 0x0000, 0x0000, 0x0000, 0x0000,
    0x0000, 0x0000, 0x0000, 0x0000, 0x0000, 0x0000, 0x0000, 0x0000, 0x0000, 0x0000, 0x0000, 0x0000,
    0x0000, 0x0000, 0x0000, 0x0000, 0x0000, 0x0000, 0x0000, 0x0000, 0x0000, 0x0000, 0x0000, 0x0000,
    0x0000, 0x0000, 0x0000, 0x0000, 0x0000, 0x0000, 0x0000, 0x0000, 0x0000, 0x0000, 0x0000, 0x0000,
    0x0000, 0x0000, 0x0000, 0x0000, 0x0000, 0x0000, 0x0000, 0x0000, 0x0000, 0x0000, 0x0000, 0x0000,
    0x0000, 0x0000, 0x0000, 0x0000, 0x0000, 0x0000, 0x0000, 0x0000, 0x0000, 0x0000, 0x0000, 0x0000,
    0x0000, 0x0000, 0x0000, 0x0000, 0x0000, 0x0000, 0x0000, 0x0000, 0x0000, 0x0000, 0x0000, 0x0000,
    0x0000, 0x0000, 0x0000, 0x0000, 0x0000, 0x0000, 0x0000, 0x0000, 0x0820, 0x5184, 0x6A05, 0x5163,
    0x61C4, 0x61A4, 0x69C4, 0x7A05, 0x8225, 0x79E5, 0x71C4, 0x79E4, 0x71C4, 0x79E5, 0x79E5, 0x79E5,
    0x81E5, 0x81E5, 0x8A05, 0x9226, 0x8A05, 0x9225, 0x9226, 0x9226, 0x9226, 0x9226, 0x9246, 0x8A05,
    0x8A05, 0x81E5, 0x89E5, 0x81C4, 0x7184, 0x7184, 0x6963, 0x5943, 0x5122, 0x5102, 0x5102, 0x48E2,
    0x48E2, 0x40C2, 0x30A1, 0x38C1, 0x40E2, 0x5123, 0x5943, 0x5123, 0x5943, 0x5123, 0x6164, 0x8A47,
    0x9A88, 0xBB2A, 0xCBAC, 0xCBED, 0xBB6B, 0xAB0A, 0xAAE9, 0x9AA8, 0x79C5, 0x7164, 0x7964, 0x81A5,
    0x9206, 0xAA88, 0xC34B, 0xD3CC, 0xD3CC, 0xD3AC, 0xD3AC, 0xE3ED, 0xDBAC, 0xCB6B, 0xD38C, 0xD36B,
    0xD36B, 0xD3AC, 0xE3ED, 0xEC4F, 0xDBAC, 0xD34B, 0xD36B, 0xD38C, 0xE3ED, 0xDBCD, 0xDBAC, 0xDB8C,
    0xD36B, 0xD38B, 0xD38C, 0xD36B, 0xCB4B, 0xD3AC, 0xE3ED, 0xE40D, 0xE40D, 0xE42E, 0xE42E, 0xDC2D,
    0xDC2E, 0xCBCC, 0xC3AC, 0xC3AB, 0xBBCC, 0xC3ED, 0x3103, 0x0000, 0x0820, 0x0000, 0x0000, 0x0000,
    0x0000, 0x0000, 0x0000, 0x0000, 0x0000, 0x0000, 0x0000, 0x0000, 0x0000, 0x0000, 0x0000, 0x0000,
    0x0000, 0x0000, 0x0000, 0x0000, 0x0000, 0x0000, 0x0000, 0x0000, 0x0000, 0x0000, 0x0000, 0x0000,
    0x0000, 0x0000, 0x0000, 0x0000, 0x0000, 0x0000, 0x0000, 0x0000, 0x0000, 0x0000, 0x0000, 0x0000,
    0x0000, 0x0000, 0x0000, 0x0000, 0x0000, 0x0000, 0x0000, 0x0000, 0x0000, 0x0000, 0x0000, 0x0000,
    0x0000, 0x0000, 0x0000, 0x0000, 0x0000, 0x0000, 0x0000, 0x0000, 0x0000, 0x0000, 0x0000, 0x0000,
    0x0000, 0x0000, 0x0000, 0x0000, 0x0000, 0x0000, 0x0000, 0x0000, 0x0000, 0x0000, 0x0000, 0x0000,
    0x0000, 0x0000, 0x0000, 0x0000, 0x0000, 0x0000, 0x0000, 0x0000, 0x0000, 0x0000, 0x0000, 0x0000,
    0x0000, 0x0000, 0x0000, 0x0000, 0x0000, 0x3102, 0x59C4, 0x5163, 0x5163, 0x5163, 0x61A4, 0x7A05,
    0x8A66, 0x71C4, 0x71A4, 0x8205, 0x69A3, 0x79E4, 0x79E5, 0x79C4, 0x8A05, 0x8A25, 0x9226, 0x9225,
    0x8A05, 0x9225, 0x9226, 0x9A46, 0x9A66, 0x9A66, 0x9A66, 0x9225, 0x9225, 0x8A05, 0x89E5, 0x79C4,
    0x7184, 0x7184, 0x71A4, 0x6984, 0x6963, 0x5923, 0x5122, 0x48E2, 0x40E2, 0x40E2, 0x38C2, 0x40E2,
    0x4923, 0x5963, 0x5123, 0x6164, 0x6984, 0x6164, 0x6984, 0x9267, 0xAAE9, 0xBB6B, 0xBB6B, 0xBB6B,
    0xD42E, 0xC3CD, 0xAB0A, 0xC3CC, 0xAAE9, 0x9227, 0x81A5, 0x9A26, 0xAA88, 0xCB4B, 0xD38C, 0xD38C,
    0xCB4B, 0xDC0D, 0xE40E, 0xE40E, 0xE40E, 0xE3ED, 0xE40E, 0xD38C, 0xD36B, 0xD36B, 0xDBCD, 0xE3ED,
    0xDBCD, 0xD36C, 0xDBAC, 0xE3ED, 0xE3ED, 0xDBAC, 0xE40E, 0xDBAC, 0xD38C, 0xDBCD, 0xE3EE, 0xE3EE,
    0xEC2E, 0xDBED, 0xE40E, 0xDBED, 0xD38B, 0xD3AC, 0xD3ED, 0xDC0D, 0xD40D, 0xCBEC, 0xC3CC, 0xC3AC,
    0xCC0D, 0xCC0D, 0x28E2, 0x0000, 0x0820, 0x0000, 0x0000, 0x0000, 0x0000, 0x0000, 0x0000, 0x0000,
    0x0000, 0x0000, 0x0000, 0x0000, 0x0000, 0x0000, 0x0000, 0x0000, 0x0000, 0x0000, 0x0000, 0x0000,
    0x0000, 0x0000, 0x0000, 0x0000, 0x0000, 0x0000, 0x0000, 0x0000, 0x0000, 0x0000, 0x0000, 0x0000,
    0x0000, 0x0000, 0x0000, 0x0000, 0x0000, 0x0000, 0x0000, 0x0000, 0x0000, 0x0000, 0x0000, 0x0000,
    0x0000, 0x0000, 0x0000, 0x0000, 0x0000, 0x0000, 0x0000, 0x0000, 0x0000, 0x0000, 0x0000, 0x0000,
    0x0000, 0x0000, 0x0000, 0x0000, 0x0000, 0x0000, 0x0000, 0x0000, 0x0000, 0x0000, 0x0000, 0x0000,
    0x0000, 0x0000, 0x0000, 0x0000, 0x0000, 0x0000, 0x0000, 0x0000, 0x0000, 0x0000, 0x0000, 0x0000,
    0x0000, 0x0000, 0x0000, 0x0000, 0x0000, 0x0000, 0x0000, 0x0000, 0x0000, 0x0000, 0x0000, 0x0000,
    0x0000, 0x1040, 0x51A4, 0x7225, 0x5143, 0x5163, 0x5163, 0x69E5, 0x8246, 0x71C4, 0x71C4, 0x79E5,
    0x7A05, 0x8225, 0x8205, 0x8205, 0x8A25, 0x9246, 0x9226, 0x8A05, 0x8A05, 0x9246, 0x9225, 0x89E5,
    0x89E5, 0x9246, 0x9A66, 0x9A46, 0x9A66, 0x9225, 0x81E5, 0x79A4, 0x71A4, 0x79C4, 0x79C4, 0x79C4,
    0x71C4, 0x6984, 0x6984, 0x6163, 0x5943, 0x5143, 0x5123, 0x5963, 0x5943, 0x71C5, 0x7A06, 0x8226,
    0x9267, 0x9288, 0x9288, 0xAB09, 0xAAE9, 0xAAE9, 0xBB6B, 0xC3AC, 0xD42E, 0xBB8C, 0xA2C9, 0xC38C,
    0xBB4B, 0xBB6B, 0xB30A, 0xCB4B, 0xD38B, 0xD38C, 0xCB6B, 0xE3ED, 0xCB4B, 0xD3CC, 0xE42E, 0xE3ED,
    0xDBAC, 0xE42E, 0xEC4F, 0xD36C, 0xDB8C, 0xDBAC, 0xD36B, 0xDBAC, 0xE3EE, 0xE3ED, 0xE3ED, 0xE40E,
    0xE3ED, 0xD38C, 0xE3EE, 0xDBAC, 0xDBAC, 0xD36B, 0xCB6B, 0xCB6B, 0xD36B, 0xDBAC, 0xDBCC, 0xDBED,
    0xD3AC, 0xD3AC, 0xC36B, 0xCBCC, 0xDC2E, 0xD40D, 0xC3CC, 0xC3AB, 0xCC0D, 0xCC0D, 0x28E2, 0x0000,
    0x0820, 0x0000, 0x0000, 0x0000, 0x0000, 0x0000, 0x0000, 0x0000, 0x0000, 0x0000, 0x0000, 0x0000,
    0x0000, 0x0000, 0x0000, 0x0000, 0x0000, 0x0000, 0x0000, 0x0000, 0x0000, 0x0000, 0x0000, 0x0000,
    0x0000, 0x0000, 0x0000, 0x0000, 0x0000, 0x0000, 0x0000, 0x0000, 0x0000, 0x0000, 0x0000, 0x0000,
    0x0000, 0x0000, 0x0000, 0x0000, 0x0000, 0x0000, 0x0000, 0x0000, 0x0000, 0x0000, 0x0000, 0x0000,
    0x0000, 0x0000, 0x0000, 0x0000, 0x0000, 0x0000, 0x0000, 0x0000, 0x0000, 0x0000, 0x0000, 0x0000,
    0x0000, 0x0000, 0x0000, 0x0000, 0x0000, 0x0000, 0x0000, 0x0000, 0x0000, 0x0000, 0x0000, 0x0000,
    0x0000, 0x0000, 0x0000, 0x0000, 0x0000, 0x0000, 0x0000, 0x0000, 0x0000, 0x0000, 0x0000, 0x0000,
    0x0000, 0x0000, 0x0000, 0x0000, 0x0000, 0x0000, 0x0000, 0x0000, 0x0000, 0x1040, 0x5184, 0x61C4,
    0x4943, 0x4963, 0x5983, 0x69E4, 0x7A05, 0x69A3, 0x69A4, 0x69A4, 0x79E4, 0x8225, 0x8A25, 0x8205,
    0x8205, 0x8A26, 0x9246, 0x8A25, 0x81E5, 0x9226, 0x8A05, 0x81E4, 0x89E5, 0x9226, 0x9A66, 0x9246,
    0x9226, 0x81E5, 0x79C4, 0x79A4, 0x79A4, 0x79C4, 0x81E5, 0x79E5, 0x71A4, 0x6984, 0x71A4, 0x71A4,
    0x6163, 0x5143, 0x5943, 0x6184, 0x6184, 0x7A06, 0x8A47, 0x8A47, 0x9A88, 0xA2C8, 0xA2C8, 0xAB09,
    0xAB09, 0xAAE9, 0xC38C, 0xDC4F, 0xD40D, 0xC3CC, 0xAAE9, 0xBB2A, 0xB32A, 0xC36B, 0xD3CC, 0xDBCD,
    0xD36B, 0xD38C, 0xCB6B, 0xD38C, 0xE3ED, 0xDBAC, 0xCB4B, 0xDB8C, 0xD38B, 0xEC4F, 0xEC4F, 0xD38C,
    0xD38C, 0xD36B, 0xCB2A, 0xDBAD, 0xE40E, 0xEC0E, 0xE40E, 0xE40E, 0xE3ED, 0xD38C, 0xE3CD, 0xD38C,
    0xDBCD, 0xDBAC, 0xCB6B, 0xCB2A, 0xC32A, 0xDBAC, 0xDBCC, 0xE40D, 0xE42E, 0xE42E, 0xCBAC, 0xD3CC,
    0xDC2E, 0xCBCC, 0xC3AC, 0xC3CC, 0xC3CC, 0xC3EC, 0x28E2, 0x0000, 0x0820, 0x0000, 0x0000, 0x0000,
    0x0000, 0x0000, 0x0000, 0x0000, 0x0000, 0x0000, 0x0000, 0x0000, 0x0000, 0x0000, 0x0000, 0x0000,
    0x0000, 0x0000, 0x0000, 0x0000, 0x0000, 0x0000, 0x0000, 0x0000, 0x0000, 0x0000, 0x0000, 0x0000,
    0x0000, 0x0000, 0x0000, 0x0000, 0x0000, 0x0000, 0x0000, 0x0000, 0x0000, 0x0000, 0x0000, 0x0000,
    0x0000, 0x0000, 0x0000, 0x0000, 0x0000, 0x0000, 0x0000, 0x0000, 0x0000, 0x0000, 0x0000, 0x0000,
    0x0000, 0x0000, 0x0000, 0x0000, 0x0000, 0x0000, 0x0000, 0x0000, 0x0000, 0x0000, 0x0000, 0x0000,
    0x0000, 0x0000, 0x0000, 0x0000, 0x0000, 0x0000, 0x0000, 0x0000, 0x0000, 0x0000, 0x0000, 0x0000,
    0x0000, 0x0000, 0x0000, 0x0000, 0x0000, 0x0000, 0x0000, 0x0000, 0x0000, 0x0000, 0x0000, 0x0000,
    0x0000, 0x0000, 0x0000, 0x0000, 0x0000, 0x1040, 0x4164, 0x61E4, 0x5163, 0x5163, 0x61C4, 0x7A26,
    0x7A25, 0x71E4, 0x8205, 0x8205, 0x7A05, 0x8205, 0x8225, 0x79E5, 0x81E5, 0x8A46, 0x9246, 0x9226,
    0x8A25, 0x9226, 0x89E5, 0x89E5, 0x9226, 0x9226, 0x9A67, 0x9A87, 0x8A25, 0x81E5, 0x81E5, 0x79C4,
    0x8205, 0x8205, 0x79E5, 0x79C4, 0x6983, 0x6984, 0x7A05, 0x79E5, 0x6163, 0x5943, 0x69A4, 0x71C5,
    0x71E5, 0x8A46, 0x8A47, 0x8A46, 0x9A88, 0xAB09, 0xBB4A, 0xBB8B, 0xBB6B, 0xAB0A, 0xBB6B, 0xC3CC,
    0xCBED, 0xCC0D, 0xB34A, 0xBB6B, 0xC36B, 0xCBAC, 0xDBED, 0xD3AC, 0xD38C, 0xDBED, 0xCB4B, 0xC30A,
    0xD38C, 0xE3ED, 0xE40E, 0xDBAC, 0xD36B, 0xEC4F, 0xE42E, 0xDBCD, 0xE40E, 0xE3ED, 0xDBAC, 0xDBAC,
    0xE3ED, 0xDBCD, 0xD36B, 0xD38C, 0xE40E, 0xE3CD, 0xE3CD, 0xE3CD, 0xE3ED, 0xE40E, 0xD3AC, 0xCB4B,
    0xD3AC, 0xE40D, 0xDBED, 0xE3ED, 0xE40E, 0xDC0D, 0xCBAC, 0xE46F, 0xDC2D, 0xCBCC, 0xCBCC, 0xC3CC,
    0xC3CC, 0xC3ED, 0x28C2, 0x0000, 0x0820, 0x0000, 0x0000, 0x0000, 0x0000, 0x0000, 0x0000, 0x0000,
    0x0000, 0x0000, 0x0000, 0x0000, 0x0000, 0x0000, 0x0000, 0x0000, 0x0000, 0x0000, 0x0000, 0x0000,
    0x0000, 0x0000, 0x0000, 0x0000, 0x0000, 0x0000, 0x0000, 0x0000, 0x0000, 0x0000, 0x0000, 0x0000,
    0x0000, 0x0000, 0x0000, 0x0000, 0x0000, 0x0000, 0x0000, 0x0000, 0x0000, 0x0000, 0x0000, 0x0000,
    0x0000, 0x0000, 0x0000, 0x0000, 0x0000, 0x0000, 0x0000, 0x0000, 0x0000, 0x0000, 0x0000, 0x0000,
    0x0000, 0x0000, 0x0000, 0x0000, 0x0000, 0x0000, 0x0000, 0x0000, 0x0000, 0x0000, 0x0000, 0x0000,
    0x0000, 0x0000, 0x0000, 0x0000, 0x0000, 0x0000, 0x0000, 0x0000, 0x0000, 0x0000, 0x0000, 0x0000,
    0x0000, 0x0000, 0x0000, 0x0000, 0x0000, 0x0000, 0x0000, 0x0000, 0x0000, 0x0000, 0x0000, 0x0000,
    0x0000, 0x1040, 0x3943, 0x61E5, 0x5183, 0x4943, 0x5163, 0x69C4, 0x7A05, 0x7A05, 0x8A45, 0x8A45,
    0x8225, 0x79E4, 0x79E4, 0x79E4, 0x79E4, 0x8A05, 0x8A25, 0x8A25, 0x9266, 0x9246, 0x8A05, 0x9225,
    0x9A66, 0x9A66, 0x9A66, 0x9A66, 0x9246, 0x8A25, 0x8205, 0x79E5, 0x8225, 0x79E5, 0x71A4, 0x71A4,
    0x71C4, 0x7A05, 0x79E5, 0x71C4, 0x71A4, 0x69A4, 0x79E5, 0x71C5, 0x8A46, 0x8A47, 0x9267, 0xA2C8,
    0xA2C8, 0xB34A, 0xBB6A, 0xBB6B, 0xC38B, 0xBB8B, 0xC3AC, 0xC3AC, 0xCC0D, 0xD42E, 0xCBCC, 0xBB6B,
    0xCBAC, 0xCBAC, 0xDBED, 0xDBED, 0xD3AC, 0xDBCD, 0xDBAC, 0xC30A, 0xC309, 0xDBAC, 0xEC4F, 0xE40E,
    0xE3ED, 0xDBAC, 0xDBED, 0xE42E, 0xDBED, 0xE3EE, 0xE3ED, 0xCB6B, 0xDBAC, 0xE3CD, 0xD36B, 0xD36B,
    0xE40E, 0xE3ED, 0xDBCD, 0xE3ED, 0xE3EE, 0xE3ED, 0xDBAC, 0xCB6B, 0xCB6B, 0xDBCD, 0xD36B, 0xD38C,
    0xDBCC, 0xD3CC, 0xC34A, 0xCBAC, 0xD3EC, 0xD3EC, 0xD3EC, 0xC3AB, 0xC3CC, 0xB3AB, 0x18A1, 0x0000,
    0x0820, 0x0000, 0x0000, 0x0000, 0x0000, 0x0000, 0x0000, 0x0000, 0x0000, 0x0000, 0x0000, 0x0000,
    0x0000, 0x0000, 0x0000, 0x0000, 0x0000, 0x0000, 0x0000, 0x0000, 0x0000, 0x0000, 0x0000, 0x0000,
    0x0000, 0x0000, 0x0000, 0x0000, 0x0000, 0x0000, 0x0000, 0x0000, 0x0000, 0x0000, 0x0000, 0x0000,
    0x0000, 0x0000, 0x0000, 0x0000, 0x0000, 0x0000, 0x0000, 0x0000, 0x0000, 0x0000, 0x0000, 0x0000,
    0x0000, 0x0000, 0x0000, 0x0000, 0x0000, 0x0000, 0x0000, 0x0000, 0x0000, 0x0000, 0x0000, 0x0000,
    0x0000, 0x0000, 0x0000, 0x0000, 0x0000, 0x0000, 0x0000, 0x0000, 0x0000, 0x0000, 0x0000, 0x0000,
    0x0000, 0x0000, 0x0000, 0x0000, 0x0000, 0x0000, 0x0000, 0x0000, 0x0000, 0x0000, 0x0000, 0x0000,
    0x0000, 0x0000, 0x0000, 0x0000, 0x0000, 0x0000, 0x0000, 0x0000, 0x0000, 0x0840, 0x3123, 0x59A4,
    0x59A4, 0x5163, 0x5163, 0x5163, 0x69A4, 0x71E4, 0x8A25, 0x8A45, 0x7A05, 0x71A4, 0x71C4, 0x7A05,
    0x79E5, 0x8205, 0x81E5, 0x8205, 0x9226, 0x9226, 0x9226, 0x9226, 0x9A46, 0x9A66, 0x9A66, 0x9246,
    0x9246, 0x9246, 0x8A25, 0x8205, 0x8A46, 0x8225, 0x8205, 0x8246, 0x8A46, 0x8A46, 0x79E5, 0x71A4,
    0x79C4, 0x79E5, 0x71C4, 0x79E5, 0x9267, 0x9AA8, 0xAAE9, 0xB34A, 0xBB8B, 0xC3AB, 0xAB09, 0xAB2A,
    0xC3AC, 0xC3AC, 0xBB6B, 0xAB09, 0xC3AC, 0xC3CC, 0xD3ED, 0xD40D, 0xD40D, 0xD3ED, 0xDC0E, 0xDC0E,
    0xDBAC, 0xD38C, 0xD3AC, 0xCB6B, 0xC30A, 0xCB4B, 0xDBED, 0xE42E, 0xEC4F, 0xDBED, 0xDC0D, 0xE44F,
    0xE42E, 0xE42E, 0xD38C, 0xCB4B, 0xD38C, 0xE40E, 0xEC2E, 0xDBCD, 0xDBAC, 0xDBAC, 0xE40D, 0xE3ED,
    0xE3ED, 0xE3ED, 0xD3AC, 0xDBCC, 0xE42E, 0xE3ED, 0xD3AC, 0xDBCD, 0xDC2E, 0xDBED, 0xD3CC, 0xC36B,
    0xC36B, 0xC36B, 0xCBCC, 0xBBAB, 0xC3CC, 0xA34B, 0x1881, 0x0000, 0x0820, 0x0000, 0x0000, 0x0000,
    0x0000, 0x0000, 0x0000, 0x0000, 0x0000, 0x0000, 0x0000, 0x0000, 0x0000, 0x0000, 0x0000, 0x0000,
    0x0000, 0x0000, 0x0000, 0x0000, 0x0000, 0x0000, 0x0000, 0x0000, 0x0000, 0x0000, 0x0000, 0x0000,
    0x0000, 0x0000, 0x0000, 0x0000, 0x0000, 0x0000, 0x0000, 0x0000, 0x0000, 0x0000, 0x0000, 0x0000,
    0x0000, 0x0000, 0x0000, 0x0000, 0x0000, 0x0000, 0x0000, 0x0000, 0x0000, 0x0000, 0x0000, 0x0000,
    0x0000, 0x0000, 0x0000, 0x0000, 0x0000, 0x0000, 0x0000, 0x0000, 0x0000, 0x0000, 0x0000, 0x0000,
    0x0000, 0x0000, 0x0000, 0x0000, 0x0000, 0x0000, 0x0000, 0x0000, 0x0000, 0x0000, 0x0000, 0x0000,
    0x0000, 0x0000, 0x0000, 0x0000, 0x0000, 0x0000, 0x0000, 0x0000, 0x0000, 0x0000, 0x0000, 0x0000,
    0x0000, 0x0000, 0x0000, 0x0000, 0x0000, 0x0820, 0x3103, 0x4964, 0x5183, 0x5163, 0x5163, 0x61A4,
    0x7A05, 0x79E5, 0x8205, 0x8225, 0x7A05, 0x79E5, 0x79E5, 0x8225, 0x8205, 0x79E5, 0x79E5, 0x8205,
    0x9226, 0x9226, 0x9246, 0x9A46, 0x9A46, 0x9A66, 0x9266, 0x8A26, 0x8A45, 0x8A46, 0x8225, 0x7A05,
    0x8225, 0x8245, 0x8226, 0x8246, 0x7A05, 0x71C4, 0x79E4, 0x8205, 0x8A26, 0x8226, 0x79E5, 0x9267,
    0xAAE9, 0xAAE9, 0xB32A, 0xC3AB, 0xBB6B, 0xB34A, 0x9AA8, 0xAB09, 0xC3AC, 0xC3CC, 0xCBED, 0xC3CC,
    0xC3AC, 0xB34A, 0xCBCC, 0xBB4B, 0xBB2A, 0xC38B, 0xC36B, 0xCB8C, 0xD3CC, 0xDBCD, 0xE40E, 0xDC0D,
    0xDBCD, 0xD38C, 0xD38C, 0xDBCD, 0xE42E, 0xEC4F, 0xE42E, 0xD3AC, 0xE42E, 0xE44F, 0xDBCD, 0xD3CC,
    0xD3AC, 0xDBED, 0xE42E, 0xE42E, 0xCB6B, 0xCB6B, 0xE40E, 0xE3EE, 0xE3ED, 0xE3ED, 0xD38C, 0xD3AC,
    0xE40E, 0xE40D, 0xD3CC, 0xDC0D, 0xD3CC, 0xD3CC, 0xDBED, 0xDC0D, 0xD3CC, 0xCBAC, 0xCBCC, 0xC3CC,
    0xC3EC, 0x9B4A, 0x1881, 0x0000, 0x0820, 0x0000, 0x0000, 0x0000, 0x0000, 0x0000, 0x0000, 0x0000,
    0x0000, 0x0000, 0x0000, 0x0000, 0x0000, 0x0000, 0x0000, 0x0000, 0x0000, 0x0000, 0x0000, 0x0000,
    0x0000, 0x0000, 0x0000, 0x0000, 0x0000, 0x0000, 0x0000, 0x0000, 0x0000, 0x0000, 0x0000, 0x0000,
    0x0000, 0x0000, 0x0000, 0x0000, 0x0000, 0x0000, 0x0000, 0x0000, 0x0000, 0x0000, 0x0000, 0x0000,
    0x0000, 0x0000, 0x0000, 0x0000, 0x0000, 0x0000, 0x0000, 0x0000, 0x0000, 0x0000, 0x0000, 0x0000,
    0x0000, 0x0000, 0x0000, 0x0000, 0x0000, 0x0000, 0x0000, 0x0000, 0x0000, 0x0000, 0x0000, 0x0000,
    0x0000, 0x0000, 0x0000, 0x0000, 0x0000, 0x0000, 0x0000, 0x0000, 0x0000, 0x0000, 0x0000, 0x0000,
    0x0000, 0x0000, 0x0000, 0x0000, 0x0000, 0x0000, 0x0000, 0x0000, 0x0000, 0x0000, 0x0000, 0x0000,
    0x0000, 0x0000, 0x1881, 0x3923, 0x4943, 0x4943, 0x4943, 0x59A4, 0x69E4, 0x7A04, 0x71C4, 0x71C4,
    0x79E5, 0x8205, 0x8205, 0x7A05, 0x79E5, 0x79E5, 0x79E5, 0x8205, 0x8A25, 0x9246, 0x9246, 0x9246,
    0x9246, 0x9246, 0x8A25, 0x7A05, 0x7A25, 0x7A05, 0x69C4, 0x71E4, 0x71E5, 0x7205, 0x7A25, 0x7A05,
    0x79E5, 0x71C4, 0x8205, 0x9287, 0x9266, 0x8A26, 0x8A26, 0x9AA8, 0xA2C8, 0xAAC8, 0xBB2A, 0xC3AC,
    0xC38B, 0xB34A, 0xAB09, 0xAB09, 0xB34B, 0xB36B, 0xBB8C, 0xDC6F, 0xCC2E, 0xC3ED, 0xD42E, 0xD42E,
    0xD3ED, 0xD3ED, 0xCBAC, 0xD3CC, 0xD3CC, 0xDBCD, 0xDBCD, 0xD3CD, 0xD3AC, 0xD3AC, 0xD38C, 0xCB6B,
    0xCB8B, 0xDC0E, 0xD3CD, 0xBB2A, 0xD3CC, 0xE44F, 0xE42E, 0xDBCD, 0xDBCD, 0xD3AC, 0xD3AC, 0xDBCD,
    0xCB6B, 0xD36B, 0xDBAC, 0xD38C, 0xDBAC, 0xDBCD, 0xD3AC, 0xDBCC, 0xE40D, 0xDBED, 0xD3CC, 0xD3AC,
    0xCB8B, 0xCB6B, 0xD3AC, 0xD3CC, 0xD3CC, 0xDBED, 0xCBCC, 0xC3AC, 0xCBEC, 0x9309, 0x0840, 0x0000,
    0x0800, 0x0000, 0x0000, 0x0000, 0x0000, 0x0000, 0x0000, 0x0000, 0x0000, 0x0000, 0x0000, 0x0000,
    0x0000, 0x0000, 0x0000, 0x0000, 0x0000, 0x0000, 0x0000, 0x0000, 0x0000, 0x0000, 0x0000, 0x0000,
    0x0000, 0x0000, 0x0000, 0x0000, 0x0000, 0x0000, 0x0000, 0x0000, 0x0000, 0x0000, 0x0000, 0x0000,
    0x0000, 0x0000, 0x0000, 0x0000, 0x0000, 0x0000, 0x0000, 0x0000, 0x0000, 0x0000, 0x0000, 0x0000,
    0x0000, 0x0000, 0x0000, 0x0000, 0x0000, 0x0000, 0x0000, 0x0000, 0x0000, 0x0000, 0x0000, 0x0000,
    0x0000, 0x0000, 0x0000, 0x0000, 0x0000, 0x0000, 0x0000, 0x0000, 0x0000, 0x0000, 0x0000, 0x0000,
    0x0000, 0x0000, 0x0000, 0x0000, 0x0000, 0x0000, 0x0000, 0x0000, 0x0000, 0x0000, 0x0000, 0x0000,
    0x0000, 0x0000, 0x0000, 0x0000, 0x0000, 0x0000, 0x0000, 0x0000, 0x0800, 0x0000, 0x1061, 0x4143,
    0x4963, 0x5183, 0x4963, 0x5163, 0x61A4, 0x71E4, 0x71E4, 0x69C4, 0x79E4, 0x7A05, 0x8205, 0x79E5,
    0x79E5, 0x79E5, 0x8205, 0x81E5, 0x8A25, 0x9246, 0x9226, 0x9246, 0x8A25, 0x8225, 0x7205, 0x69E4,
    0x69E4, 0x7205, 0x7A25, 0x7A25, 0x7A05, 0x71E5, 0x71E4, 0x7A05, 0x7A05, 0x8225, 0x92A7, 0x9287,
    0x8A26, 0x8A26, 0x8226, 0x9267, 0x9A87, 0xAAE9, 0xC3AB, 0xBB6B, 0xAB09, 0xA2E9, 0xB34A, 0xB34A,
    0xA2E9, 0xAB2A, 0xCBED, 0xDCB0, 0xD46E, 0xD42E, 0xCC0D, 0xD40D, 0xCBCC, 0xC38B, 0xC38C, 0xCBAC,
    0xCB8B, 0xCBAC, 0xD3CC, 0xCB8C, 0xC34A, 0xCB8C, 0xD3CC, 0xBB2A, 0xBB2A, 0xDC2E, 0xD3ED, 0xCBCC,
    0xDC2E, 0xDC2E, 0xD3CD, 0xCB8B, 0xDC0D, 0xCB6B, 0xD3AC, 0xE42E, 0xE3ED, 0xDBCD, 0xD38C, 0xD36B,
    0xD38C, 0xDBAC, 0xDBAC, 0xDBED, 0xE40E, 0xDBED, 0xD3AC, 0xCB8B, 0xCB6B, 0xCB8B, 0xCB6B, 0xC36B,
    0xCBAC, 0xD3ED, 0xCBCC, 0xC3AB, 0xCC0C, 0x82A8, 0x0000, 0x0820, 0x0000, 0x0000, 0x0000, 0x0000,
    0x0000, 0x0000, 0x0000, 0x0000, 0x0000, 0x0000, 0x0000, 0x0000, 0x0000, 0x0000, 0x0000, 0x0000,
    0x0000, 0x0000, 0x0000, 0x0000, 0x0000, 0x0000, 0x0000, 0x0000, 0x0000, 0x0000, 0x0000, 0x0000,
    0x0000, 0x0000, 0x0000, 0x0000, 0x0000, 0x0000, 0x0000, 0x0000, 0x0000, 0x0000, 0x0000, 0x0000,
    0x0000, 0x0000, 0x0000, 0x0000, 0x0000, 0x0000, 0x0000, 0x0000, 0x0000, 0x0000, 0x0000, 0x0000,
    0x0000, 0x0000, 0x0000, 0x0000, 0x0000, 0x0000, 0x0000, 0x0000, 0x0000, 0x0000, 0x0000, 0x0000,
    0x0000, 0x0000, 0x0000, 0x0000, 0x0000, 0x0000, 0x0000, 0x0000, 0x0000, 0x0000, 0x0000, 0x0000,
    0x0000, 0x0000, 0x0000, 0x0000, 0x0000, 0x0000, 0x0000, 0x0000, 0x0000, 0x0000, 0x0000, 0x0000,
    0x0000, 0x0000, 0x0000, 0x0000, 0x0800, 0x0000, 0x1061, 0x4143, 0x4963, 0x5184, 0x5183, 0x5183,
    0x59A4, 0x71E4, 0x7A05, 0x7205, 0x71E4, 0x7A05, 0x7A05, 0x8205, 0x8205, 0x79E4, 0x71C4, 0x79C4,
    0x8A05, 0x8A25, 0x9225, 0x9245, 0x8A45, 0x7205, 0x7225, 0x6A04, 0x69E4, 0x7A45, 0x8A86, 0x7A25,
    0x7A05, 0x7205, 0x69C4, 0x71C4, 0x7A25, 0x8A66, 0x8A46, 0x8205, 0x8A25, 0x9246, 0x8206, 0x9A87,
    0xA2C8, 0xB32A, 0xCBCC, 0xC3AC, 0xAB0A, 0xA2E9, 0x9AA8, 0xAB2A, 0xA2E9, 0xAB09, 0xBB8B, 0xC3ED,
    0xCC2E, 0xCC2E, 0xCBED, 0xC3AC, 0xBB4B, 0xB32A, 0xC38B, 0xC3AC, 0xC3AC, 0xCBED, 0xC38B, 0xC36B,
    0xC38B, 0xC38B, 0xCBCC, 0xC38B, 0xB32A, 0xCBCD, 0xD3ED, 0xC38B, 0xD40D, 0xDC0D, 0xD3ED, 0xD3ED,
    0xDC0D, 0xD3CC, 0xDBED, 0xD3CD, 0xCB6B, 0xD38C, 0xE3ED, 0xE40E, 0xDBCD, 0xE3ED, 0xDBCD, 0xDBCD,
    0xDC0D, 0xDC0D, 0xD3CC, 0xCB8B, 0xCB6B, 0xD38B, 0xD38B, 0xCB8B, 0xD3CC, 0xC38B, 0xBB8B, 0xBBCC,
    0xD44D, 0x8288, 0x0000, 0x0820, 0x0000, 0x0000, 0x0000, 0x0000, 0x0000, 0x0000, 0x0000, 0x0000,
    0x0000, 0x0000, 0x0000, 0x0000, 0x0000, 0x0000, 0x0000, 0x0000, 0x0000, 0x0000, 0x0000, 0x0000,
    0x0000, 0x0000, 0x0000, 0x0000, 0x0000, 0x0000, 0x0000, 0x0000, 0x0000, 0x0000, 0x0000, 0x0000,
    0x0000, 0x0000, 0x0000, 0x0000, 0x0000, 0x0000, 0x0000, 0x0000, 0x0000, 0x0000, 0x0000, 0x0000,
    0x0000, 0x0000, 0x0000, 0x0000, 0x0000, 0x0000, 0x0000, 0x0000, 0x0000, 0x0000, 0x0000, 0x0000,
    0x0000, 0x0000, 0x0000, 0x0000, 0x0000, 0x0000, 0x0000, 0x0000, 0x0000, 0x0000, 0x0000, 0x0000,
    0x0000, 0x0000, 0x0000, 0x0000, 0x0000, 0x0000, 0x0000, 0x0000, 0x0000, 0x0000, 0x0000, 0x0000,
    0x0000, 0x0000, 0x0000, 0x0000, 0x0000, 0x0000, 0x0000, 0x0000, 0x0000, 0x0000, 0x0000, 0x0000,
    0x0000, 0x0000, 0x0820, 0x30E2, 0x4964, 0x5184, 0x4943, 0x5983, 0x61A4, 0x71E4, 0x7205, 0x7A05,
    0x69A4, 0x69A4, 0x71E4, 0x8225, 0x8A46, 0x7A05, 0x79E5, 0x8A25, 0x8A25, 0x8205, 0x8A25, 0x8A25,
    0x8A46, 0x8266, 0x7225, 0x6A05, 0x7205, 0x8266, 0x7A45, 0x71E4, 0x7205, 0x7A25, 0x69E4, 0x71E4,
    0x7A25, 0x7A05, 0x71E4, 0x79E5, 0x9246, 0x8A46, 0x8205, 0xA2C8, 0xB32A, 0xC38B, 0xCBEC, 0xD42E,
    0xD44E, 0xBB8B, 0x9AA8, 0xBB8B, 0xBB8B, 0xB34A, 0xAB2A, 0xA2C8, 0xB34A, 0xC38B, 0xC3ED, 0xD42E,
    0xC3AC, 0xCBCC, 0xC3AC, 0xC38B, 0xD44E, 0xDC4E, 0xC3AC, 0xC38B, 0xD40D, 0xD42D, 0xD42D, 0xD40D,
    0xD40D, 0xC38B, 0xC3AC, 0xC38B, 0xCBCC, 0xDC4E, 0xE46F, 0xE46F, 0xE44E, 0xE42E, 0xE42E, 0xDBED,
    0xCB8B, 0xD36B, 0xE3ED, 0xE3ED, 0xDBCD, 0xE40D, 0xDBED, 0xD3CC, 0xCB8B, 0xD3AC, 0xD3CC, 0xDBCC,
    0xD38C, 0xCB4B, 0xDBCC, 0xD3AC, 0xCBAC, 0xC38B, 0xC3AC, 0xC3ED, 0xCC2D, 0x6227, 0x0000, 0x0820,
    0x0000, 0x0000, 0x0000, 0x0000, 0x0000, 0x0000, 0x0000, 0x0000, 0x0000, 0x0000, 0x0000, 0x0000,
    0x0000, 0x0000, 0x0000, 0x0000, 0x0000, 0x0000, 0x0000, 0x0000, 0x0000, 0x0000, 0x0000, 0x0000,
    0x0000, 0x0000, 0x0000, 0x0000, 0x0000, 0x0000, 0x0000, 0x0000, 0x0000, 0x0000, 0x0000, 0x0000,
    0x0000, 0x0000, 0x0000, 0x0000, 0x0000, 0x0000, 0x0000, 0x0000, 0x0000, 0x0000, 0x0000, 0x0000,
    0x0000, 0x0000, 0x0000, 0x0000, 0x0000, 0x0000, 0x0000, 0x0000, 0x0000, 0x0000, 0x0000, 0x0000,
    0x0000, 0x0000, 0x0000, 0x0000, 0x0000, 0x0000, 0x0000, 0x0000, 0x0000, 0x0000, 0x0000, 0x0000,
    0x0000, 0x0000, 0x0000, 0x0000, 0x0000, 0x0000, 0x0000, 0x0000, 0x0000, 0x0000, 0x0000, 0x0000,
    0x0000, 0x0000, 0x0000, 0x0000, 0x0000, 0x0000, 0x0000, 0x0000, 0x0000, 0x0000, 0x0000, 0x1881,
    0x4984, 0x5184, 0x3902, 0x5163, 0x5983, 0x69C4, 0x61A3, 0x71E4, 0x71E4, 0x69C4, 0x69A4, 0x7A05,
    0x8225, 0x79E5, 0x7A05, 0x8A25, 0x8A25, 0x8225, 0x7A05, 0x8205, 0x8225, 0x8245, 0x7205, 0x7225,
    0x7A46, 0x8286, 0x8266, 0x7A45, 0x7A25, 0x8246, 0x8246, 0x8246, 0x7A25, 0x71C4, 0x8A46, 0x8A46,
    0x9266, 0x8A26, 0x8A26, 0xA2A8, 0xBB6A, 0xDC2E, 0xC38B, 0xB32A, 0xB34A, 0xC3CC, 0xAB2A, 0xBBAC,
    0xBBAC, 0xBB6B, 0xBB8B, 0xB34A, 0xBB4A, 0xCBCC, 0xC3AC, 0xC3AC, 0xC3AC, 0xCBCC, 0xCBCC, 0xB309,
    0xD44E, 0xE48F, 0xCBCC, 0xC38B, 0xCBEC, 0xC3CC, 0xCBEC, 0xCBCC, 0xD42D, 0xC3AC, 0xC3AC, 0xD42E,
    0xDC4E, 0xD3ED, 0xDC2E, 0xDC0D, 0xD3CC, 0xCB6B, 0xD3AC, 0xE42E, 0xE42E, 0xE40D, 0xE3ED, 0xE3ED,
    0xDBED, 0xDBED, 0xDBED, 0xD3CC, 0xD3AC, 0xD3AC, 0xD3CC, 0xDBED, 0xDBCC, 0xD38B, 0xD3AC, 0xCBAC,
    0xCBAC, 0xC38B, 0xC3CC, 0xC40D, 0xB3CC, 0x49A5, 0x0000, 0x0820, 0x0000, 0x0000, 0x0000, 0x0000,
    0x0000, 0x0000, 0x0000, 0x0000, 0x0000, 0x0000, 0x0000, 0x0000, 0x0000, 0x0000, 0x0000, 0x0000,
    0x0000, 0x0000, 0x0000, 0x0000, 0x0000, 0x0000, 0x0000, 0x0000, 0x0000, 0x0000, 0x0000, 0x0000,
    0x0000, 0x0000, 0x0000, 0x0000, 0x0000, 0x0000, 0x0000, 0x0000, 0x0000, 0x0000, 0x0000, 0x0000,
    0x0000, 0x0000, 0x0000, 0x0000, 0x0000, 0x0000, 0x0000, 0x0000, 0x0000, 0x0000, 0x0000, 0x0000,
    0x0000, 0x0000, 0x0000, 0x0000, 0x0000, 0x0000, 0x0000, 0x0000, 0x0000, 0x0000, 0x0000, 0x0000,
    0x0000, 0x0000, 0x0000, 0x0000, 0x0000, 0x0000, 0x0000, 0x0000, 0x0000, 0x0000, 0x0000, 0x0000,
    0x0000, 0x0000, 0x0000, 0x0000, 0x0000, 0x0000, 0x0000, 0x0000, 0x0000, 0x0000, 0x0000, 0x0000,
    0x0000, 0x0000, 0x0000, 0x0000, 0x0000, 0x0800, 0x0000, 0x1881, 0x4984, 0x4963, 0x4123, 0x5163,
    0x5163, 0x69C4, 0x61A3, 0x71E4, 0x7A05, 0x71E4, 0x69C4, 0x71C4, 0x71E4, 0x79E5, 0x79E4, 0x8205,
    0x8A45, 0x8A25, 0x8225, 0x8225, 0x7A05, 0x7205, 0x7A45, 0x8266, 0x8266, 0x7A45, 0x7205, 0x7A45,
    0x8266, 0x7A25, 0x8246, 0x8A66, 0x8246, 0x8246, 0x9AA7, 0x8225, 0x9266, 0x9246, 0x9246, 0xAAE9,
    0xC36B, 0xDC2D, 0xD40D, 0xCBCC, 0xBB4A, 0xC3AB, 0xC3CC, 0xBB6B, 0xB36B, 0xAB09, 0xB34A, 0xBB6B,
    0xBB4A, 0xCBCC, 0xD3AC, 0xBB4A, 0xBB4A, 0xCBAC, 0xCBCC, 0xC38B, 0xCBEC, 0xD3ED, 0xD42E, 0xD3ED,
    0xCBCC, 0xC38B, 0xCBEC, 0xD42E, 0xD44E, 0xD40D, 0xCBED, 0xD40D, 0xD40D, 0xD40D, 0xDC2E, 0xDC0D,
    0xCBAC, 0xD3AC, 0xD3CC, 0xDBED, 0xDBED, 0xE3ED, 0xDBCD, 0xE3ED, 0xDBCC, 0xDBCD, 0xE40D, 0xDBED,
    0xDBCC, 0xD3CC, 0xDBED, 0xD3CC, 0xD3AC, 0xE3ED, 0xDBCC, 0xCBAC, 0xCBAC, 0xC3CC, 0xC3CC, 0xC40D,
    0xBBED, 0x4985, 0x0000, 0x0820, 0x0000, 0x0000, 0x0000, 0x0000, 0x0000, 0x0000, 0x0000, 0x0000,
    0x0000, 0x0000, 0x0000, 0x0000, 0x0000, 0x0000, 0x0000, 0x0000, 0x0000, 0x0000, 0x0000, 0x0000,
    0x0000, 0x0000, 0x0000, 0x0000, 0x0000, 0x0000, 0x0000, 0x0000, 0x0000, 0x0000, 0x0000, 0x0000,
    0x0000, 0x0000, 0x0000, 0x0000, 0x0000, 0x0000, 0x0000, 0x0000, 0x0000, 0x0000, 0x0000, 0x0000,
    0x0000, 0x0000, 0x0000, 0x0000, 0x0000, 0x0000, 0x0000, 0x0000, 0x0000, 0x0000, 0x0000, 0x0000,
    0x0000, 0x0000, 0x0000, 0x0000, 0x0000, 0x0000, 0x0000, 0x0000, 0x0000, 0x0000, 0x0000, 0x0000,
    0x0000, 0x0000, 0x0000, 0x0000, 0x0000, 0x0000, 0x0000, 0x0000, 0x0000, 0x0000, 0x0000, 0x0000,
    0x0000, 0x0000, 0x0000, 0x0000, 0x0000, 0x0000, 0x0000, 0x0000, 0x0000, 0x0000, 0x0000, 0x0000,
    0x0000, 0x0800, 0x0000, 0x1040, 0x4144, 0x3903, 0x4963, 0x61C4, 0x61C4, 0x69E4, 0x61A3, 0x7204,
    0x79E4, 0x69C4, 0x69C4, 0x71E4, 0x71E4, 0x71E4, 0x71E4, 0x8205, 0x8225, 0x8225, 0x8225, 0x7A05,
    0x71E4, 0x7A25, 0x8266, 0x8266, 0x7205, 0x61C4, 0x69C4, 0x69E4, 0x7205, 0x7A46, 0x8266, 0x7A25,
    0x7A25, 0x71E5, 0x9AA7, 0x8205, 0x9267, 0xA2A7, 0xAAC8, 0xB2E9, 0xBB29, 0xDBED, 0xE46E, 0xE48F,
    0xE46F, 0xCBEC, 0xC3CC, 0xB32A, 0xBB6B, 0xBB8B, 0xBB4B, 0xBB6B, 0xBB6B, 0xCBAB, 0xD3AC, 0xCB8B,
    0xC36B, 0xD3ED, 0xD3ED, 0xDC4E, 0xDC4E, 0xDC4E, 0xDC2E, 0xD40D, 0xCBED, 0xCBCC, 0xD42E, 0xD40D,
    0xC3AC, 0xD40D, 0xD40D, 0xCBED, 0xDC2E, 0xDC2E, 0xDC2E, 0xDC2E, 0xDC2E, 0xEC4E, 0xE42E, 0xDBED,
    0xDBED, 0xE40D, 0xDC0D, 0xDBED, 0xE3ED, 0xE40D, 0xE40E, 0xE42E, 0xDBED, 0xDBED, 0xDBED, 0xDBCC,
    0xD3AC, 0xDBED, 0xD3CC, 0xCBAB, 0xBB8B, 0xC3AB, 0xBBCC, 0xC42D, 0x932A, 0x1061, 0x0000, 0x0800,
    0x0000, 0x0000, 0x0000, 0x0000, 0x0000, 0x0000, 0x0000, 0x0000, 0x0000, 0x0000, 0x0000, 0x0000,
    0x0000, 0x0000, 0x0000, 0x0000, 0x0000, 0x0000, 0x0000, 0x0000, 0x0000, 0x0000, 0x0000, 0x0000,
    0x0000, 0x0000, 0x0000, 0x0000, 0x0000, 0x0000, 0x0000, 0x0000, 0x0000, 0x0000, 0x0000, 0x0000,
    0x0000, 0x0000, 0x0000, 0x0000, 0x0000, 0x0000, 0x0000, 0x0000, 0x0000, 0x0000, 0x0000, 0x0000,
    0x0000, 0x0000, 0x0000, 0x0000, 0x0000, 0x0000, 0x0000, 0x0000, 0x0000, 0x0000, 0x0000, 0x0000,
    0x0000, 0x0000, 0x0000, 0x0000, 0x0000, 0x0000, 0x0000, 0x0000, 0x0000, 0x0000, 0x0000, 0x0000,
    0x0000, 0x0000, 0x0000, 0x0000, 0x0000, 0x0000, 0x0000, 0x0000, 0x0000, 0x0000, 0x0000, 0x0000,
    0x0000, 0x0000, 0x0000, 0x0000, 0x0000, 0x0000, 0x0000, 0x0000, 0x0000, 0x0000, 0x0000, 0x0820,
    0x3123, 0x4963, 0x5183, 0x5183, 0x59A4, 0x61A4, 0x5983, 0x71C4, 0x8225, 0x7A05, 0x7A05, 0x7A05,
    0x7A05, 0x79E5, 0x71E4, 0x7A05, 0x8225, 0x8225, 0x8225, 0x71E4, 0x71E4, 0x7225, 0x8266, 0x8A66,
    0x8266, 0x7A25, 0x7A45, 0x7205, 0x7205, 0x8266, 0x7A46, 0x6183, 0x69A4, 0x69C4, 0x9287, 0x8205,
    0x9A87, 0xA2A7, 0xAAA8, 0xAAA8, 0xB2E8, 0xC34A, 0xD3EC, 0xD3CC, 0xDC2E, 0xC3AC, 0xBB4A, 0xB309,
    0xB32A, 0xBB4A, 0xAAE9, 0xAB09, 0xBB2A, 0xCB6B, 0xD38B, 0xCB6B, 0xCB8B, 0xCBAC, 0xCBAC, 0xD3ED,
    0xD40D, 0xDC2E, 0xD3ED, 0xD40D, 0xDC4E, 0xD40D, 0xD40D, 0xC3CC, 0xB309, 0xC3AC, 0xDC4E, 0xD40D,
    0xDC4E, 0xE44F, 0xDC2E, 0xDC2D, 0xE44E, 0xE42E, 0xE46F, 0xDC2E, 0xCB8B, 0xD3CC, 0xDBED, 0xD3AC,
    0xDBED, 0xE40E, 0xDBED, 0xDBCC, 0xD3AC, 0xCB8B, 0xCB6B, 0xD3AC, 0xDBED, 0xCB8B, 0xC38B, 0xBB6B,
    0xB36A, 0xB36A, 0xBBAC, 0xBC0D, 0x7267, 0x0000, 0x0820, 0x0000, 0x0000, 0x0000, 0x0000, 0x0000,
    0x0000, 0x0000, 0x0000, 0x0000, 0x0000, 0x0000, 0x0000, 0x0000, 0x0000, 0x0000, 0x0000, 0x0000,
    0x0000, 0x0000, 0x0000, 0x0000, 0x0000, 0x0000, 0x0000, 0x0000, 0x0000, 0x0000, 0x0000, 0x0000,
    0x0000, 0x0000, 0x0000, 0x0000, 0x0000, 0x0000, 0x0000, 0x0000, 0x0000, 0x0000, 0x0000, 0x0000,
    0x0000, 0x0000, 0x0000, 0x0000, 0x0000, 0x0000, 0x0000, 0x0000, 0x0000, 0x0000, 0x0000, 0x0000,
    0x0000, 0x0000, 0x0000, 0x0000, 0x0000, 0x0000, 0x0000, 0x0000, 0x0000, 0x0000, 0x0000, 0x0000,
    0x0000, 0x0000, 0x0000, 0x0000, 0x0000, 0x0000, 0x0000, 0x0000, 0x0000, 0x0000, 0x0000, 0x0000,
    0x0000, 0x0000, 0x0000, 0x0000, 0x0000, 0x0000, 0x0000, 0x0000, 0x0000, 0x0000, 0x0000, 0x0000,
    0x0000, 0x0000, 0x0000, 0x0000, 0x0000, 0x0000, 0x0000, 0x0800, 0x3103, 0x51A4, 0x5163, 0x4943,
    0x4943, 0x5983, 0x61A3, 0x71E4, 0x8225, 0x8225, 0x7A05, 0x71C4, 0x71C4, 0x7A05, 0x71E4, 0x8205,
    0x8225, 0x8225, 0x8225, 0x8225, 0x7A05, 0x7A25, 0x8245, 0x8246, 0x8A66, 0x8266, 0x7A25, 0x69E4,
    0x7A25, 0x71E4, 0x7A25, 0x7A25, 0x8226, 0x8225, 0x8A26, 0x8A05, 0x9A87, 0xA287, 0xA2A7, 0xAA87,
    0xB2A8, 0xB2C8, 0xC329, 0xC329, 0xDC0D, 0xC36B, 0xB2E9, 0xB309, 0xBB2A, 0xBB4A, 0xBB0A, 0xB2E9,
    0xBB09, 0xC32A, 0xCB4A, 0xC32A, 0xCB4B, 0xC34A, 0xC32A, 0xCBAC, 0xCB6B, 0xCBAC, 0xD40D, 0xD42E,
    0xC38B, 0xC3AC, 0xCBCC, 0xCBCC, 0xB34A, 0xCBCC, 0xD42E, 0xD42E, 0xDC4E, 0xCBEC, 0xD40D, 0xD40D,
    0xE46F, 0xE44E, 0xD40D, 0xE4D0, 0xE48F, 0xD42E, 0xC34B, 0xD3CC, 0xDBED, 0xE40D, 0xDBED, 0xD38C,
    0xCB8B, 0xDBCC, 0xD3AC, 0xD3CC, 0xD3EC, 0xD3AC, 0xC38B, 0xBB8B, 0xBB8B, 0xAB6A, 0xBBEC, 0xCC4E,
    0x7288, 0x0000, 0x0820, 0x0000, 0x0000, 0x0000, 0x0000, 0x0000, 0x0000, 0x0000, 0x0000, 0x0000,
    0x0000, 0x0000, 0x0000, 0x0000, 0x0000, 0x0000, 0x0000, 0x0000, 0x0000, 0x0000, 0x0000, 0x0000,
    0x0000, 0x0000, 0x0000, 0x0000, 0x0000, 0x0000, 0x0000, 0x0000, 0x0000, 0x0000, 0x0000, 0x0000,
    0x0000, 0x0000, 0x0000, 0x0000, 0x0000, 0x0000, 0x0000, 0x0000, 0x0000, 0x0000, 0x0000, 0x0000,
    0x0000, 0x0000, 0x0000, 0x0000, 0x0000, 0x0000, 0x0000, 0x0000, 0x0000, 0x0000, 0x0000, 0x0000,
    0x0000, 0x0000, 0x0000, 0x0000, 0x0000, 0x0000, 0x0000, 0x0000, 0x0000, 0x0000, 0x0000, 0x0000,
    0x0000, 0x0000, 0x0000, 0x0000, 0x0000, 0x0000, 0x0000, 0x0000, 0x0000, 0x0000, 0x0000, 0x0000,
    0x0000, 0x0000, 0x0000, 0x0000, 0x0000, 0x0000, 0x0000, 0x0000, 0x0000, 0x0000, 0x0000, 0x0000,
    0x0000, 0x0000, 0x0000, 0x0000, 0x20C2, 0x4144, 0x5183, 0x4122, 0x4123, 0x5983, 0x69C4, 0x71E4,
    0x71E4, 0x7A05, 0x8205, 0x8205, 0x7A05, 0x7A05, 0x79E4, 0x7A05, 0x8225, 0x8225, 0x8225, 0x8225,
    0x69C4, 0x69C4, 0x7A25, 0x8A86, 0x8266, 0x8266, 0x69C4, 0x6183, 0x69A4, 0x69A4, 0x79E5, 0x8225,
    0x8205, 0x8A25, 0x8A05, 0x81C5, 0x8A05, 0x8A05, 0x89E5, 0x9205, 0x9206, 0x9A06, 0xAA67, 0xB2A8,
    0xCB6B, 0xCBAC, 0xCBAB, 0xBB2A, 0xB2E9, 0xC34A, 0xBB09, 0xAAC8, 0xB2C9, 0xAA88, 0xB288, 0xB2A8,
    0xB2A8, 0xB288, 0xB2A8, 0xC32A, 0xC32A, 0xBB09, 0xCBCC, 0xD40D, 0xCBED, 0xCBED, 0xD42E, 0xCBED,
    0xBB8B, 0xD40D, 0xDC4E, 0xCBED, 0xCBED, 0xDC6F, 0xDC2E, 0xDC2E, 0xDC4E, 0xC3AB, 0xCBCC, 0xE4F1,
    0xE4B0, 0xD40D, 0xCBAC, 0xE40D, 0xE40D, 0xE40D, 0xDBED, 0xDBCD, 0xD3AC, 0xD3AC, 0xCB6B, 0xCBAC,
    0xDBED, 0xD3CC, 0xC38B, 0xC3AB, 0xBB8B, 0xB38B, 0xCC6F, 0xC44E, 0x59E6, 0x0000, 0x0820, 0x0000,
    0x0000, 0x0000, 0x0000, 0x0000, 0x0000, 0x0000, 0x0000, 0x0000, 0x0000, 0x0000, 0x0000, 0x0000,
    0x0000, 0x0000, 0x0000, 0x0000, 0x0000, 0x0000, 0x0000, 0x0000, 0x0000, 0x0000, 0x0000, 0x0000,
    0x0000, 0x0000, 0x0000, 0x0000, 0x0000, 0x0000, 0x0000, 0x0000, 0x0000, 0x0000, 0x0000, 0x0000,
    0x0000, 0x0000, 0x0000, 0x0000, 0x0000, 0x0000, 0x0000, 0x0000, 0x0000, 0x0000, 0x0000, 0x0000,
    0x0000, 0x0000, 0x0000, 0x0000, 0x0000, 0x0000, 0x0000, 0x0000, 0x0000, 0x0000, 0x0000, 0x0000,
    0x0000, 0x0000, 0x0000, 0x0000, 0x0000, 0x0000, 0x0000, 0x0000, 0x0000, 0x0000, 0x0000, 0x0000,
    0x0000, 0x0000, 0x0000, 0x0000, 0x0000, 0x0000, 0x0000, 0x0000, 0x0000, 0x0000, 0x0000, 0x0000,
    0x0000, 0x0000, 0x0000, 0x0000, 0x0000, 0x0000, 0x0000, 0x0000, 0x0000, 0x0000, 0x0000, 0x0000,
    0x1881, 0x3943, 0x59A4, 0x4123, 0x3902, 0x5984, 0x7205, 0x69A4, 0x6163, 0x71C4, 0x79E4, 0x8A45,
    0x8225, 0x71E4, 0x7A05, 0x7A05, 0x7A05, 0x8205, 0x8225, 0x7A25, 0x69E4, 0x61A3, 0x69C4, 0x7205,
    0x71E4, 0x69C4, 0x69E4, 0x61A3, 0x6183, 0x69A4, 0x79E4, 0x8205, 0x8205, 0x79C4, 0x7184, 0x7184,
    0x7984, 0x7184, 0x6123, 0x6943, 0x7163, 0x79A4, 0x9206, 0x9A26, 0xA267, 0xC34A, 0xC36B, 0xBB09,
    0xB309, 0xBB2A, 0xBB2A, 0xBB2A, 0xB2C9, 0x9A26, 0x91E6, 0x91C5, 0x91C5, 0x99E6, 0xA226, 0xAA67,
    0xAA88, 0xBAE9, 0xC34A, 0xCBAC, 0xE48F, 0xDC6F, 0xDC4E, 0xD40D, 0xCBCC, 0xCBAC, 0xCBAC, 0xBB6B,
    0xC38B, 0xDC2E, 0xDC2E, 0xDC2E, 0xDC2E, 0xCBCC, 0xC3AB, 0xCBED, 0xC3AC, 0xC38B, 0xD3CC, 0xDC0D,
    0xDBCD, 0xDBED, 0xDBED, 0xD3AC, 0xD3AC, 0xCB6B, 0xC34A, 0xCB8B, 0xDBED, 0xD3CC, 0xBB6B, 0xBB8B,
    0xB38B, 0xB38B, 0xBBEC, 0xBBED, 0x4164, 0x0000, 0x0820, 0x0000, 0x0000, 0x0000, 0x0000, 0x0000,
    0x0000, 0x0000, 0x0000, 0x0000, 0x0000, 0x0000, 0x0000, 0x0000, 0x0000, 0x0000, 0x0000, 0x0000,
    0x0000, 0x0000, 0x0000, 0x0000, 0x0000, 0x0000, 0x0000, 0x0000, 0x0000, 0x0000, 0x0000, 0x0000,
    0x0000, 0x0000, 0x0000, 0x0000, 0x0000, 0x0000, 0x0000, 0x0000, 0x0000, 0x0000, 0x0000, 0x0000,
    0x0000, 0x0000, 0x0000, 0x0000, 0x0000, 0x0000, 0x0000, 0x0000, 0x0000, 0x0000, 0x0000, 0x0000,
    0x0000, 0x0000, 0x0000, 0x0000, 0x0000, 0x0000, 0x0000, 0x0000, 0x0000, 0x0000, 0x0000, 0x0000,
    0x0000, 0x0000, 0x0000, 0x0000, 0x0000, 0x0000, 0x0000, 0x0000, 0x0000, 0x0000, 0x0000, 0x0000,
    0x0000, 0x0000, 0x0000, 0x0000, 0x0000, 0x0000, 0x0000, 0x0000, 0x0000, 0x0000, 0x0000, 0x0000,
    0x0000, 0x0000, 0x0000, 0x0000, 0x0000, 0x0000, 0x0000, 0x0000, 0x1061, 0x4164, 0x59A4, 0x4943,
    0x4122, 0x4943, 0x5983, 0x71C4, 0x71C4, 0x7A05, 0x7A05, 0x8225, 0x8225, 0x7A04, 0x7A05, 0x7A05,
    0x79E4, 0x7A05, 0x8225, 0x7A25, 0x7A25, 0x69E4, 0x69C4, 0x6183, 0x5983, 0x5963, 0x6183, 0x61A4,
    0x61A3, 0x69A4, 0x71A4, 0x79C4, 0x79C4, 0x7183, 0x6143, 0x6123, 0x6143, 0x6123, 0x5902, 0x50E2,
    0x48C2, 0x50E2, 0x6143, 0x7164, 0x7164, 0x81C5, 0x9206, 0x9A47, 0x9A47, 0x9A47, 0x9A67, 0x9A47,
    0x9226, 0x81A5, 0x8184, 0x8184, 0x8184, 0x81A5, 0x81A5, 0x89A5, 0x9A06, 0xA267, 0xAA88, 0xBAC9,
    0xD3CD, 0xDC2E, 0xDC4E, 0xD40D, 0xCBCC, 0xC38B, 0xBB6B, 0xBB6B, 0xC38B, 0xCBAC, 0xCBAC, 0xD3ED,
    0xDC2E, 0xDC2E, 0xD3ED, 0xCBCC, 0xCBED, 0xC3AB, 0xD3CC, 0xDC0D, 0xD3CC, 0xD3CC, 0xDBED, 0xDC0D,
    0xDC0D, 0xCB8C, 0xC34A, 0xCBAC, 0xDC2E, 0xD40D, 0xBB8B, 0xBB8B, 0xB38B, 0xBBCC, 0xBBCC, 0xBBED,
    0x4164, 0x0000, 0x0820, 0x0000, 0x0000, 0x0000, 0x0000, 0x0000, 0x0000, 0x0000, 0x0000, 0x0000,
    0x0000, 0x0000, 0x0000, 0x0000, 0x0000, 0x0000, 0x0000, 0x0000, 0x0000, 0x0000, 0x0000, 0x0000,
    0x0000, 0x0000, 0x0000, 0x0000, 0x0000, 0x0000, 0x0000, 0x0000, 0x0000, 0x0000, 0x0000, 0x0000,
    0x0000, 0x0000, 0x0000, 0x0000, 0x0000, 0x0000, 0x0000, 0x0000, 0x0000, 0x0000, 0x0000, 0x0000,
    0x0000, 0x0000, 0x0000, 0x0000, 0x0000, 0x0000, 0x0000, 0x0000, 0x0000, 0x0000, 0x0000, 0x0000,
    0x0000, 0x0000, 0x0000, 0x0000, 0x0000, 0x0000, 0x0000, 0x0000, 0x0000, 0x0000, 0x0000, 0x0000,
    0x0000, 0x0000, 0x0000, 0x0000, 0x0000, 0x0000, 0x0000, 0x0000, 0x0000, 0x0000, 0x0000, 0x0000,
    0x0000, 0x0000, 0x0000, 0x0000, 0x0000, 0x0000, 0x0000, 0x0000, 0x0000, 0x0000, 0x0000, 0x0000,
    0x0000, 0x0000, 0x0000, 0x0000, 0x1060, 0x3923, 0x4963, 0x5163, 0x5163, 0x4922, 0x5983, 0x79E4,
    0x7A05, 0x79E4, 0x71C4, 0x8205, 0x8205, 0x71E4, 0x8205, 0x7A04, 0x71E4, 0x7A05, 0x7204, 0x7A05,
    0x7225, 0x69E4, 0x61A3, 0x5963, 0x5963, 0x5963, 0x5983, 0x5963, 0x5943, 0x71C4, 0x69A4, 0x6163,
    0x6143, 0x6123, 0x5902, 0x50E2, 0x5902, 0x5902, 0x5923, 0x5123, 0x48E2, 0x48C2, 0x48E2, 0x50E2,
    0x5903, 0x5903, 0x5902, 0x6123, 0x6123, 0x5923, 0x5903, 0x6123, 0x6123, 0x5903, 0x6123, 0x6943,
    0x6944, 0x7164, 0x7964, 0x8184, 0x89C5, 0x89C5, 0x91C5, 0x91A5, 0x91E6, 0xAAA8, 0xBB4B, 0xC36B,
    0xCBAC, 0xBB6B, 0xB32A, 0xC36B, 0xBB4A, 0xBB4A, 0xC36B, 0xCB6B, 0xCB8B, 0xCBAC, 0xD3EC, 0xDC4E,
    0xDC4E, 0xCBCC, 0xD3CC, 0xDC0D, 0xDBED, 0xDBED, 0xD3CC, 0xD3CC, 0xCB8B, 0xC34A, 0xBB2A, 0xD3ED,
    0xDC2E, 0xD40D, 0xBB8B, 0xB38B, 0xB38B, 0xC3EC, 0xBBAC, 0xABAC, 0x4184, 0x0000, 0x0820, 0x0000,
    0x0000, 0x0000, 0x0000, 0x0000, 0x0000, 0x0000, 0x0000, 0x0000, 0x0000, 0x0000, 0x0000, 0x0000,
    0x0000, 0x0000, 0x0000, 0x0000, 0x0000, 0x0000, 0x0000, 0x0000, 0x0000, 0x0000, 0x0000, 0x0000,
    0x0000, 0x0000, 0x0000, 0x0000, 0x0000, 0x0000, 0x0000, 0x0000, 0x0000, 0x0000, 0x0000, 0x0000,
    0x0000, 0x0000, 0x0000, 0x0000, 0x0000, 0x0000, 0x0000, 0x0000, 0x0000, 0x0000, 0x0000, 0x0000,
    0x0000, 0x0000, 0x0000, 0x0000, 0x0000, 0x0000, 0x0000, 0x0000, 0x0000, 0x0000, 0x0000, 0x0000,
    0x0000, 0x0000, 0x0000, 0x0000, 0x0000, 0x0000, 0x0000, 0x0000, 0x0000, 0x0000, 0x0000, 0x0000,
    0x0000, 0x0000, 0x0000, 0x0000, 0x0000, 0x0000, 0x0000, 0x0000, 0x0000, 0x0000, 0x0000, 0x0000,
    0x0000, 0x0000, 0x0000, 0x0000, 0x0000, 0x0000, 0x0000, 0x0000, 0x0000, 0x0000, 0x0000, 0x0000,
    0x1040, 0x30E2, 0x4143, 0x5163, 0x5183, 0x4922, 0x6183, 0x79E4, 0x7A05, 0x79E4, 0x71A4, 0x8225,
    0x8225, 0x79E4, 0x8205, 0x8225, 0x7A25, 0x71E4, 0x69A4, 0x61A3, 0x61A4, 0x69C4, 0x6183, 0x5143,
    0x5143, 0x5122, 0x5143, 0x5143, 0x5122, 0x5943, 0x5943, 0x5122, 0x5102, 0x5102, 0x48E2, 0x40C2,
    0x40C1, 0x40C2, 0x40C2, 0x40C1, 0x38C1, 0x40C2, 0x3081, 0x3081, 0x3061, 0x3081, 0x3061, 0x3061,
    0x3081, 0x3081, 0x3081, 0x3881, 0x3081, 0x3081, 0x38A1, 0x40C2, 0x48C2, 0x50E2, 0x50E2, 0x5903,
    0x6123, 0x7144, 0x81A5, 0x91C5, 0x91E6, 0x9206, 0x9206, 0xB30A, 0xC3AC, 0xC3AC, 0xBB4A, 0xBB4B,
    0xBB4A, 0xBB2A, 0xC34A, 0xBB2A, 0xBB2A, 0xBB0A, 0xBB0A, 0xD3ED, 0xD3ED, 0xDBED, 0xDBCD, 0xDBED,
    0xDBED, 0xDBED, 0xDBED, 0xCB8B, 0xCB6B, 0xCB6B, 0xC34A, 0xD3AC, 0xDC0D, 0xD3EC, 0xBB6B, 0xB38B,
    0xB38B, 0xC3CC, 0xBBAC, 0x9B4A, 0x3944, 0x0000, 0x0820, 0x0000, 0x0000, 0x0000, 0x0000, 0x0000,
    0x0000, 0x0000, 0x0000, 0x0000, 0x0000, 0x0000, 0x0000, 0x0000, 0x0000, 0x0000, 0x0000, 0x0000,
    0x0000, 0x0000, 0x0000, 0x0000, 0x0000, 0x0000, 0x0000, 0x0000, 0x0000, 0x0000, 0x0000, 0x0000,
    0x0000, 0x0000, 0x0000, 0x0000, 0x0000, 0x0000, 0x0000, 0x0000, 0x0000, 0x0000, 0x0000, 0x0000,
    0x0000, 0x0000, 0x0000, 0x0000, 0x0000, 0x0000, 0x0000, 0x0000, 0x0000, 0x0000, 0x0000, 0x0000,
    0x0000, 0x0000, 0x0000, 0x0000, 0x0000, 0x0000, 0x0000, 0x0000, 0x0000, 0x0000, 0x0000, 0x0000,
    0x0000, 0x0000, 0x0000, 0x0000, 0x0000, 0x0000, 0x0000, 0x0000, 0x0000, 0x0000, 0x0000, 0x0000,
    0x0000, 0x0000, 0x0000, 0x0000, 0x0000, 0x0000, 0x0000, 0x0000, 0x0000, 0x0000, 0x0000, 0x0000,
    0x0000, 0x0000, 0x0000, 0x0000, 0x0000, 0x0000, 0x0000, 0x0000, 0x0840, 0x3103, 0x4963, 0x5163,
    0x5163, 0x4102, 0x5163, 0x71E4, 0x71C4, 0x79E4, 0x71C4, 0x8A46, 0x8A46, 0x8205, 0x8225, 0x8225,
    0x7A25, 0x71E4, 0x69E4, 0x69A4, 0x5963, 0x5142, 0x5122, 0x4922, 0x4922, 0x4902, 0x4922, 0x5143,
    0x4902, 0x48E2, 0x48E2, 0x40E2, 0x40C1, 0x30A1, 0x2861, 0x2860, 0x2860, 0x2860, 0x2861, 0x2860,
    0x2860, 0x2861, 0x2860, 0x2840, 0x2840, 0x2860, 0x3061, 0x2861, 0x2861, 0x2840, 0x2840, 0x2860,
    0x3081, 0x3881, 0x38A1, 0x48C2, 0x48E2, 0x48C2, 0x48C2, 0x40A2, 0x48A2, 0x48C2, 0x48C2, 0x58E2,
    0x81C5, 0x81C5, 0x89E5, 0x9A88, 0xBB4A, 0xBB8B, 0xC3AC, 0xBB4A, 0xB309, 0xB2C9, 0xAAC9, 0xB2E9,
    0xBB2A, 0xBB2A, 0xC34A, 0xDBCC, 0xDBED, 0xE40D, 0xDBED, 0xDBED, 0xCBAC, 0xDBED, 0xE44E, 0xDC0D,
    0xDBCD, 0xD3AC, 0xCB8B, 0xC34A, 0xD3ED, 0xD40D, 0xC3CC, 0xC3EC, 0xC3EC, 0xC3CC, 0xC3EC, 0xB3AC,
    0x3923, 0x0000, 0x0820, 0x0000, 0x0000, 0x0000, 0x0000, 0x0000, 0x0000, 0x0000, 0x0000, 0x0000,
    0x0000, 0x0000, 0x0000, 0x0000, 0x0000, 0x0000, 0x0000, 0x0000, 0x0000, 0x0000, 0x0000, 0x0000,
    0x0000, 0x0000, 0x0000, 0x0000, 0x0000, 0x0000, 0x0000, 0x0000, 0x0000, 0x0000, 0x0000, 0x0000,
    0x0000, 0x0000, 0x0000, 0x0000, 0x0000, 0x0000, 0x0000, 0x0000, 0x0000, 0x0000, 0x0000, 0x0000,
    0x0000, 0x0000, 0x0000, 0x0000, 0x0000, 0x0000, 0x0000, 0x0000, 0x0000, 0x0000, 0x0000, 0x0000,
    0x0000, 0x0000, 0x0000, 0x0000, 0x0000, 0x0000, 0x0000, 0x0000, 0x0000, 0x0000, 0x0000, 0x0000,
    0x0000, 0x0000, 0x0000, 0x0000, 0x0000, 0x0000, 0x0000, 0x0000, 0x0000, 0x0000, 0x0000, 0x0000,
    0x0000, 0x0000, 0x0000, 0x0000, 0x0000, 0x0000, 0x0000, 0x0000, 0x0000, 0x0000, 0x0000, 0x0000,
    0x0000, 0x0000, 0x0000, 0x0000, 0x0820, 0x28E2, 0x4964, 0x4943, 0x4943, 0x4122, 0x5163, 0x71C4,
    0x71E4, 0x79E5, 0x8205, 0x8A45, 0x8205, 0x79E4, 0x8205, 0x8205, 0x71E4, 0x71C4, 0x69C4, 0x5963,
    0x5122, 0x4902, 0x40E2, 0x40E1, 0x38C1, 0x38C1, 0x40E2, 0x40E2, 0x38C1, 0x3081, 0x2060, 0x2040,
    0x2040, 0x2860, 0x2861, 0x38A1, 0x48E2, 0x50E2, 0x50E2, 0x5102, 0x6123, 0x6123, 0x6123, 0x5903,
    0x6123, 0x6923, 0x6943, 0x6944, 0x7164, 0x6944, 0x6123, 0x6123, 0x7184, 0x79A5, 0x81C5, 0x9227,
    0x9206, 0x89C5, 0x9A47, 0x9206, 0x91E6, 0x81C5, 0x79A5, 0x6944, 0x5903, 0x50E2, 0x50E2, 0x5923,
    0x6144, 0x8226, 0x9AC8, 0x9A88, 0x9A67, 0x9A67, 0xA2A8, 0xAAC9, 0xB309, 0xBB2A, 0xC36B, 0xD3CC,
    0xD3AC, 0xDBED, 0xE40D, 0xDBED, 0xCB8B, 0xCBAC, 0xDBED, 0xDBED, 0xDBCC, 0xD3AC, 0xD3AC, 0xCB6B,
    0xCBAC, 0xCBCC, 0xBB8B, 0xC3CC, 0xC3CC, 0xC3AC, 0xC3EC, 0xB3AC, 0x3923, 0x0000, 0x0820, 0x0000,
    0x0000, 0x0000, 0x0000, 0x0000, 0x0000, 0x0000, 0x0000, 0x0000, 0x0000, 0x0000, 0x0000, 0x0000,
    0x0000, 0x0000, 0x0000, 0x0000, 0x0000, 0x0000, 0x0000, 0x0000, 0x0000, 0x0000, 0x0000, 0x0000,
    0x0000, 0x0000, 0x0000, 0x0000, 0x0000, 0x0000, 0x0000, 0x0000, 0x0000, 0x0000, 0x0000, 0x0000,
    0x0000, 0x0000, 0x0000, 0x0000, 0x0000, 0x0000, 0x0000, 0x0000, 0x0000, 0x0000, 0x0000, 0x0000,
    0x0000, 0x0000, 0x0000, 0x0000, 0x0000, 0x0000, 0x0000, 0x0000, 0x0000, 0x0000, 0x0000, 0x0000,
    0x0000, 0x0000, 0x0000, 0x0000, 0x0000, 0x0000, 0x0000, 0x0000, 0x0000, 0x0000, 0x0000, 0x0000,
    0x0000, 0x0000, 0x0000, 0x0000, 0x0000, 0x0000, 0x0000, 0x0000, 0x0000, 0x0000, 0x0000, 0x0000,
    0x0000, 0x0000, 0x0000, 0x0000, 0x0000, 0x0000, 0x0000, 0x0000, 0x0000, 0x0000, 0x0000, 0x0000,
    0x0000, 0x1060, 0x3923, 0x4943, 0x4122, 0x4102, 0x5143, 0x69A4, 0x79E4, 0x8205, 0x8A25, 0x8A46,
    0x8205, 0x71C4, 0x8205, 0x8225, 0x71C4, 0x69A4, 0x6183, 0x5122, 0x4102, 0x40C1, 0x38A1, 0x3081,
    0x2860, 0x2860, 0x2040, 0x2040, 0x2040, 0x1820, 0x2060, 0x3081, 0x40C2, 0x5102, 0x5923, 0x6123,
    0x6943, 0x6943, 0x6943, 0x7164, 0x7984, 0x81A5, 0x79A4, 0x7164, 0x7984, 0x7984, 0x8184, 0x89C5,
    0x91E6, 0x89C5, 0x81C5, 0x81C5, 0x9A26, 0xA247, 0xAAA8, 0xB2A8, 0xAA67, 0xAA68, 0xC30A, 0xBAC9,
    0xB2C9, 0xBAE9, 0xC30A, 0xBAEA, 0xA288, 0x81E6, 0x79A5, 0x7184, 0x6123, 0x5902, 0x5902, 0x5903,
    0x6143, 0x6984, 0x81E6, 0x9247, 0xA2A8, 0xAAA8, 0xC34A, 0xCB8B, 0xC36B, 0xD3AC, 0xDBED, 0xDC0D,
    0xC38B, 0xC38B, 0xD3ED, 0xD3CC, 0xDBCC, 0xD3AC, 0xCB8B, 0xCB6B, 0xCBAB, 0xC38B, 0xB38B, 0xBB8B,
    0xBB8B, 0xB36A, 0xC3CC, 0x8AE9, 0x20A1, 0x0000, 0x0800, 0x0000, 0x0000, 0x0000, 0x0000, 0x0000,
    0x0000, 0x0000, 0x0000, 0x0000, 0x0000, 0x0000, 0x0000, 0x0000, 0x0000, 0x0000, 0x0000, 0x0000,
    0x0000, 0x0000, 0x0000, 0x0000, 0x0000, 0x0000, 0x0000, 0x0000, 0x0000, 0x0000, 0x0000, 0x0000,
    0x0000, 0x0000, 0x0000, 0x0000, 0x0000, 0x0000, 0x0000, 0x0000, 0x0000, 0x0000, 0x0000, 0x0000,
    0x0000, 0x0000, 0x0000, 0x0000, 0x0000, 0x0000, 0x0000, 0x0000, 0x0000, 0x0000, 0x0000, 0x0000,
    0x0000, 0x0000, 0x0000, 0x0000, 0x0000, 0x0000, 0x0000, 0x0000, 0x0000, 0x0000, 0x0000, 0x0000,
    0x0000, 0x0000, 0x0000, 0x0000, 0x0000, 0x0000, 0x0000, 0x0000, 0x0000, 0x0000, 0x0000, 0x0000,
    0x0000, 0x0000, 0x0000, 0x0000, 0x0000, 0x0000, 0x0000, 0x0000, 0x0000, 0x0000, 0x0000, 0x0000,
    0x0000, 0x0000, 0x0000, 0x0000, 0x0000, 0x0000, 0x0000, 0x0000, 0x0000, 0x0820, 0x3103, 0x5184,
    0x5183, 0x5163, 0x61A4, 0x6183, 0x69A4, 0x71E4, 0x7A05, 0x8A25, 0x8A25, 0x8225, 0x8A46, 0x8A25,
    0x71C4, 0x71C4, 0x69A4, 0x5122, 0x4922, 0x40E2, 0x30A1, 0x2860, 0x2860, 0x2040, 0x1840, 0x2040,
    0x2861, 0x38A1, 0x4902, 0x5943, 0x6163, 0x6163, 0x6964, 0x7184, 0x7984, 0x79A4, 0x81A5, 0x81C5,
    0x89E5, 0x9A26, 0x9206, 0x91E6, 0x89C5, 0x91E5, 0xA247, 0x9A06, 0x9A26, 0x9A26, 0x9A06, 0xA267,
    0xB2C9, 0xC32A, 0xD3AC, 0xCB4B, 0xC30A, 0xC30A, 0xD36B, 0xD36B, 0xC30A, 0xD36B, 0xD3AC, 0xDBED,
    0xCB6B, 0xC30A, 0xB2C9, 0xB2C9, 0xA268, 0x9226, 0x79A5, 0x5902, 0x48C1, 0x50E2, 0x6943, 0x79A4,
    0x89E6, 0xAAA8, 0xBB09, 0xB309, 0xBB2A, 0xBB4A, 0xBB4A, 0xC38B, 0xC3AC, 0xCBAC, 0xC3AC, 0xC38B,
    0xD3CC, 0xDBED, 0xD3ED, 0xCBCC, 0xCBCC, 0xBB8B, 0xB36A, 0xBBAB, 0xC3CC, 0xBBAC, 0xCBEC, 0x82A8,
    0x1061, 0x0000, 0x0820, 0x0000, 0x0000, 0x0000, 0x0000, 0x0000, 0x0000, 0x0000, 0x0000, 0x0000,
    0x0000, 0x0000, 0x0000, 0x0000, 0x0000, 0x0000, 0x0000, 0x0000, 0x0000, 0x0000, 0x0000, 0x0000,
    0x0000, 0x0000, 0x0000, 0x0000, 0x0000, 0x0000, 0x0000, 0x0000, 0x0000, 0x0000, 0x0000, 0x0000,
    0x0000, 0x0000, 0x0000, 0x0000, 0x0000, 0x0000, 0x0000, 0x0000, 0x0000, 0x0000, 0x0000, 0x0000,
    0x0000, 0x0000, 0x0000, 0x0000, 0x0000, 0x0000, 0x0000, 0x0000, 0x0000, 0x0000, 0x0000, 0x0000,
    0x0000, 0x0000, 0x0000, 0x0000, 0x0000, 0x0000, 0x0000, 0x0000, 0x0000, 0x0000, 0x0000, 0x0000,
    0x0000, 0x0000, 0x0000, 0x0000, 0x0000, 0x0000, 0x0000, 0x0000, 0x0000, 0x0000, 0x0000, 0x0000,
    0x0000, 0x0000, 0x0000, 0x0000, 0x0000, 0x0000, 0x0000, 0x0000, 0x0000, 0x0000, 0x0000, 0x0000,
    0x0000, 0x0000, 0x0000, 0x0000, 0x0000, 0x0820, 0x28E2, 0x51A4, 0x5184, 0x5163, 0x61C4, 0x69C4,
    0x69A4, 0x79E4, 0x71C4, 0x79E4, 0x8A25, 0x8A46, 0x9266, 0x9266, 0x7A05, 0x79E4, 0x71C4, 0x6183,
    0x6163, 0x5943, 0x4902, 0x48E2, 0x40E2, 0x40E2, 0x4902, 0x5123, 0x5943, 0x5943, 0x6163, 0x6984,
    0x7184, 0x71A4, 0x79A4, 0x71A4, 0x79C5, 0x81C5, 0x89C5, 0x9206, 0x9206, 0x9A26, 0xA287, 0xA267,
    0xA267, 0xAA88, 0xAA67, 0xA247, 0xAAA8, 0xAA88, 0xB2C9, 0xC34B, 0xC30A, 0xBB0A, 0xD3CD, 0xCB6B,
    0xCB6B, 0xCB2A, 0xC30A, 0xC32A, 0xD3AC, 0xD38C, 0xD3AC, 0xCB6B, 0xCB6B, 0xD38C, 0xD38C, 0xCB6B,
    0xC34A, 0xBB2A, 0xB2A8, 0x9A47, 0x81E5, 0x81C5, 0x9226, 0x9226, 0xA267, 0xBB0A, 0xB2E9, 0xB2E9,
    0xB2E9, 0xBB4A, 0xD40D, 0xD3ED, 0xD40D, 0xD40D, 0xCBAC, 0xC36B, 0xD3CC, 0xDC0D, 0xD40D, 0xCBEC,
    0xC3CC, 0xC3CC, 0xC3CC, 0xBBAB, 0xC3CC, 0xC3EC, 0xCBED, 0x6A47, 0x0820, 0x0000, 0x0800, 0x0000,
    0x0000, 0x0000, 0x0000, 0x0000, 0x0000, 0x0000, 0x0000, 0x0000, 0x0000, 0x0000, 0x0000, 0x0000,
    0x0000, 0x0000, 0x0000, 0x0000, 0x0000, 0x0000, 0x0000, 0x0000, 0x0000, 0x0000, 0x0000, 0x0000,
    0x0000, 0x0000, 0x0000, 0x0000, 0x0000, 0x0000, 0x0000, 0x0000, 0x0000, 0x0000, 0x0000, 0x0000,
    0x0000, 0x0000, 0x0000, 0x0000, 0x0000, 0x0000, 0x0000, 0x0000, 0x0000, 0x0000, 0x0000, 0x0000,
    0x0000, 0x0000, 0x0000, 0x0000, 0x0000, 0x0000, 0x0000, 0x0000, 0x0000, 0x0000, 0x0000, 0x0000,
    0x0000, 0x0000, 0x0000, 0x0000, 0x0000, 0x0000, 0x0000, 0x0000, 0x0000, 0x0000, 0x0000, 0x0000,
    0x0000, 0x0000, 0x0000, 0x0000, 0x0000, 0x0000, 0x0000, 0x0000, 0x0000, 0x0000, 0x0000, 0x0000,
    0x0000, 0x0000, 0x0000, 0x0000, 0x0000, 0x0000, 0x0000, 0x0000, 0x0000, 0x0000, 0x0000, 0x0000,
    0x0000, 0x0000, 0x2081, 0x5184, 0x4943, 0x4943, 0x5163, 0x69A4, 0x69C4, 0x79E5, 0x8205, 0x79E5,
    0x79E4, 0x79E5, 0x8A46, 0x9266, 0x8A25, 0x8205, 0x79E4, 0x71A4, 0x71A4, 0x6983, 0x6183, 0x6163,
    0x5943, 0x5122, 0x5943, 0x6984, 0x6984, 0x6984, 0x6984, 0x71A4, 0x71C5, 0x79C5, 0x79C4, 0x79A4,
    0x79C5, 0x81C5, 0x89C5, 0x9226, 0x9A47, 0xA267, 0xB2A8, 0xAAA8, 0xB2E9, 0xB2C8, 0xAAA8, 0xAA87,
    0xBB2A, 0xB2A8, 0xC34A, 0xD3AC, 0xBB2A, 0xB2A8, 0xD3AC, 0xC32A, 0xC32A, 0xC32A, 0xC2E9, 0xC30A,
    0xD38C, 0xDBED, 0xE40E, 0xE42E, 0xDBCC, 0xD3AC, 0xD38C, 0xD3AC, 0xCB6B, 0xCB4A, 0xC34A, 0xC32A,
    0xA267, 0x9A26, 0x9A67, 0xA267, 0xAA88, 0xAAA8, 0xB2C9, 0xB2E9, 0xAAC8, 0xBB4A, 0xD40D, 0xDC0D,
    0xD3CC, 0xD3CC, 0xCBAC, 0xC36B, 0xCBAB, 0xCBCC, 0xC3AB, 0xBBAB, 0xB38B, 0xB36A, 0xC3CC, 0xBBAB,
    0xB36A, 0xBBAB, 0xCC0D, 0x51A5, 0x0000, 0x0820, 0x0000, 0x0000, 0x0000, 0x0000, 0x0000, 0x0000,
    0x0000, 0x0000, 0x0000, 0x0000, 0x0000, 0x0000, 0x0000, 0x0000, 0x0000, 0x0000, 0x0000, 0x0000,
    0x0000, 0x0000, 0x0000, 0x0000, 0x0000, 0x0000, 0x0000, 0x0000, 0x0000, 0x0000, 0x0000, 0x0000,
    0x0000, 0x0000, 0x0000, 0x0000, 0x0000, 0x0000, 0x0000, 0x0000, 0x0000, 0x0000, 0x0000, 0x0000,
    0x0000, 0x0000, 0x0000, 0x0000, 0x0000, 0x0000, 0x0000, 0x0000, 0x0000, 0x0000, 0x0000, 0x0000,
    0x0000, 0x0000, 0x0000, 0x0000, 0x0000, 0x0000, 0x0000, 0x0000, 0x0000, 0x0000, 0x0000, 0x0000,
    0x0000, 0x0000, 0x0000, 0x0000, 0x0000, 0x0000, 0x0000, 0x0000, 0x0000, 0x0000, 0x0000, 0x0000,
    0x0000, 0x0000, 0x0000, 0x0000, 0x0000, 0x0000, 0x0000, 0x0000, 0x0000, 0x0000, 0x0000, 0x0000,
    0x0000, 0x0000, 0x0000, 0x0000, 0x0000, 0x0000, 0x0000, 0x0000, 0x0000, 0x0000, 0x1040, 0x3923,
    0x4143, 0x4143, 0x5163, 0x61A4, 0x69C4, 0x7A05, 0x8225, 0x8205, 0x79C4, 0x79E5, 0x8A25, 0x8A25,
    0x9246, 0x8A46, 0x8A25, 0x8A25, 0x8205, 0x79E5, 0x71C4, 0x71A4, 0x6983, 0x6983, 0x79C4, 0x71C4,
    0x71A4, 0x8205, 0x71C4, 0x71C4, 0x8205, 0x81E5, 0x79C5, 0x79C5, 0x81C5, 0x81E5, 0x89E5, 0x89E5,
    0x9A47, 0xA287, 0xA287, 0xA287, 0xAAA8, 0xAAA8, 0xAAA8, 0xAA88, 0xBB09, 0xB2E9, 0xBB2A, 0xC38B,
    0xBB2A, 0xB2C9, 0xC34B, 0xC32A, 0xCB6B, 0xD3AC, 0xD3AC, 0xE42E, 0xDC0D, 0xE42E, 0xE42E, 0xE42E,
    0xE40E, 0xE3ED, 0xD36B, 0xC32A, 0xC32A, 0xCB6B, 0xCB8B, 0xC36B, 0xBB2A, 0xA288, 0xA267, 0xAAA8,
    0xAAA8, 0xB2A8, 0xC34A, 0xCB6B, 0xC36B, 0xC34A, 0xBB2A, 0xC36B, 0xCBAB, 0xD3AC, 0xD38C, 0xCB8B,
    0xD3CC, 0xCBAC, 0xBB6A, 0xC3AB, 0xBB8B, 0xB36A, 0xBBCC, 0xC3CC, 0xB36A, 0xBBAB, 0xBBCC, 0x4985,
    0x0000, 0x0820, 0x0000, 0x0000, 0x0000, 0x0000, 0x0000, 0x0000, 0x0000, 0x0000, 0x0000, 0x0000,
    0x0000, 0x0000, 0x0000, 0x0000, 0x0000, 0x0000, 0x0000, 0x0000, 0x0000, 0x0000, 0x0000, 0x0000,
    0x0000, 0x0000, 0x0000, 0x0000, 0x0000, 0x0000, 0x0000, 0x0000, 0x0000, 0x0000, 0x0000, 0x0000,
    0x0000, 0x0000, 0x0000, 0x0000, 0x0000, 0x0000, 0x0000, 0x0000, 0x0000, 0x0000, 0x0000, 0x0000,
    0x0000, 0x0000, 0x0000, 0x0000, 0x0000, 0x0000, 0x0000, 0x0000, 0x0000, 0x0000, 0x0000, 0x0000,
    0x0000, 0x0000, 0x0000, 0x0000, 0x0000, 0x0000, 0x0000, 0x0000, 0x0000, 0x0000, 0x0000, 0x0000,
    0x0000, 0x0000, 0x0000, 0x0000, 0x0000, 0x0000, 0x0000, 0x0000, 0x0000, 0x0000, 0x0000, 0x0000,
    0x0000, 0x0000, 0x0000, 0x0000, 0x0000, 0x0000, 0x0000, 0x0000, 0x0000, 0x0000, 0x0000, 0x0000,
    0x0000, 0x0000, 0x0000, 0x0000, 0x0000, 0x0000, 0x0800, 0x28E2, 0x4963, 0x4963, 0x4943, 0x61A4,
    0x69C4, 0x71C4, 0x8205, 0x8205, 0x71C4, 0x8225, 0x8205, 0x8A46, 0x9266, 0x9246, 0x8A46, 0x8A25,
    0x8205, 0x79C4, 0x79E4, 0x79E4, 0x71A4, 0x79E4, 0x79E5, 0x79E4, 0x79E4, 0x8205, 0x79E5, 0x79E5,
    0x8205, 0x81E5, 0x79E5, 0x81E5, 0x81E5, 0x81C5, 0x81E5, 0x89E5, 0x89E5, 0x89E5, 0x8A06, 0x9226,
    0x8A26, 0x8A26, 0x9246, 0x9A67, 0xA2A8, 0xAAC8, 0xA2A8, 0xAAE9, 0xAAC9, 0xA2A8, 0xA288, 0xB2E9,
    0xCB6B, 0xC36B, 0xC34B, 0xD3AC, 0xD3ED, 0xCB8B, 0xCBAC, 0xDC0D, 0xE42E, 0xE3ED, 0xCB6B, 0xC32A,
    0xC30A, 0xCB4B, 0xD3AC, 0xCB8B, 0xD3AC, 0xBB0A, 0xBB2A, 0xBB09, 0xBB0A, 0xBAE9, 0xCB4A, 0xD38B,
    0xD3AC, 0xCB8B, 0xBB2A, 0xB2E9, 0xC36B, 0xDBED, 0xCB8B, 0xCB6B, 0xD3AC, 0xC38B, 0xBB6A, 0xBB8B,
    0xB36A, 0xB38B, 0xBB8B, 0xBBAB, 0xB38B, 0xC3EC, 0xAB6B, 0x28E2, 0x0000, 0x0820, 0x0000, 0x0000,
    0x0000, 0x0000, 0x0000, 0x0000, 0x0000, 0x0000, 0x0000, 0x0000, 0x0000, 0x0000, 0x0000, 0x0000,
    0x0000, 0x0000, 0x0000, 0x0000, 0x0000, 0x0000, 0x0000, 0x0000, 0x0000, 0x0000, 0x0000, 0x0000,
    0x0000, 0x0000, 0x0000, 0x0000, 0x0000, 0x0000, 0x0000, 0x0000, 0x0000, 0x0000, 0x0000, 0x0000,
    0x0000, 0x0000, 0x0000, 0x0000, 0x0000, 0x0000, 0x0000, 0x0000, 0x0000, 0x0000, 0x0000, 0x0000,
    0x0000, 0x0000, 0x0000, 0x0000, 0x0000, 0x0000, 0x0000, 0x0000, 0x0000, 0x0000, 0x0000, 0x0000,
    0x0000, 0x0000, 0x0000, 0x0000, 0x0000, 0x0000, 0x0000, 0x0000, 0x0000, 0x0000, 0x0000, 0x0000,
    0x0000, 0x0000, 0x0000, 0x0000, 0x0000, 0x0000, 0x0000, 0x0000, 0x0000, 0x0000, 0x0000, 0x0000,
    0x0000, 0x0000, 0x0000, 0x0000, 0x0000, 0x0000, 0x0000, 0x0000, 0x0000, 0x0000, 0x0000, 0x0000,
    0x0000, 0x0000, 0x0000, 0x28C2, 0x4143, 0x4943, 0x4943, 0x61A4, 0x61A4, 0x5983, 0x69A4, 0x71C4,
    0x71A4, 0x81E5, 0x8A25, 0x9246, 0x9A87, 0x8A46, 0x8205, 0x8A25, 0x8205, 0x8A25, 0x9246, 0x8A25,
    0x8205, 0x8A25, 0x8205, 0x79E5, 0x79E4, 0x79E5, 0x79E4, 0x79C4, 0x71C4, 0x71C4, 0x79C4, 0x79C5,
    0x79C5, 0x79C5, 0x8A06, 0x9246, 0x8A26, 0x81E5, 0x79C5, 0x79C5, 0x79C5, 0x81E5, 0x8A06, 0x8A06,
    0x8A26, 0x9246, 0x9247, 0x9A88, 0x9A67, 0x9A67, 0x9A67, 0xAAA8, 0xB2E9, 0xBB2A, 0xC32A, 0xBB2A,
    0xC34B, 0xCB6B, 0xCB8C, 0xDBED, 0xD3CC, 0xCB8B, 0xCB4B, 0xC34A, 0xC32A, 0xCB8C, 0xDBED, 0xCB8C,
    0xC34A, 0xCB8C, 0xDBED, 0xDBCC, 0xD3CC, 0xCB6B, 0xC32A, 0xC32A, 0xC34A, 0xCB8B, 0xCBAB, 0xC34A,
    0xC36B, 0xDBCC, 0xCB6B, 0xCB6B, 0xCB6B, 0xC38B, 0xBBAB, 0xB38B, 0xB36B, 0xB38B, 0xC3CC, 0xBBAB,
    0xBBAB, 0xCC0C, 0x8AC9, 0x0840, 0x0000, 0x0800, 0x0000, 0x0000, 0x0000, 0x0000, 0x0000, 0x0000,
    0x0000, 0x0000, 0x0000, 0x0000, 0x0000, 0x0000, 0x0000, 0x0000, 0x0000, 0x0000, 0x0000, 0x0000,
    0x0000, 0x0000, 0x0000, 0x0000, 0x0000, 0x0000, 0x0000, 0x0000, 0x0000, 0x0000, 0x0000, 0x0000,
    0x0000, 0x0000, 0x0000, 0x0000, 0x0000, 0x0000, 0x0000, 0x0000, 0x0000, 0x0000, 0x0000, 0x0000,
    0x0000, 0x0000, 0x0000, 0x0000, 0x0000, 0x0000, 0x0000, 0x0000, 0x0000, 0x0000, 0x0000, 0x0000,
    0x0000, 0x0000, 0x0000, 0x0000, 0x0000, 0x0000, 0x0000, 0x0000, 0x0000, 0x0000, 0x0000, 0x0000,
    0x0000, 0x0000, 0x0000, 0x0000, 0x0000, 0x0000, 0x0000, 0x0000, 0x0000, 0x0000, 0x0000, 0x0000,
    0x0000, 0x0000, 0x0000, 0x0000, 0x0000, 0x0000, 0x0000, 0x0000, 0x0000, 0x0000, 0x0000, 0x0000,
    0x0000, 0x0000, 0x0000, 0x0000, 0x0000, 0x0000, 0x0000, 0x0000, 0x0000, 0x0800, 0x0000, 0x2081,
    0x4143, 0x4123, 0x4943, 0x5163, 0x5983, 0x5143, 0x61A4, 0x8205, 0x8A46, 0x8225, 0x8A25, 0x9246,
    0x9246, 0x8A46, 0x8A25, 0x8A25, 0x8205, 0x8225, 0x8A25, 0x8A05, 0x8205, 0x8205, 0x8205, 0x79E5,
    0x79E4, 0x79C4, 0x79C4, 0x79C4, 0x79C4, 0x71C4, 0x79C4, 0x79C5, 0x71A4, 0x81E5, 0x8A26, 0x8A46,
    0x8A46, 0x8206, 0x71C5, 0x79C5, 0x79C5, 0x79C5, 0x8206, 0x8A26, 0x8A26, 0x9246, 0x9247, 0x9A87,
    0xA288, 0xA2A8, 0xA288, 0xA2A8, 0xAAC8, 0xB2E9, 0xBB2A, 0xC34A, 0xC34A, 0xC34A, 0xCBAC, 0xD3AC,
    0xCB6B, 0xCB8B, 0xCB8B, 0xD3AC, 0xDBED, 0xDC2E, 0xDC0D, 0xD3CC, 0xDBED, 0xE40D, 0xE40D, 0xE3ED,
    0xE3ED, 0xE40D, 0xD3AC, 0xCB8B, 0xCBAC, 0xC38B, 0xC38B, 0xCBCC, 0xD3CC, 0xD3CC, 0xC36B, 0xCB8C,
    0xD3ED, 0xCBCC, 0xC3AB, 0xB38B, 0xB36A, 0xBBAB, 0xC3EC, 0xB36A, 0xBB8B, 0xCC0D, 0x6A27, 0x0000,
    0x0820, 0x0000, 0x0000, 0x0000, 0x0000, 0x0000, 0x0000, 0x0000, 0x0000, 0x0000, 0x0000, 0x0000,
    0x0000, 0x0000, 0x0000, 0x0000, 0x0000, 0x0000, 0x0000, 0x0000, 0x0000, 0x0000, 0x0000, 0x0000,
    0x0000, 0x0000, 0x0000, 0x0000, 0x0000, 0x0000, 0x0000, 0x0000, 0x0000, 0x0000, 0x0000, 0x0000,
    0x0000, 0x0000, 0x0000, 0x0000, 0x0000, 0x0000, 0x0000, 0x0000, 0x0000, 0x0000, 0x0000, 0x0000,
    0x0000, 0x0000, 0x0000, 0x0000, 0x0000, 0x0000, 0x0000, 0x0000, 0x0000, 0x0000, 0x0000, 0x0000,
    0x0000, 0x0000, 0x0000, 0x0000, 0x0000, 0x0000, 0x0000, 0x0000, 0x0000, 0x0000, 0x0000, 0x0000,
    0x0000, 0x0000, 0x0000, 0x0000, 0x0000, 0x0000, 0x0000, 0x0000, 0x0000, 0x0000, 0x0000, 0x0000,
    0x0000, 0x0000, 0x0000, 0x0000, 0x0000, 0x0000, 0x0000, 0x0000, 0x0000, 0x0000, 0x0000, 0x0000,
    0x0000, 0x0000, 0x0000, 0x0000, 0x0000, 0x0000, 0x0000, 0x0840, 0x3103, 0x4123, 0x4943, 0x5163,
    0x61A4, 0x6183, 0x6183, 0x7A05, 0x8205, 0x8225, 0x79C4, 0x79C4, 0x8A25, 0x9266, 0x8A46, 0x8A45,
    0x7A05, 0x8205, 0x8A46, 0x8205, 0x81E5, 0x81E5, 0x8205, 0x81E5, 0x79E5, 0x79E4, 0x79E4, 0x79E4,
    0x71C4, 0x79C4, 0x71A4, 0x69A4, 0x71C5, 0x79E5, 0x8A46, 0x8A67, 0x9287, 0x8A47, 0x79E5, 0x71C5,
    0x71C5, 0x71C5, 0x81E5, 0x9267, 0x9267, 0x8A26, 0x8A26, 0x9247, 0x9A67, 0xA288, 0xA2A8, 0xA2A8,
    0xAAC8, 0xB2C9, 0xBB0A, 0xBB2A, 0xBB2A, 0xCB8B, 0xCBAC, 0xD3AC, 0xCB8B, 0xCB8C, 0xD3CC, 0xDC4E,
    0xDC2E, 0xC36B, 0xCBCC, 0xCBAB, 0xD3CC, 0xE40D, 0xE40E, 0xE3ED, 0xE3ED, 0xE40D, 0xE40D, 0xE40D,
    0xDC0D, 0xCBAC, 0xCB8B, 0xD3EC, 0xC38B, 0xBB4A, 0xBB2A, 0xCBAB, 0xD40D, 0xCBED, 0xBB8B, 0xB38B,
    0xB38B, 0xC3EC, 0xBBAB, 0xAB29, 0xB36A, 0xB38B, 0x3103, 0x0000, 0x0820, 0x0000, 0x0000, 0x0000,
    0x0000, 0x0000, 0x0000, 0x0000, 0x0000, 0x0000, 0x0000, 0x0000, 0x0000, 0x0000, 0x0000, 0x0000,
    0x0000, 0x0000, 0x0000, 0x0000, 0x0000, 0x0000, 0x0000, 0x0000, 0x0000, 0x0000, 0x0000, 0x0000,
    0x0000, 0x0000, 0x0000, 0x0000, 0x0000, 0x0000, 0x0000, 0x0000, 0x0000, 0x0000, 0x0000, 0x0000,
    0x0000, 0x0000, 0x0000, 0x0000, 0x0000, 0x0000, 0x0000, 0x0000, 0x0000, 0x0000, 0x0000, 0x0000,
    0x0000, 0x0000, 0x0000, 0x0000, 0x0000, 0x0000, 0x0000, 0x0000, 0x0000, 0x0000, 0x0000, 0x0000,
    0x0000, 0x0000, 0x0000, 0x0000, 0x0000, 0x0000, 0x0000, 0x0000, 0x0000, 0x0000, 0x0000, 0x0000,
    0x0000, 0x0000, 0x0000, 0x0000, 0x0000, 0x0000, 0x0000, 0x0000, 0x0000, 0x0000, 0x0000, 0x0000,
    0x0000, 0x0000, 0x0000, 0x0000, 0x0000, 0x0000, 0x0000, 0x0000, 0x0000, 0x0000, 0x0000, 0x0000,
    0x0000, 0x0000, 0x0000, 0x0000, 0x28C2, 0x4963, 0x4943, 0x5163, 0x5143, 0x5163, 0x5963, 0x69A4,
    0x69A4, 0x7A05, 0x79E5, 0x79E4, 0x79E5, 0x8205, 0x8205, 0x8225, 0x7A05, 0x8205, 0x8A25, 0x8A25,
    0x8205, 0x8205, 0x8A25, 0x8205, 0x79E5, 0x79E5, 0x79E4, 0x71C4, 0x71A4, 0x71C4, 0x71A4, 0x69A4,
    0x71C5, 0x71C5, 0x79C5, 0x7A05, 0x8A46, 0x9287, 0x8A67, 0x8A67, 0x8226, 0x79E5, 0x79C5, 0x8A47,
    0x9A87, 0x8A26, 0x8206, 0x8A26, 0x8A26, 0x9226, 0x9A88, 0xA288, 0xAAA8, 0xAAA8, 0xA2A8, 0xAAC9,
    0xB309, 0xBB2A, 0xC36B, 0xCB8B, 0xD3AC, 0xCB8C, 0xCBAC, 0xDC4E, 0xDC2D, 0xBB2A, 0xD40D, 0xD3ED,
    0xD3CC, 0xDBED, 0xE40D, 0xE40D, 0xDBED, 0xE40D, 0xD3AC, 0xCBAC, 0xCB8B, 0xC36B, 0xC36B, 0xC38B,
    0xBB6A, 0xBB4A, 0xC36B, 0xCB8B, 0xC3AB, 0xC38B, 0xB34A, 0xAB4A, 0xBBAB, 0xC3EC, 0xBB8B, 0xAB4A,
    0xC3AC, 0xAB6B, 0x1881, 0x0000, 0x0820, 0x0000, 0x0000, 0x0000, 0x0000, 0x0000, 0x0000, 0x0000,
    0x0000, 0x0000, 0x0000, 0x0000, 0x0000, 0x0000, 0x0000, 0x0000, 0x0000, 0x0000, 0x0000, 0x0000,
    0x0000, 0x0000, 0x0000, 0x0000, 0x0000, 0x0000, 0x0000, 0x0000, 0x0000, 0x0000, 0x0000, 0x0000,
    0x0000, 0x0000, 0x0000, 0x0000, 0x0000, 0x0000, 0x0000, 0x0000, 0x0000, 0x0000, 0x0000, 0x0000,
    0x0000, 0x0000, 0x0000, 0x0000, 0x0000, 0x0000, 0x0000, 0x0000, 0x0000, 0x0000, 0x0000, 0x0000,
    0x0000, 0x0000, 0x0000, 0x0000, 0x0000, 0x0000, 0x0000, 0x0000, 0x0000, 0x0000, 0x0000, 0x0000,
    0x0000, 0x0000, 0x0000, 0x0000, 0x0000, 0x0000, 0x0000, 0x0000, 0x0000, 0x0000, 0x0000, 0x0000,
    0x0000, 0x0000, 0x0000, 0x0000, 0x0000, 0x0000, 0x0000, 0x0000, 0x0000, 0x0000, 0x0000, 0x0000,
    0x0000, 0x0000, 0x0000, 0x0000, 0x0000, 0x0000, 0x0000, 0x0000, 0x0000, 0x0000, 0x0800, 0x0000,
    0x1861, 0x4143, 0x4943, 0x5183, 0x5163, 0x5983, 0x5983, 0x69A4, 0x69A4, 0x7A05, 0x8225, 0x8225,
    0x79E4, 0x71C4, 0x71C4, 0x71C4, 0x71C4, 0x79E4, 0x8205, 0x8A25, 0x8A25, 0x8A25, 0x8A25, 0x81E4,
    0x79E4, 0x79E4, 0x79C4, 0x71A4, 0x71A4, 0x71C4, 0x71C5, 0x71C5, 0x79E5, 0x8206, 0x8226, 0x8206,
    0x7A06, 0x8A67, 0x9288, 0x9288, 0x9267, 0x8A26, 0x79E5, 0x8226, 0x9267, 0x8A26, 0x9247, 0x9267,
    0x9247, 0x8A26, 0x9247, 0x9247, 0xAAA8, 0xAAC9, 0xAAC8, 0xAAC9, 0xAAE9, 0xAAE9, 0xBB2A, 0xC36B,
    0xC36B, 0xC34B, 0xCBCC, 0xDC2E, 0xE44E, 0xDC0D, 0xDC0D, 0xCBCC, 0xD3CC, 0xDBED, 0xDBED, 0xDBED,
    0xDBCD, 0xDBCC, 0xC34A, 0xBB2A, 0xCB8B, 0xC36B, 0xC36A, 0xBB6B, 0xC36B, 0xC38B, 0xC38B, 0xC38B,
    0xBB6A, 0xB36A, 0xAB4A, 0xB36B, 0xBBAC, 0xBBAB, 0xB36A, 0xBBAB, 0xBBAB, 0x6A27, 0x0820, 0x0000,
    0x0000, 0x0000, 0x0000, 0x0000, 0x0000, 0x0000, 0x0000, 0x0000, 0x0000, 0x0000, 0x0000, 0x0000,
    0x0000, 0x0000, 0x0000, 0x0000, 0x0000, 0x0000, 0x0000, 0x0000, 0x0000, 0x0000, 0x0000, 0x0000,
    0x0000, 0x0000, 0x0000, 0x0000, 0x0000, 0x0000, 0x0000, 0x0000, 0x0000, 0x0000, 0x0000, 0x0000,
    0x0000, 0x0000, 0x0000, 0x0000, 0x0000, 0x0000, 0x0000, 0x0000, 0x0000, 0x0000, 0x0000, 0x0000,
    0x0000, 0x0000, 0x0000, 0x0000, 0x0000, 0x0000, 0x0000, 0x0000, 0x0000, 0x0000, 0x0000, 0x0000,
    0x0000, 0x0000, 0x0000, 0x0000, 0x0000, 0x0000, 0x0000, 0x0000, 0x0000, 0x0000, 0x0000, 0x0000,
    0x0000, 0x0000, 0x0000, 0x0000, 0x0000, 0x0000, 0x0000, 0x0000, 0x0000, 0x0000, 0x0000, 0x0000,
    0x0000, 0x0000, 0x0000, 0x0000, 0x0000, 0x0000, 0x0000, 0x0000, 0x0000, 0x0000, 0x0000, 0x0000,
    0x0000, 0x0000, 0x0000, 0x0000, 0x0000, 0x0000, 0x0000, 0x0000, 0x0820, 0x28E2, 0x3902, 0x4122,
    0x5163, 0x5983, 0x61C4, 0x69C4, 0x69A4, 0x71E4, 0x79E5, 0x79E4, 0x71C4, 0x71C4, 0x79E5, 0x7A05,
    0x71E4, 0x79E4, 0x8205, 0x8A25, 0x8A25, 0x8225, 0x79E4, 0x79C4, 0x71C4, 0x71C4, 0x71C4, 0x71C4,
    0x69A4, 0x71C4, 0x79E5, 0x79E5, 0x8246, 0x9267, 0x8A46, 0x8226, 0x8206, 0x8A47, 0x9267, 0x9267,
    0x9A88, 0x9267, 0x8206, 0x8A26, 0x8A26, 0x8A26, 0x9267, 0x9267, 0x9247, 0x8A26, 0x8A06, 0x8A26,
    0xA2C8, 0xAAE9, 0xA288, 0x9A87, 0xA288, 0xA2A8, 0xBB2A, 0xBB4A, 0xBB2A, 0xBB0A, 0xC34A, 0xC36B,
    0xD3CC, 0xDC0D, 0xD3CC, 0xC36B, 0xCBAC, 0xD3AC, 0xDBED, 0xDBED, 0xCB6B, 0xC34A, 0xC36B, 0xC36B,
    0xCBAC, 0xCB8B, 0xC36B, 0xBB4A, 0xC3AB, 0xC38B, 0xBB6A, 0xC36B, 0xB34A, 0xB34A, 0xB36B, 0xBBAC,
    0xCBED, 0xCBEC, 0xBB6B, 0xC3AB, 0xA32A, 0x1061, 0x0000, 0x0800, 0x0000, 0x0000, 0x0000, 0x0000,
    0x0000, 0x0000, 0x0000, 0x0000, 0x0000, 0x0000, 0x0000, 0x0000, 0x0000, 0x0000, 0x0000, 0x0000,
    0x0000, 0x0000, 0x0000, 0x0000, 0x0000, 0x0000, 0x0000, 0x0000, 0x0000, 0x0000, 0x0000, 0x0000,
    0x0000, 0x0000, 0x0000, 0x0000, 0x0000, 0x0000, 0x0000, 0x0000, 0x0000, 0x0000, 0x0000, 0x0000,
    0x0000, 0x0000, 0x0000, 0x0000, 0x0000, 0x0000, 0x0000, 0x0000, 0x0000, 0x0000, 0x0000, 0x0000,
    0x0000, 0x0000, 0x0000, 0x0000, 0x0000, 0x0000, 0x0000, 0x0000, 0x0000, 0x0000, 0x0000, 0x0000,
    0x0000, 0x0000, 0x0000, 0x0000, 0x0000, 0x0000, 0x0000, 0x0000, 0x0000, 0x0000, 0x0000, 0x0000,
    0x0000, 0x0000, 0x0000, 0x0000, 0x0000, 0x0000, 0x0000, 0x0000, 0x0000, 0x0000, 0x0000, 0x0000,
    0x0000, 0x0000, 0x0000, 0x0000, 0x0000, 0x0000, 0x0000, 0x0000, 0x0000, 0x0000, 0x0000, 0x0000,
    0x0000, 0x0000, 0x0000, 0x0800, 0x0000, 0x20A1, 0x3902, 0x30E2, 0x4102, 0x4943, 0x5163, 0x6183,
    0x5963, 0x5963, 0x61A4, 0x69A4, 0x69C4, 0x69A4, 0x69A4, 0x69A4, 0x71C4, 0x71A4, 0x71C4, 0x79E4,
    0x71C4, 0x71C4, 0x79C4, 0x79C4, 0x79E4, 0x79E5, 0x79E5, 0x79E5, 0x79E5, 0x7A05, 0x79E5, 0x79E5,
    0x8206, 0x8206, 0x79C5, 0x8206, 0x9267, 0x8A46, 0x8206, 0x8A26, 0x9246, 0x8A26, 0x8206, 0x8A46,
    0x9A67, 0x9267, 0x9247, 0x8A26, 0x8A26, 0x9247, 0x8A06, 0x8A26, 0x9247, 0x9A67, 0x9247, 0x8A26,
    0x9A88, 0xAAC8, 0x9A67, 0xA267, 0xAAA8, 0xAAA8, 0xB2E9, 0xC36B, 0xC36B, 0xC34A, 0xBB2A, 0xC36A,
    0xCBAC, 0xD3CC, 0xD3CC, 0xD3ED, 0xC36B, 0xCB8B, 0xD3CC, 0xD3CC, 0xC3AB, 0xC36B, 0xBB4A, 0xBB4A,
    0xD3ED, 0xCBAC, 0xBB4A, 0xC38B, 0xBB8B, 0xB36B, 0xB34A, 0xAB4A, 0xC3EC, 0xCC0D, 0xBB8B, 0xBB8B,
    0x7A88, 0x0000, 0x0000, 0x0000, 0x0000, 0x0000, 0x0000, 0x0000, 0x0000, 0x0000, 0x0000, 0x0000,
    0x0000, 0x0000, 0x0000, 0x0000, 0x0000, 0x0000, 0x0000, 0x0000, 0x0000, 0x0000, 0x0000, 0x0000,
    0x0000, 0x0000, 0x0000, 0x0000, 0x0000, 0x0000, 0x0000, 0x0000, 0x0000, 0x0000, 0x0000, 0x0000,
    0x0000, 0x0000, 0x0000, 0x0000, 0x0000, 0x0000, 0x0000, 0x0000, 0x0000, 0x0000, 0x0000, 0x0000,
    0x0000, 0x0000, 0x0000, 0x0000, 0x0000, 0x0000, 0x0000, 0x0000, 0x0000, 0x0000, 0x0000, 0x0000,
    0x0000, 0x0000, 0x0000, 0x0000, 0x0000, 0x0000, 0x0000, 0x0000, 0x0000, 0x0000, 0x0000, 0x0000,
    0x0000, 0x0000, 0x0000, 0x0000, 0x0000, 0x0000, 0x0000, 0x0000, 0x0000, 0x0000, 0x0000, 0x0000,
    0x0000, 0x0000, 0x0000, 0x0000, 0x0000, 0x0000, 0x0000, 0x0000, 0x0000, 0x0000, 0x0000, 0x0000,
    0x0000, 0x0000, 0x0000, 0x0000, 0x0000, 0x0000, 0x0000, 0x0000, 0x0000, 0x0000, 0x0000, 0x0000,
    0x0000, 0x1861, 0x30E2, 0x3902, 0x3902, 0x4102, 0x4122, 0x4943, 0x5163, 0x5163, 0x6183, 0x6184,
    0x6183, 0x6183, 0x6183, 0x69A3, 0x69A4, 0x69A4, 0x71C4, 0x71C4, 0x71C4, 0x79E4, 0x8205, 0x8A25,
    0x8205, 0x79E5, 0x79E5, 0x79E5, 0x8205, 0x7A05, 0x79E5, 0x79E5, 0x8206, 0x8A26, 0x8206, 0x8206,
    0x8A06, 0x8A26, 0x8A26, 0x8A26, 0x8A26, 0x9246, 0x8A06, 0x9226, 0xA288, 0x9A88, 0x9A87, 0x9267,
    0x9247, 0x9A88, 0x9A67, 0x9226, 0x9A87, 0xA2C8, 0x9A88, 0x9A67, 0x9A88, 0xA2A8, 0xA2A8, 0xAAA8,
    0xAAC8, 0xAAC8, 0xAAC8, 0xB2E9, 0xB2E9, 0xB2E9, 0xC32A, 0xCB6B, 0xC34A, 0xCBAC, 0xCB6B, 0xC32A,
    0xC32A, 0xD38C, 0xC34A, 0xCBAC, 0xCBAC, 0xBB6B, 0xBB4A, 0xC36B, 0xD3EC, 0xC38B, 0xBB6A, 0xBB6B,
    0xB36A, 0xB36B, 0xAB4A, 0xB36A, 0xBBAC, 0xB38B, 0xAB4A, 0x9309, 0x28C2, 0x0000, 0x0000, 0x0000,
    0x0000, 0x0000, 0x0000, 0x0000, 0x0000, 0x0000, 0x0000, 0x0000, 0x0000, 0x0000, 0x0000, 0x0000,
    0x0000, 0x0000, 0x0000, 0x0000, 0x0000, 0x0000, 0x0000, 0x0000, 0x0000, 0x0000, 0x0000, 0x0000,
    0x0000, 0x0000, 0x0000, 0x0000, 0x0000, 0x0000, 0x0000, 0x0000, 0x0000, 0x0000, 0x0000, 0x0000,
    0x0000, 0x0000, 0x0000, 0x0000, 0x0000, 0x0000, 0x0000, 0x0000, 0x0000, 0x0000, 0x0000, 0x0000,
    0x0000, 0x0000, 0x0000, 0x0000, 0x0000, 0x0000, 0x0000, 0x0000, 0x0000, 0x0000, 0x0000, 0x0000,
    0x0000, 0x0000, 0x0000, 0x0000, 0x0000, 0x0000, 0x0000, 0x0000, 0x0000, 0x0000, 0x0000, 0x0000,
    0x0000, 0x0000, 0x0000, 0x0000, 0x0000, 0x0000, 0x0000, 0x0000, 0x0000, 0x0000, 0x0000, 0x0000,
    0x0000, 0x0000, 0x0000, 0x0000, 0x0000, 0x0000, 0x0000, 0x0000, 0x0000, 0x0000, 0x0000, 0x0000,
    0x0000, 0x0000, 0x0000, 0x0000, 0x0000, 0x0000, 0x0000, 0x0000, 0x0800, 0x0000, 0x1060, 0x3103,
    0x3902, 0x3902, 0x4102, 0x4122, 0x4943, 0x5163, 0x61A4, 0x61A4, 0x5963, 0x5983, 0x69A4, 0x6184,
    0x69A4, 0x69A4, 0x69A4, 0x69A4, 0x69A4, 0x71A4, 0x8205, 0x8205, 0x81E5, 0x7A05, 0x79E5, 0x79E5,
    0x8225, 0x8205, 0x8205, 0x8205, 0x8A26, 0x8A46, 0x8A26, 0x8A06, 0x8A26, 0x9226, 0x9226, 0x8A06,
    0x9226, 0x9226, 0x8A06, 0x8A06, 0x9A67, 0xAAC8, 0xAAC9, 0xA2C8, 0x9A67, 0x9A88, 0xA2A8, 0x9A47,
    0xAAC8, 0xB32A, 0xB32A, 0xAAE9, 0xA2A8, 0x9A67, 0xAAA8, 0xB2E9, 0xB2E9, 0xB2E9, 0xB2E9, 0xB2E9,
    0xB309, 0xB2E9, 0xC32A, 0xC36B, 0xCB8B, 0xCB8B, 0xC34A, 0xBB09, 0xBB09, 0xB2E9, 0xBB2A, 0xBB2A,
    0xB30A, 0xB2E9, 0xBB4A, 0xCBAC, 0xD3CC, 0xC38B, 0xC3AB, 0xC3AC, 0xB34A, 0xAB29, 0xAB2A, 0xB38B,
    0xB36A, 0xAB4A, 0x9B2A, 0x3944, 0x0000, 0x0000, 0x0000, 0x0000, 0x0000, 0x0000, 0x0000, 0x0000,
    0x0000, 0x0000, 0x0000, 0x0000, 0x0000, 0x0000, 0x0000, 0x0000, 0x0000, 0x0000, 0x0000, 0x0000,
    0x0000, 0x0000, 0x0000, 0x0000, 0x0000, 0x0000, 0x0000, 0x0000, 0x0000, 0x0000, 0x0000, 0x0000,
    0x0000, 0x0000, 0x0000, 0x0000, 0x0000, 0x0000, 0x0000, 0x0000, 0x0000, 0x0000, 0x0000, 0x0000,
    0x0000, 0x0000, 0x0000, 0x0000, 0x0000, 0x0000, 0x0000, 0x0000, 0x0000, 0x0000, 0x0000, 0x0000,
    0x0000, 0x0000, 0x0000, 0x0000, 0x0000, 0x0000, 0x0000, 0x0000, 0x0000, 0x0000, 0x0000, 0x0000,
    0x0000, 0x0000, 0x0000, 0x0000, 0x0000, 0x0000, 0x0000, 0x0000, 0x0000, 0x0000, 0x0000, 0x0000,
    0x0000, 0x0000, 0x0000, 0x0000, 0x0000, 0x0000, 0x0000, 0x0000, 0x0000, 0x0000, 0x0000, 0x0000,
    0x0000, 0x0000, 0x0000, 0x0000, 0x0000, 0x0000, 0x0000, 0x0000, 0x0000, 0x0000, 0x0000, 0x0000,
    0x0000, 0x0000, 0x0000, 0x0000, 0x0000, 0x0000, 0x0800, 0x1861, 0x3102, 0x3902, 0x3902, 0x4943,
    0x4943, 0x4942, 0x5143, 0x5163, 0x5143, 0x5963, 0x5983, 0x5963, 0x61A4, 0x6183, 0x6183, 0x6183,
    0x69A4, 0x71C4, 0x79E5, 0x8A25, 0x8205, 0x79E5, 0x71E5, 0x71C4, 0x7A05, 0x79E5, 0x79C5, 0x79E5,
    0x81E5, 0x8A26, 0x8A26, 0x9246, 0x9246, 0x9226, 0x9226, 0x9226, 0x9226, 0x9A47, 0x9A47, 0x9A47,
    0xB2C9, 0xBB2A, 0xBB4A, 0xC38C, 0xB2E9, 0xAAC9, 0xAAC9, 0xA288, 0xA287, 0xB309, 0xB32A, 0xB30A,
    0xB30A, 0xA2A8, 0xB309, 0xC36B, 0xCBAC, 0xCBAB, 0xC38B, 0xAAE9, 0xAAC9, 0xB2E9, 0xB2E9, 0xB2E9,
    0xBB4A, 0xC36B, 0xBB09, 0xB2E9, 0xBB2A, 0xBB2A, 0xBB2A, 0xAAC8, 0xA2A8, 0xAAC8, 0xBB6B, 0xBB4A,
    0xC36B, 0xCB8B, 0xC38B, 0xBB8B, 0xB36B, 0xAB4A, 0xAB4A, 0xB38B, 0xB36B, 0xBBCC, 0x51A5, 0x0000,
    0x0820, 0x0000, 0x0000, 0x0000, 0x0000, 0x0000, 0x0000, 0x0000, 0x0000, 0x0000, 0x0000, 0x0000,
    0x0000, 0x0000, 0x0000, 0x0000, 0x0000, 0x0000, 0x0000, 0x0000, 0x0000, 0x0000, 0x0000, 0x0000,
    0x0000, 0x0000, 0x0000, 0x0000, 0x0000, 0x0000, 0x0000, 0x0000, 0x0000, 0x0000, 0x0000, 0x0000,
    0x0000, 0x0000, 0x0000, 0x0000, 0x0000, 0x0000, 0x0000, 0x0000, 0x0000, 0x0000, 0x0000, 0x0000,
    0x0000, 0x0000, 0x0000, 0x0000, 0x0000, 0x0000, 0x0000, 0x0000, 0x0000, 0x0000, 0x0000, 0x0000,
    0x0000, 0x0000, 0x0000, 0x0000, 0x0000, 0x0000, 0x0000, 0x0000, 0x0000, 0x0000, 0x0000, 0x0000,
    0x0000, 0x0000, 0x0000, 0x0000, 0x0000, 0x0000, 0x0000, 0x0000, 0x0000, 0x0000, 0x0000, 0x0000,
    0x0000, 0x0000, 0x0000, 0x0000, 0x0000, 0x0000, 0x0000, 0x0000, 0x0000, 0x0000, 0x0000, 0x0000,
    0x0000, 0x0000, 0x0000, 0x0000, 0x0000, 0x0000, 0x0000, 0x0000, 0x0000, 0x0000, 0x0000, 0x0000,
    0x0000, 0x0000, 0x0000, 0x0800, 0x20A1, 0x30E2, 0x30E2, 0x3902, 0x4942, 0x4122, 0x4942, 0x5183,
    0x61A4, 0x61A3, 0x5983, 0x5963, 0x61A4, 0x5983, 0x6183, 0x6183, 0x69A4, 0x79E4, 0x8205, 0x8225,
    0x8205, 0x79E5, 0x71C4, 0x79E5, 0x8226, 0x8206, 0x8205, 0x81E5, 0x81E5, 0x8205, 0x8A26, 0x9226,
    0x9226, 0x9226, 0x9A47, 0xA287, 0xA267, 0xAAA8, 0xAAA8, 0xB2A8, 0xBB09, 0xC34A, 0xC34A, 0xC34A,
    0xBB0A, 0xCB8B, 0xD3AC, 0xD3AC, 0xC36B, 0xC34A, 0xAAC8, 0xA288, 0xB30A, 0xBB2A, 0xB30A, 0xBB4A,
    0xC36B, 0xC34B, 0xBB2A, 0xAAC8, 0xA2A8, 0xAAC8, 0xAAC8, 0xA2C8, 0xA2A8, 0xA2A8, 0xAAA8, 0xAAC8,
    0xB2E9, 0xB2E9, 0xAAC8, 0xA287, 0x9A87, 0xA2A8, 0xB309, 0xA2A8, 0xB309, 0xCBAB, 0xC3AB, 0xBB6A,
    0xB36B, 0xB36B, 0xAB4A, 0xB38B, 0xB3AB, 0x930A, 0x20A1, 0x0000, 0x0820, 0x0000, 0x0000, 0x0000,
    0x0000, 0x0000, 0x0000, 0x0000, 0x0000, 0x0000, 0x0000, 0x0000, 0x0000, 0x0000, 0x0000, 0x0000,
    0x0000, 0x0000, 0x0000, 0x0000, 0x0000, 0x0000, 0x0000, 0x0000, 0x0000, 0x0000, 0x0000, 0x0000,
    0x0000, 0x0000, 0x0000, 0x0000, 0x0000, 0x0000, 0x0000, 0x0000, 0x0000, 0x0000, 0x0000, 0x0000,
    0x0000, 0x0000, 0x0000, 0x0000, 0x0000, 0x0000, 0x0000, 0x0000, 0x0000, 0x0000, 0x0000, 0x0000,
    0x0000, 0x0000, 0x0000, 0x0000, 0x0000, 0x0000, 0x0000, 0x0000, 0x0000, 0x0000, 0x0000, 0x0000,
    0x0000, 0x0000, 0x0000, 0x0000, 0x0000, 0x0000, 0x0000, 0x0000, 0x0000, 0x0000, 0x0000, 0x0000,
    0x0000, 0x0000, 0x0000, 0x0000, 0x0000, 0x0000, 0x0000, 0x0000, 0x0000, 0x0000, 0x0000, 0x0000,
    0x0000, 0x0000, 0x0000, 0x0000, 0x0000, 0x0000, 0x0000, 0x0000, 0x0000, 0x0000, 0x0000, 0x0000,
    0x0000, 0x0000, 0x0000, 0x0000, 0x0000, 0x0000, 0x0000, 0x0000, 0x0000, 0x0000, 0x0000, 0x0000,
    0x0820, 0x20A1, 0x28C2, 0x38E2, 0x4943, 0x5983, 0x5163, 0x4943, 0x61A4, 0x61A3, 0x5983, 0x5983,
    0x5163, 0x5963, 0x5983, 0x6183, 0x6163, 0x6984, 0x79E5, 0x6984, 0x69C4, 0x71E5, 0x71C4, 0x7A05,
    0x8A46, 0x9267, 0x8A46, 0x8A05, 0x8A05, 0x8A05, 0x8A05, 0x8A26, 0x9246, 0x9A67, 0xA287, 0xAA87,
    0xAA87, 0xB2E9, 0xBB09, 0xC30A, 0xC30A, 0xC32A, 0xCB4A, 0xCB6B, 0xD3AC, 0xDBCC, 0xDBCC, 0xD3AC,
    0xD38B, 0xCB4A, 0xC34A, 0xB2E9, 0xBB0A, 0xCB8C, 0xCB8C, 0xD3CC, 0xC34B, 0xBB2A, 0xB309, 0xB2E9,
    0xAAA8, 0xAAA8, 0xA2A8, 0xA2A8, 0xA2C8, 0xAAC8, 0xA2A8, 0xA2A8, 0xB2E9, 0xBB4A, 0xAAE9, 0xA288,
    0xA2A8, 0xAAE9, 0xB34A, 0xA2C8, 0xB32A, 0xC3AB, 0xC3AC, 0xBB6B, 0xB36A, 0xB38B, 0xB36B, 0xAB8B,
    0x82A8, 0x1040, 0x0000, 0x0820, 0x0000, 0x0000, 0x0000, 0x0000, 0x0000, 0x0000, 0x0000, 0x0000,
    0x0000, 0x0000, 0x0000, 0x0000, 0x0000, 0x0000, 0x0000, 0x0000, 0x0000, 0x0000, 0x0000, 0x0000,
    0x0000, 0x0000, 0x0000, 0x0000, 0x0000, 0x0000, 0x0000, 0x0000, 0x0000, 0x0000, 0x0000, 0x0000,
    0x0000, 0x0000, 0x0000, 0x0000, 0x0000, 0x0000, 0x0000, 0x0000, 0x0000, 0x0000, 0x0000, 0x0000,
    0x0000, 0x0000, 0x0000, 0x0000, 0x0000, 0x0000, 0x0000, 0x0000, 0x0000, 0x0000, 0x0000, 0x0000,
    0x0000, 0x0000, 0x0000, 0x0000, 0x0000, 0x0000, 0x0000, 0x0000, 0x0000, 0x0000, 0x0000, 0x0000,
    0x0000, 0x0000, 0x0000, 0x0000, 0x0000, 0x0000, 0x0000, 0x0000, 0x0000, 0x0000, 0x0000, 0x0000,
    0x0000, 0x0000, 0x0000, 0x0000, 0x0000, 0x0000, 0x0000, 0x0000, 0x0000, 0x0000, 0x0000, 0x0000,
    0x0000, 0x0000, 0x0000, 0x0000, 0x0000, 0x0000, 0x0000, 0x0000, 0x0000, 0x0000, 0x0000, 0x0000,
    0x0000, 0x0000, 0x0000, 0x0000, 0x0000, 0x0000, 0x0000, 0x0000, 0x0000, 0x0820, 0x1881, 0x28C2,
    0x3902, 0x4963, 0x4943, 0x4122, 0x5983, 0x61A4, 0x5983, 0x5983, 0x4943, 0x5163, 0x5143, 0x5963,
    0x6183, 0x6183, 0x71E4, 0x71E4, 0x71E5, 0x71C4, 0x69C4, 0x79E5, 0x8205, 0x9246, 0x9246, 0x8A26,
    0x8A05, 0x8A06, 0x8A06, 0x9226, 0x9A67, 0xAAC8, 0xB2C9, 0xAAA8, 0xAA87, 0xC34A, 0xC32A, 0xC30A,
    0xC32A, 0xCB4B, 0xCB4B, 0xCB6B, 0xD38B, 0xD38B, 0xD38C, 0xDBAC, 0xDBCC, 0xDBED, 0xD3AC, 0xCB8B,
    0xCB6B, 0xBAE9, 0xBAE9, 0xC32A, 0xC34A, 0xC32A, 0xC34B, 0xCBAC, 0xC34A, 0xAAE9, 0xB309, 0xB32A,
    0xB329, 0xC36B, 0xBB4A, 0xB32A, 0xB309, 0xC38B, 0xAAE9, 0xAAE8, 0xB329, 0xB32A, 0xB34A, 0xB32A,
    0xBB6B, 0xBB8B, 0xC3CC, 0xBBAB, 0xAB29, 0xA329, 0xBBCC, 0x7A88, 0x1061, 0x0000, 0x0820, 0x0000,
    0x0000, 0x0000, 0x0000, 0x0000, 0x0000, 0x0000, 0x0000, 0x0000, 0x0000, 0x0000, 0x0000, 0x0000,
    0x0000, 0x0000, 0x0000, 0x0000, 0x0000, 0x0000, 0x0000, 0x0000, 0x0000, 0x0000, 0x0000, 0x0000,
    0x0000, 0x0000, 0x0000, 0x0000, 0x0000, 0x0000, 0x0000, 0x0000, 0x0000, 0x0000, 0x0000, 0x0000,
    0x0000, 0x0000, 0x0000, 0x0000, 0x0000, 0x0000, 0x0000, 0x0000, 0x0000, 0x0000, 0x0000, 0x0000,
    0x0000, 0x0000, 0x0000, 0x0000, 0x0000, 0x0000, 0x0000, 0x0000, 0x0000, 0x0000, 0x0000, 0x0000,
    0x0000, 0x0000, 0x0000, 0x0000, 0x0000, 0x0000, 0x0000, 0x0000, 0x0000, 0x0000, 0x0000, 0x0000,
    0x0000, 0x0000, 0x0000, 0x0000, 0x0000, 0x0000, 0x0000, 0x0000, 0x0000, 0x0000, 0x0000, 0x0000,
    0x0000, 0x0000, 0x0000, 0x0000, 0x0000, 0x0000, 0x0000, 0x0000, 0x0000, 0x0000, 0x0000, 0x0000,
    0x0000, 0x0000, 0x0000, 0x0000, 0x0000, 0x0000, 0x0000, 0x0000, 0x0000, 0x0000, 0x0000, 0x0000,
    0x0000, 0x0000, 0x0000, 0x0000, 0x0000, 0x0000, 0x0800, 0x20A1, 0x30E2, 0x3902, 0x4122, 0x4943,
    0x4922, 0x5983, 0x61A4, 0x5984, 0x5143, 0x5163, 0x5143, 0x5163, 0x6183, 0x61A4, 0x69A4, 0x69A4,
    0x69A4, 0x69A4, 0x69C4, 0x71C5, 0x8205, 0x8A26, 0x8A26, 0x9226, 0x9226, 0x9226, 0x9246, 0xA287,
    0xAA87, 0xA247, 0xB2C8, 0xB2C8, 0xA247, 0xC34A, 0xC32A, 0xBB09, 0xCB4A, 0xC32A, 0xC32A, 0xD38C,
    0xD38B, 0xD36B, 0xD38B, 0xDBAC, 0xDBAC, 0xD3AC, 0xCB6B, 0xD3AC, 0xDBED, 0xDBCC, 0xDC0D, 0xDBED,
    0xC34A, 0xC34A, 0xD3AC, 0xDBED, 0xD3CC, 0xB2C9, 0xB2E9, 0xB32A, 0xB309, 0xC38B, 0xCBAB, 0xC38B,
    0xBB4A, 0xBB6A, 0xB329, 0xB32A, 0xC3AC, 0xBB6B, 0xB32A, 0xBB6B, 0xBB8B, 0xBB6B, 0xB36A, 0xB34A,
    0xB36B, 0xAB8B, 0x7247, 0x20A1, 0x0000, 0x0820, 0x0000, 0x0000, 0x0000, 0x0000, 0x0000, 0x0000,
    0x0000, 0x0000, 0x0000, 0x0000, 0x0000, 0x0000, 0x0000, 0x0000, 0x0000, 0x0000, 0x0000, 0x0000,
    0x0000, 0x0000, 0x0000, 0x0000, 0x0000, 0x0000, 0x0000, 0x0000, 0x0000, 0x0000, 0x0000, 0x0000,
    0x0000, 0x0000, 0x0000, 0x0000, 0x0000, 0x0000, 0x0000, 0x0000, 0x0000, 0x0000, 0x0000, 0x0000,
    0x0000, 0x0000, 0x0000, 0x0000, 0x0000, 0x0000, 0x0000, 0x0000, 0x0000, 0x0000, 0x0000, 0x0000,
    0x0000, 0x0000, 0x0000, 0x0000, 0x0000, 0x0000, 0x0000, 0x0000, 0x0000, 0x0000, 0x0000, 0x0000,
    0x0000, 0x0000, 0x0000, 0x0000, 0x0000, 0x0000, 0x0000, 0x0000, 0x0000, 0x0000, 0x0000, 0x0000,
    0x0000, 0x0000, 0x0000, 0x0000, 0x0000, 0x0000, 0x0000, 0x0000, 0x0000, 0x0000, 0x0000, 0x0000,
    0x0000, 0x0000, 0x0000, 0x0000, 0x0000, 0x0000, 0x0000, 0x0000, 0x0000, 0x0000, 0x0000, 0x0000,
    0x0000, 0x0000, 0x0000, 0x0000, 0x0000, 0x0000, 0x0000, 0x0000, 0x0000, 0x0000, 0x0000, 0x0000,
    0x0000, 0x0000, 0x0000, 0x0820, 0x20A1, 0x28E2, 0x3902, 0x3902, 0x3902, 0x3902, 0x4922, 0x5183,
    0x4943, 0x5143, 0x5163, 0x5163, 0x5983, 0x71E4, 0x69C4, 0x69A4, 0x69C4, 0x71C4, 0x79E5, 0x8225,
    0x8A26, 0x8A46, 0x8A26, 0x9226, 0x9205, 0x9226, 0x9A46, 0xAA87, 0xAA87, 0xA267, 0xB2A8, 0xAAA8,
    0x9A46, 0xB2C9, 0xBAC8, 0xB2A8, 0xC32A, 0xAA87, 0xB2A8, 0xD3AC, 0xCB6B, 0xD36B, 0xD38B, 0xE3ED,
    0xE3ED, 0xDBED, 0xDC0D, 0xE42E, 0xD3CC, 0xCB6B, 0xDBED, 0xE40E, 0xDBED, 0xCB8B, 0xD3AC, 0xD3CC,
    0xD3AC, 0xC34A, 0xC34A, 0xCBAC, 0xC38B, 0xCB8B, 0xCBAB, 0xCBAC, 0xD3CC, 0xCBAB, 0xBB4A, 0xBB4A,
    0xCBCC, 0xCBCC, 0xBB6B, 0xC38B, 0xBB6A, 0xB34A, 0xAB09, 0xAB6B, 0xAB8B, 0x51A5, 0x0000, 0x0000,
    0x0820, 0x0000, 0x0000, 0x0000, 0x0000, 0x0000, 0x0000, 0x0000, 0x0000, 0x0000, 0x0000, 0x0000,
    0x0000, 0x0000, 0x0000, 0x0000, 0x0000, 0x0000, 0x0000, 0x0000, 0x0000, 0x0000, 0x0000, 0x0000,
    0x0000, 0x0000, 0x0000, 0x0000, 0x0000, 0x0000, 0x0000, 0x0000, 0x0000, 0x0000, 0x0000, 0x0000,
    0x0000, 0x0000, 0x0000, 0x0000, 0x0000, 0x0000, 0x0000, 0x0000, 0x0000, 0x0000, 0x0000, 0x0000,
    0x0000, 0x0000, 0x0000, 0x0000, 0x0000, 0x0000, 0x0000, 0x0000, 0x0000, 0x0000, 0x0000, 0x0000,
    0x0000, 0x0000, 0x0000, 0x0000, 0x0000, 0x0000, 0x0000, 0x0000, 0x0000, 0x0000, 0x0000, 0x0000,
    0x0000, 0x0000, 0x0000, 0x0000, 0x0000, 0x0000, 0x0000, 0x0000, 0x0000, 0x0000, 0x0000, 0x0000,
    0x0000, 0x0000, 0x0000, 0x0000, 0x0000, 0x0000, 0x0000, 0x0000, 0x0000, 0x0000, 0x0000, 0x0000,
    0x0000, 0x0000, 0x0000, 0x0000, 0x0000, 0x0000, 0x0000, 0x0000, 0x0000, 0x0000, 0x0000, 0x0000,
    0x0000, 0x0000, 0x0000, 0x0000, 0x0000, 0x0000, 0x0000, 0x0000, 0x0000, 0x0000, 0x0000, 0x0000,
    0x0000, 0x1061, 0x30E2, 0x30E2, 0x30C2, 0x30C1, 0x30E2, 0x4943, 0x4943, 0x4943, 0x5163, 0x5163,
    0x5963, 0x69C4, 0x69A4, 0x6183, 0x69C4, 0x71E4, 0x8226, 0x8A46, 0x8225, 0x8205, 0x8205, 0x9226,
    0x9226, 0x9226, 0x9A47, 0xAAA8, 0xAAA8, 0xAAA8, 0xBAE9, 0xBAE9, 0xBB2A, 0xCB4B, 0xBB09, 0xB2A8,
    0xBB09, 0xB2C8, 0xBAE9, 0xC30A, 0xC309, 0xBAE9, 0xCB4A, 0xDBCC, 0xD38C, 0xDBED, 0xCB8B, 0xCB8B,
    0xCB6B, 0xBB09, 0xD3AC, 0xE42E, 0xE46F, 0xE44E, 0xD3AC, 0xC32A, 0xC36B, 0xE42E, 0xE42E, 0xE42E,
    0xDC0D, 0xD3CC, 0xDC0D, 0xCBAC, 0xC36B, 0xCBAC, 0xCB8B, 0xCBAB, 0xCBCC, 0xC3AC, 0xB32A, 0xB329,
    0xAB09, 0xB36A, 0xAB4A, 0x8AC9, 0x4964, 0x0820, 0x0000, 0x0820, 0x0000, 0x0000, 0x0000, 0x0000,
    0x0000, 0x0000, 0x0000, 0x0000, 0x0000, 0x0000, 0x0000, 0x0000, 0x0000, 0x0000, 0x0000, 0x0000,
    0x0000, 0x0000, 0x0000, 0x0000, 0x0000, 0x0000, 0x0000, 0x0000, 0x0000, 0x0000, 0x0000, 0x0000,
    0x0000, 0x0000, 0x0000, 0x0000, 0x0000, 0x0000, 0x0000, 0x0000, 0x0000, 0x0000, 0x0000, 0x0000,
    0x0000, 0x0000, 0x0000, 0x0000, 0x0000, 0x0000, 0x0000, 0x0000, 0x0000, 0x0000, 0x0000, 0x0000,
    0x0000, 0x0000, 0x0000, 0x0000, 0x0000, 0x0000, 0x0000, 0x0000, 0x0000, 0x0000, 0x0000, 0x0000,
    0x0000, 0x0000, 0x0000, 0x0000, 0x0000, 0x0000, 0x0000, 0x0000, 0x0000, 0x0000, 0x0000, 0x0000,
    0x0000, 0x0000, 0x0000, 0x0000, 0x0000, 0x0000, 0x0000, 0x0000, 0x0000, 0x0000, 0x0000, 0x0000,
    0x0000, 0x0000, 0x0000, 0x0000, 0x0000, 0x0000, 0x0000, 0x0000, 0x0000, 0x0000, 0x0000, 0x0000,
    0x0000, 0x0000, 0x0000, 0x0000, 0x0000, 0x0000, 0x0000, 0x0000, 0x0000, 0x0000, 0x0000, 0x0000,
    0x0000, 0x0000, 0x0000, 0x0000, 0x0000, 0x0000, 0x0000, 0x0000, 0x0000, 0x0000, 0x1060, 0x20A1,
    0x30E2, 0x3902, 0x4122, 0x4963, 0x4943, 0x4943, 0x5163, 0x4943, 0x5963, 0x61A4, 0x6183, 0x6183,
    0x6183, 0x71C4, 0x8A66, 0x9266, 0x8205, 0x8205, 0x8A25, 0x9246, 0x9226, 0x9A26, 0x9A46, 0x9A46,
    0xAAA8, 0xB2E9, 0xC32A, 0xC32A, 0xCB6B, 0xD3AC, 0xC34B, 0xBB09, 0xC32A, 0xC32A, 0xB2C9, 0xB2A8,
    0xBB09, 0xB2C8, 0xBAE9, 0xCB6B, 0xC32A, 0xD3CC, 0xCB8B, 0xD3AC, 0xD3CC, 0xDBED, 0xD3AC, 0xD3CD,
    0xE46F, 0xDC2E, 0xDC0D, 0xDBED, 0xCBAC, 0xDC0D, 0xE44E, 0xD3ED, 0xCB8B, 0xCB8B, 0xCBAC, 0xC34A,
    0xBB2A, 0xBB2A, 0xBB4A, 0xCBCC, 0xCBAC, 0xBB6A, 0xB34A, 0xB32A, 0xB34A, 0xAB8B, 0x7268, 0x3103,
    0x0000, 0x0000, 0x0800, 0x0000, 0x0000, 0x0000, 0x0000, 0x0000, 0x0000, 0x0000, 0x0000, 0x0000,
    0x0000, 0x0000, 0x0000, 0x0000, 0x0000, 0x0000, 0x0000, 0x0000, 0x0000, 0x0000, 0x0000, 0x0000,
    0x0000, 0x0000, 0x0000, 0x0000, 0x0000, 0x0000, 0x0000, 0x0000, 0x0000, 0x0000, 0x0000, 0x0000,
    0x0000, 0x0000, 0x0000, 0x0000, 0x0000, 0x0000, 0x0000, 0x0000, 0x0000, 0x0000, 0x0000, 0x0000,
    0x0000, 0x0000, 0x0000, 0x0000, 0x0000, 0x0000, 0x0000, 0x0000, 0x0000, 0x0000, 0x0000, 0x0000,
    0x0000, 0x0000, 0x0000, 0x0000, 0x0000, 0x0000, 0x0000, 0x0000, 0x0000, 0x0000, 0x0000, 0x0000,
    0x0000, 0x0000, 0x0000, 0x0000, 0x0000, 0x0000, 0x0000, 0x0000, 0x0000, 0x0000, 0x0000, 0x0000,
    0x0000, 0x0000, 0x0000, 0x0000, 0x0000, 0x0000, 0x0000, 0x0000, 0x0000, 0x0000, 0x0000, 0x0000,
    0x0000, 0x0000, 0x0000, 0x0000, 0x0000, 0x0000, 0x0000, 0x0000, 0x0000, 0x0000, 0x0000, 0x0000,
    0x0000, 0x0000, 0x0000, 0x0000, 0x0000, 0x0000, 0x0000, 0x0000, 0x0000, 0x0000, 0x0000, 0x0000,
    0x0000, 0x0000, 0x0000, 0x0000, 0x0000, 0x0000, 0x0000, 0x0820, 0x20C2, 0x30E2, 0x3903, 0x4943,
    0x4123, 0x38E2, 0x4943, 0x5983, 0x5983, 0x5163, 0x6183, 0x5963, 0x71C4, 0x7A05, 0x71E5, 0x71C4,
    0x8205, 0x8205, 0x8A26, 0x8A05, 0x9226, 0x9226, 0x81A4, 0x8A05, 0xAA87, 0xB2E9, 0xB2C8, 0xB2C8,
    0xC36B, 0xC36A, 0xBB2A, 0xAA88, 0xAAA8, 0xAA88, 0x9A46, 0xA267, 0xC32A, 0xBB09, 0xAA87, 0xBAE9,
    0xCBAC, 0xDBED, 0xBB09, 0xC34A, 0xD3ED, 0xCB8B, 0xCB8B, 0xD3CC, 0xD3AC, 0xD3CC, 0xDC2E, 0xD40D,
    0xD3EC, 0xD3ED, 0xCBAC, 0xCBAC, 0xBB09, 0xC34B, 0xCB8B, 0xD3AC, 0xCBAC, 0xC36B, 0xC36B, 0xCBCC,
    0xB34A, 0xBB8B, 0xC3CC, 0xBBAB, 0x92E9, 0x4984, 0x0840, 0x0000, 0x0820, 0x0800, 0x0000, 0x0000,
    0x0000, 0x0000, 0x0000, 0x0000, 0x0000, 0x0000, 0x0000, 0x0000, 0x0000, 0x0000, 0x0000, 0x0000,
    0x0000, 0x0000, 0x0000, 0x0000, 0x0000, 0x0000, 0x0000, 0x0000, 0x0000, 0x0000, 0x0000, 0x0000,
    0x0000, 0x0000, 0x0000, 0x0000, 0x0000, 0x0000, 0x0000, 0x0000, 0x0000, 0x0000, 0x0000, 0x0000,
    0x0000, 0x0000, 0x0000, 0x0000, 0x0000, 0x0000, 0x0000, 0x0000, 0x0000, 0x0000, 0x0000, 0x0000,
    0x0000, 0x0000, 0x0000, 0x0000, 0x0000, 0x0000, 0x0000, 0x0000, 0x0000, 0x0000, 0x0000, 0x0000,
    0x0000, 0x0000, 0x0000, 0x0000, 0x0000, 0x0000, 0x0000, 0x0000, 0x0000, 0x0000, 0x0000, 0x0000,
    0x0000, 0x0000, 0x0000, 0x0000, 0x0000, 0x0000, 0x0000, 0x0000, 0x0000, 0x0000, 0x0000, 0x0000,
    0x0000, 0x0000, 0x0000, 0x0000, 0x0000, 0x0000, 0x0000, 0x0000, 0x0000, 0x0000, 0x0000, 0x0000,
    0x0000, 0x0000, 0x0000, 0x0000, 0x0000, 0x0000, 0x0000, 0x0000, 0x0000, 0x0000, 0x0000, 0x0000,
    0x0000, 0x0000, 0x0000, 0x0000, 0x0000, 0x0000, 0x0000, 0x0000, 0x0000, 0x0000, 0x0000, 0x0000,
    0x0000, 0x0000, 0x0000, 0x0000, 0x0820, 0x1040, 0x28A2, 0x3923, 0x3903, 0x30E2, 0x4122, 0x59A4,
    0x5984, 0x5983, 0x6183, 0x6183, 0x69A4, 0x7A05, 0x71C4, 0x6184, 0x79E5, 0x79E5, 0x8205, 0x8205,
    0x8A06, 0x8A05, 0x89E5, 0x9A67, 0x9A47, 0xB2E9, 0xB2C8, 0xB2C8, 0xC36A, 0xC36B, 0xBB2A, 0xA267,
    0xA246, 0xA246, 0x9A26, 0xA246, 0xB2E8, 0xBB09, 0xAA87, 0xB2C8, 0xD3AC, 0xCBAC, 0xBB4A, 0xC34A,
    0xBB2A, 0xBB09, 0xC32A, 0xCB6B, 0xCB8C, 0xD3ED, 0xDC2E, 0xCBAC, 0xC38B, 0xBB4A, 0xC38B, 0xD40D,
    0xB309, 0xC36B, 0xD3CC, 0xCB8B, 0xC38B, 0xBB6A, 0xBB4A, 0xAB09, 0xAB09, 0xBBCC, 0xA34A, 0x82A8,
    0x3944, 0x0800, 0x0000, 0x0820, 0x0000, 0x0000, 0x0000, 0x0000, 0x0000, 0x0000, 0x0000, 0x0000,
    0x0000, 0x0000, 0x0000, 0x0000, 0x0000, 0x0000, 0x0000, 0x0000, 0x0000, 0x0000, 0x0000, 0x0000,
    0x0000, 0x0000, 0x0000, 0x0000, 0x0000, 0x0000, 0x0000, 0x0000, 0x0000, 0x0000, 0x0000, 0x0000,
    0x0000, 0x0000, 0x0000, 0x0000, 0x0000, 0x0000, 0x0000, 0x0000, 0x0000, 0x0000, 0x0000, 0x0000,
    0x0000, 0x0000, 0x0000, 0x0000, 0x0000, 0x0000, 0x0000, 0x0000, 0x0000, 0x0000, 0x0000, 0x0000,
    0x0000, 0x0000, 0x0000, 0x0000, 0x0000, 0x0000, 0x0000, 0x0000, 0x0000, 0x0000, 0x0000, 0x0000,
    0x0000, 0x0000, 0x0000, 0x0000, 0x0000, 0x0000, 0x0000, 0x0000, 0x0000, 0x0000, 0x0000, 0x0000,
    0x0000, 0x0000, 0x0000, 0x0000, 0x0000, 0x0000, 0x0000, 0x0000, 0x0000, 0x0000, 0x0000, 0x0000,
    0x0000, 0x0000, 0x0000, 0x0000, 0x0000, 0x0000, 0x0000, 0x0000, 0x0000, 0x0000, 0x0000, 0x0000,
    0x0000, 0x0000, 0x0000, 0x0000, 0x0000, 0x0000, 0x0000, 0x0000, 0x0000, 0x0000, 0x0000, 0x0000,
    0x0000, 0x0000, 0x0000, 0x0000, 0x0000, 0x0000, 0x0000, 0x0000, 0x0000, 0x0000, 0x0000, 0x0000,
    0x0000, 0x0000, 0x0820, 0x1881, 0x28C2, 0x3903, 0x3903, 0x4943, 0x4943, 0x61A4, 0x69C4, 0x61A4,
    0x61A4, 0x69C4, 0x71E4, 0x69A4, 0x69C4, 0x79C5, 0x79C5, 0x8A26, 0x8A05, 0x79C4, 0x89E5, 0xA287,
    0xA287, 0xB2E8, 0xBB09, 0xBB09, 0xC32A, 0xCB8B, 0xC36B, 0xBB29, 0xC34A, 0xB2C9, 0x9A26, 0x9A26,
    0xAAA7, 0xBAE9, 0xBAE9, 0xBAE9, 0xB2C8, 0xB309, 0xD40D, 0xCBAC, 0xBB09, 0xBAE9, 0xBAE9, 0xBB09,
    0xD40D, 0xD40D, 0xCBCC, 0xCBCC, 0xCBAC, 0xBB4A, 0xC38B, 0xD3ED, 0xC3AB, 0xCBCC, 0xD3EC, 0xB32A,
    0xB32A, 0xBB4A, 0xB34A, 0xB34A, 0xAB4A, 0x7A88, 0x30E3, 0x0820, 0x0000, 0x0000, 0x0820, 0x0000,
    0x0000, 0x0000, 0x0000, 0x0000, 0x0000, 0x0000, 0x0000, 0x0000, 0x0000, 0x0000, 0x0000, 0x0000,
    0x0000, 0x0000, 0x0000, 0x0000, 0x0000, 0x0000, 0x0000, 0x0000, 0x0000, 0x0000, 0x0000, 0x0000,
    0x0000, 0x0000, 0x0000, 0x0000, 0x0000, 0x0000, 0x0000, 0x0000, 0x0000, 0x0000, 0x0000, 0x0000,
    0x0000, 0x0000, 0x0000, 0x0000, 0x0000, 0x0000, 0x0000, 0x0000, 0x0000, 0x0000, 0x0000, 0x0000,
    0x0000, 0x0000, 0x0000, 0x0000, 0x0000, 0x0000, 0x0000, 0x0000, 0x0000, 0x0000, 0x0000, 0x0000,
    0x0000, 0x0000, 0x0000, 0x0000, 0x0000, 0x0000, 0x0000, 0x0000, 0x0000, 0x0000, 0x0000, 0x0000,
    0x0000, 0x0000, 0x0000, 0x0000, 0x0000, 0x0000, 0x0000, 0x0000, 0x0000, 0x0000, 0x0000, 0x0000,
    0x0000, 0x0000, 0x0000, 0x0000, 0x0000, 0x0000, 0x0000, 0x0000, 0x0000, 0x0000, 0x0000, 0x0000,
    0x0000, 0x0000, 0x0000, 0x0000, 0x0000, 0x0000, 0x0000, 0x0000, 0x0000, 0x0000, 0x0000, 0x0000,
    0x0000, 0x0000, 0x0000, 0x0000, 0x0000, 0x0000, 0x0000, 0x0000, 0x0000, 0x0000, 0x0000, 0x0000,
    0x0000, 0x0000, 0x0000, 0x0000, 0x0000, 0x0000, 0x0000, 0x0000, 0x0000, 0x0000, 0x0000, 0x0000,
    0x0800, 0x1881, 0x30E2, 0x3923, 0x3902, 0x38E2, 0x4123, 0x5163, 0x5983, 0x61A4, 0x69C4, 0x69C4,
    0x71E5, 0x79E5, 0x71C5, 0x79E5, 0x81E5, 0x79A4, 0x81C5, 0x8A05, 0x9226, 0x9A46, 0xAAC8, 0xB2C8,
    0xB2E9, 0xB2E9, 0xB2E9, 0xAAA8, 0xB2C8, 0xAA87, 0xA267, 0xA267, 0xA246, 0xAA87, 0xB2A8, 0xB2A8,
    0xB2C8, 0xBB09, 0xCBAC, 0xC36B, 0xCBCC, 0xD3CC, 0xC36B, 0xC36B, 0xCBED, 0xCBCC, 0xD3ED, 0xD42D,
    0xCBCC, 0xC3CC, 0xCBCC, 0xCBCC, 0xCBEC, 0xC3AB, 0xC38B, 0xBB6B, 0xBB8B, 0xB36A, 0xAB6A, 0xA34B,
    0x6206, 0x1040, 0x0000, 0x0000, 0x0000, 0x0000, 0x0000, 0x0000, 0x0000, 0x0000, 0x0000, 0x0000,
    0x0000, 0x0000, 0x0000, 0x0000, 0x0000, 0x0000, 0x0000, 0x0000, 0x0000, 0x0000, 0x0000, 0x0000,
    0x0000, 0x0000, 0x0000, 0x0000, 0x0000, 0x0000, 0x0000, 0x0000, 0x0000, 0x0000, 0x0000, 0x0000,
    0x0000, 0x0000, 0x0000, 0x0000, 0x0000, 0x0000, 0x0000, 0x0000, 0x0000, 0x0000, 0x0000, 0x0000,
    0x0000, 0x0000, 0x0000, 0x0000, 0x0000, 0x0000, 0x0000, 0x0000, 0x0000, 0x0000, 0x0000, 0x0000,
    0x0000, 0x0000, 0x0000, 0x0000, 0x0000, 0x0000, 0x0000, 0x0000, 0x0000, 0x0000, 0x0000, 0x0000,
    0x0000, 0x0000, 0x0000, 0x0000, 0x0000, 0x0000, 0x0000, 0x0000, 0x0000, 0x0000, 0x0000, 0x0000,
    0x0000, 0x0000, 0x0000, 0x0000, 0x0000, 0x0000, 0x0000, 0x0000, 0x0000, 0x0000, 0x0000, 0x0000,
    0x0000, 0x0000, 0x0000, 0x0000, 0x0000, 0x0000, 0x0000, 0x0000, 0x0000, 0x0000, 0x0000, 0x0000,
    0x0000, 0x0000, 0x0000, 0x0000, 0x0000, 0x0000, 0x0000, 0x0000, 0x0000, 0x0000, 0x0000, 0x0000,
    0x0000, 0x0000, 0x0000, 0x0000, 0x0000, 0x0000, 0x0000, 0x0000, 0x0000, 0x0000, 0x0000, 0x0000,
    0x0000, 0x0000, 0x0000, 0x0000, 0x0000, 0x0000, 0x0000, 0x0000, 0x0000, 0x0820, 0x1040, 0x1881,
    0x30E2, 0x3903, 0x4123, 0x4102, 0x5143, 0x5963, 0x69A4, 0x71E5, 0x7A05, 0x7A25, 0x8205, 0x8205,
    0x79E5, 0x81E5, 0x81E5, 0x81E5, 0x81E5, 0x8A06, 0xAAA8, 0xA287, 0xAAA8, 0xAAC8, 0xA2A8, 0xAAC8,
    0xA267, 0x9A26, 0xA267, 0xB2C8, 0xA287, 0x9A46, 0xA267, 0xAA87, 0xAAA8, 0xBB2A, 0xB2E9, 0xC38B,
    0xCBEC, 0xCBED, 0xD40D, 0xD3ED, 0xC3AC, 0xBB8B, 0xC3AC, 0xBB8B, 0xBB6B, 0xBB6B, 0xC3AB, 0xBB8B,
    0xB34A, 0xB32A, 0xB34A, 0xA309, 0xB36B, 0x9B2A, 0x51A5, 0x20C2, 0x1040, 0x0820, 0x0820, 0x0000,
    0x0000, 0x0000, 0x0000, 0x0000, 0x0000, 0x0000, 0x0000, 0x0000, 0x0000, 0x0000, 0x0000, 0x0000,
    0x0000, 0x0000, 0x0000, 0x0000, 0x0000, 0x0000, 0x0000, 0x0000, 0x0000, 0x0000, 0x0000, 0x0000,
    0x0000, 0x0000, 0x0000, 0x0000, 0x0000, 0x0000, 0x0000, 0x0000, 0x0000, 0x0000, 0x0000, 0x0000,
    0x0000, 0x0000, 0x0000, 0x0000, 0x0000, 0x0000, 0x0000, 0x0000, 0x0000, 0x0000, 0x0000, 0x0000,
    0x0000, 0x0000, 0x0000, 0x0000, 0x0000, 0x0000, 0x0000, 0x0000, 0x0000, 0x0000, 0x0000, 0x0000,
    0x0000, 0x0000, 0x0000, 0x0000, 0x0000, 0x0000, 0x0000, 0x0000, 0x0000, 0x0000, 0x0000, 0x0000,
    0x0000, 0x0000, 0x0000, 0x0000, 0x0000, 0x0000, 0x0000, 0x0000, 0x0000, 0x0000, 0x0000, 0x0000,
    0x0000, 0x0000, 0x0000, 0x0000, 0x0000, 0x0000, 0x0000, 0x0000, 0x0000, 0x0000, 0x0000, 0x0000,
    0x0000, 0x0000, 0x0000, 0x0000, 0x0000, 0x0000, 0x0000, 0x0000, 0x0000, 0x0000, 0x0000, 0x0000,
    0x0000, 0x0000, 0x0000, 0x0000, 0x0000, 0x0000, 0x0000, 0x0000, 0x0000, 0x0000, 0x0000, 0x0000,
    0x0000, 0x0000, 0x0000, 0x0000, 0x0000, 0x0000, 0x0000, 0x0000, 0x0000, 0x0000, 0x0000, 0x0000,
    0x0000, 0x0000, 0x0000, 0x0000, 0x0000, 0x0000, 0x0000, 0x0000, 0x1040, 0x2081, 0x30E2, 0x4143,
    0x5163, 0x4943, 0x5163, 0x5984, 0x69C5, 0x7A26, 0x8226, 0x7A05, 0x79C5, 0x8205, 0x8205, 0x8A26,
    0x8A05, 0x8A05, 0x9A67, 0xA287, 0xA287, 0xBB2A, 0xB309, 0xAAA8, 0xA267, 0x9205, 0x9A26, 0xAAA8,
    0xB2E9, 0xAAC8, 0xA246, 0x9A46, 0xA267, 0xC36A, 0xC38B, 0xC36B, 0xCBCC, 0xC38B, 0xBB6B, 0xC38B,
    0xC3CC, 0xCBCC, 0xC3CC, 0xBBAB, 0xB34A, 0xB34A, 0xB32A, 0xB32A, 0xB34A, 0xBB8B, 0xBB8B, 0x9B09,
    0x59C5, 0x28E2, 0x0000, 0x0000, 0x0000, 0x0000, 0x0000, 0x0000, 0x0000, 0x0000, 0x0000, 0x0000,
    0x0000, 0x0000, 0x0000, 0x0000, 0x0000, 0x0000, 0x0000, 0x0000, 0x0000, 0x0000, 0x0000, 0x0000,
    0x0000, 0x0000, 0x0000, 0x0000, 0x0000, 0x0000, 0x0000, 0x0000, 0x0000, 0x0000, 0x0000, 0x0000,
    0x0000, 0x0000, 0x0000, 0x0000, 0x0000, 0x0000, 0x0000, 0x0000, 0x0000, 0x0000, 0x0000, 0x0000,
    0x0000, 0x0000, 0x0000, 0x0000, 0x0000, 0x0000, 0x0000, 0x0000, 0x0000, 0x0000, 0x0000, 0x0000,
    0x0000, 0x0000, 0x0000, 0x0000, 0x0000, 0x0000, 0x0000, 0x0000, 0x0000, 0x0000, 0x0000, 0x0000,
    0x0000, 0x0000, 0x0000, 0x0000, 0x0000, 0x0000, 0x0000, 0x0000, 0x0000, 0x0000, 0x0000, 0x0000,
    0x0000, 0x0000, 0x0000, 0x0000, 0x0000, 0x0000, 0x0000, 0x0000, 0x0000, 0x0000, 0x0000, 0x0000,
    0x0000, 0x0000, 0x0000, 0x0000, 0x0000, 0x0000, 0x0000, 0x0000, 0x0000, 0x0000, 0x0000, 0x0000,
    0x0000, 0x0000, 0x0000, 0x0000, 0x0000, 0x0000, 0x0000, 0x0000, 0x0000, 0x0000, 0x0000, 0x0000,
    0x0000, 0x0000, 0x0000, 0x0000, 0x0000, 0x0000, 0x0000, 0x0000, 0x0000, 0x0000, 0x0000, 0x0000,
    0x0000, 0x0000, 0x0000, 0x0000, 0x0000, 0x0000, 0x0000, 0x0000, 0x0000, 0x0000, 0x0000, 0x0000,
    0x0000, 0x0000, 0x0000, 0x0000, 0x0000, 0x0000, 0x0820, 0x28A1, 0x3923, 0x4943, 0x5163, 0x5984,
    0x5164, 0x61A4, 0x69A4, 0x71E5, 0x71C4, 0x79E5, 0x8226, 0x8A46, 0x8205, 0x81E5, 0xA287, 0xA287,
    0x9A67, 0xAAC8, 0xAAA8, 0xA2A8, 0x9A67, 0x9226, 0x9226, 0xA287, 0xA267, 0x9A67, 0xAAA8, 0xB2E8,
    0xB2E8, 0xB329, 0xB32A, 0xB309, 0xB32A, 0xB32A, 0xAB09, 0xB34A, 0xB34A, 0xB36A, 0xBB8B, 0xB34A,
    0xAB09, 0xB34A, 0xAB2A, 0xA309, 0xA32A, 0x9B09, 0x8AA8, 0x59C5, 0x0000, 0x0000, 0x0000, 0x0820,
    0x0800, 0x0000, 0x0000, 0x0000, 0x0000, 0x0000, 0x0000, 0x0000, 0x0000, 0x0000, 0x0000, 0x0000,
    0x0000, 0x0000, 0x0000, 0x0000, 0x0000, 0x0000, 0x0000, 0x0000, 0x0000, 0x0000, 0x0000, 0x0000,
    0x0000, 0x0000, 0x0000, 0x0000, 0x0000, 0x0000, 0x0000, 0x0000, 0x0000, 0x0000, 0x0000, 0x0000,
    0x0000, 0x0000, 0x0000, 0x0000, 0x0000, 0x0000, 0x0000, 0x0000, 0x0000, 0x0000, 0x0000, 0x0000,
    0x0000, 0x0000, 0x0000, 0x0000, 0x0000, 0x0000, 0x0000, 0x0000, 0x0000, 0x0000, 0x0000, 0x0000,
    0x0000, 0x0000, 0x0000, 0x0000, 0x0000, 0x0000, 0x0000, 0x0000, 0x0000, 0x0000, 0x0000, 0x0000,
    0x0000, 0x0000, 0x0000, 0x0000, 0x0000, 0x0000, 0x0000, 0x0000, 0x0000, 0x0000, 0x0000, 0x0000,
    0x0000, 0x0000, 0x0000, 0x0000, 0x0000, 0x0000, 0x0000, 0x0000, 0x0000, 0x0000, 0x0000, 0x0000,
    0x0000, 0x0000, 0x0000, 0x0000, 0x0000, 0x0000, 0x0000, 0x0000, 0x0000, 0x0000, 0x0000, 0x0000,
    0x0000, 0x0000, 0x0000, 0x0000, 0x0000, 0x0000, 0x0000, 0x0000, 0x0000, 0x0000, 0x0000, 0x0000,
    0x0000, 0x0000, 0x0000, 0x0000, 0x0000, 0x0000, 0x0000, 0x0000, 0x0000, 0x0000, 0x0000, 0x0000,
    0x0000, 0x0000, 0x0000, 0x0000, 0x0000, 0x0000, 0x0000, 0x0000, 0x0000, 0x0000, 0x0000, 0x0000,
    0x0000, 0x0800, 0x0000, 0x0800, 0x0820, 0x1881, 0x4943, 0x5164, 0x4944, 0x5143, 0x5163, 0x6184,
    0x6184, 0x6184, 0x6984, 0x71C5, 0x71C5, 0x71A4, 0x79C5, 0x81C5, 0x81C5, 0x79A4, 0x79C5, 0xA287,
    0x9A46, 0x9246, 0x9A46, 0x9A46, 0x9226, 0x9226, 0x9A46, 0xA287, 0xAAC8, 0xA2A8, 0x9AA8, 0x9AA8,
    0xA2C8, 0xA2E8, 0xAB09, 0xAB09, 0x9AC8, 0x9AC8, 0xA309, 0xAB2A, 0xB36A, 0xAB4A, 0x8AA8, 0x7247,
    0x3923, 0x1861, 0x0820, 0x0820, 0x0820, 0x0820, 0x0000, 0x0000, 0x0000, 0x0000, 0x0000, 0x0000,
    0x0000, 0x0000, 0x0000, 0x0000, 0x0000, 0x0000, 0x0000, 0x0000, 0x0000, 0x0000, 0x0000, 0x0000,
    0x0000, 0x0000, 0x0000, 0x0000, 0x0000, 0x0000, 0x0000, 0x0000, 0x0000, 0x0000, 0x0000, 0x0000,
    0x0000, 0x0000, 0x0000, 0x0000, 0x0000, 0x0000, 0x0000, 0x0000, 0x0000, 0x0000, 0x0000, 0x0000,
    0x0000, 0x0000, 0x0000, 0x0000, 0x0000, 0x0000, 0x0000, 0x0000, 0x0000, 0x0000, 0x0000, 0x0000,
    0x0000, 0x0000, 0x0000, 0x0000, 0x0000, 0x0000, 0x0000, 0x0000, 0x0000, 0x0000, 0x0000, 0x0000,
    0x0000, 0x0000, 0x0000, 0x0000, 0x0000, 0x0000, 0x0000, 0x0000, 0x0000, 0x0000, 0x0000, 0x0000,
    0x0000, 0x0000, 0x0000, 0x0000, 0x0000, 0x0000, 0x0000, 0x0000, 0x0000, 0x0000, 0x0000, 0x0000,
    0x0000, 0x0000, 0x0000, 0x0000, 0x0000, 0x0000, 0x0000, 0x0000, 0x0000, 0x0000, 0x0000, 0x0000,
    0x0000, 0x0000, 0x0000, 0x0000, 0x0000, 0x0000, 0x0000, 0x0000, 0x0000, 0x0000, 0x0000, 0x0000,
    0x0000, 0x0000, 0x0000, 0x0000, 0x0000, 0x0000, 0x0000, 0x0000, 0x0000, 0x0000, 0x0000, 0x0000,
    0x0000, 0x0000, 0x0000, 0x0000, 0x0000, 0x0000, 0x0000, 0x0000, 0x0000, 0x0000, 0x0000, 0x0000,
    0x0000, 0x0000, 0x0000, 0x0000, 0x0000, 0x0000, 0x0000, 0x0000, 0x0000, 0x0000, 0x0000, 0x0000,
    0x0000, 0x0000, 0x0820, 0x1881, 0x30E2, 0x4944, 0x5184, 0x5984, 0x6184, 0x5964, 0x6184, 0x71C5,
    0x71C5, 0x71C5, 0x79C5, 0x71A4, 0x79A4, 0x79A4, 0x79A4, 0x8A06, 0x81E5, 0x79C5, 0x8A05, 0x8A26,
    0x8A05, 0x9226, 0x9226, 0x8A05, 0x8A26, 0x9267, 0xA309, 0xB38B, 0xAB2A, 0xA2C8, 0x9AC8, 0xA309,
    0xA309, 0xA2E9, 0xA32A, 0x9B0A, 0x9B0A, 0x7A68, 0x3903, 0x1060, 0x0000, 0x0000, 0x0000, 0x0000,
    0x0000, 0x0000, 0x0000, 0x0000, 0x0000, 0x0000, 0x0000, 0x0000, 0x0000, 0x0000, 0x0000, 0x0000,
    0x0000, 0x0000, 0x0000, 0x0000, 0x0000, 0x0000, 0x0000, 0x0000, 0x0000, 0x0000, 0x0000, 0x0000,
    0x0000, 0x0000, 0x0000, 0x0000, 0x0000, 0x0000, 0x0000, 0x0000, 0x0000, 0x0000, 0x0000, 0x0000,
    0x0000, 0x0000, 0x0000, 0x0000, 0x0000, 0x0000, 0x0000, 0x0000, 0x0000, 0x0000, 0x0000, 0x0000,
    0x0000, 0x0000, 0x0000, 0x0000, 0x0000, 0x0000, 0x0000, 0x0000, 0x0000, 0x0000, 0x0000, 0x0000,
    0x0000, 0x0000, 0x0000, 0x0000, 0x0000, 0x0000, 0x0000, 0x0000, 0x0000, 0x0000, 0x0000, 0x0000,
    0x0000, 0x0000, 0x0000, 0x0000, 0x0000, 0x0000, 0x0000, 0x0000, 0x0000, 0x0000, 0x0000, 0x0000,
    0x0000, 0x0000, 0x0000, 0x0000, 0x0000, 0x0000, 0x0000, 0x0000, 0x0000, 0x0000, 0x0000, 0x0000,
    0x0000, 0x0000, 0x0000, 0x0000, 0x0000, 0x0000, 0x0000, 0x0000, 0x0000, 0x0000, 0x0000, 0x0000,
    0x0000, 0x0000, 0x0000, 0x0000, 0x0000, 0x0000, 0x0000, 0x0000, 0x0000, 0x0000, 0x0000, 0x0000,
    0x0000, 0x0000, 0x0000, 0x0000, 0x0000, 0x0000, 0x0000, 0x0000, 0x0000, 0x0000, 0x0000, 0x0000,
    0x0000, 0x0000, 0x0000, 0x0000, 0x0000, 0x0000, 0x0000, 0x0000, 0x0000, 0x0000, 0x0000, 0x0000,
    0x0000, 0x0000, 0x0000, 0x0000, 0x0000, 0x0000, 0x0000, 0x0000, 0x0800, 0x0000, 0x0000, 0x0800,
    0x0820, 0x1040, 0x1861, 0x28A1, 0x3903, 0x4123, 0x4943, 0x5964, 0x5984, 0x69C5, 0x71E5, 0x71C5,
    0x79C5, 0x79E5, 0x71A4, 0x79C5, 0x8A26, 0x71A4, 0x79A4, 0x8206, 0x8205, 0x9247, 0x9246, 0x8A26,
    0x8A26, 0x9287, 0x9AC8, 0xA2E9, 0xAB4A, 0xA32A, 0x9AE9, 0x9B09, 0x8A88, 0x61C5, 0x3103, 0x30E2,
    0x2081, 0x0840, 0x0000, 0x0000, 0x0000, 0x0820, 0x0800, 0x0000, 0x0000, 0x0000, 0x0000, 0x0000,
    0x0000, 0x0000, 0x0000, 0x0000, 0x0000, 0x0000, 0x0000, 0x0000, 0x0000, 0x0000, 0x0000, 0x0000,
    0x0000, 0x0000, 0x0000, 0x0000, 0x0000, 0x0000, 0x0000, 0x0000, 0x0000, 0x0000, 0x0000, 0x0000,
    0x0000, 0x0000, 0x0000, 0x0000, 0x0000, 0x0000, 0x0000, 0x0000, 0x0000, 0x0000, 0x0000, 0x0000,
    0x0000, 0x0000, 0x0000, 0x0000, 0x0000, 0x0000, 0x0000, 0x0000, 0x0000, 0x0000, 0x0000, 0x0000,
    0x0000, 0x0000, 0x0000, 0x0000, 0x0000, 0x0000, 0x0000, 0x0000, 0x0000, 0x0000, 0x0000, 0x0000,
    0x0000, 0x0000, 0x0000, 0x0000, 0x0000, 0x0000, 0x0000, 0x0000, 0x0000, 0x0000, 0x0000, 0x0000,
    0x0000, 0x0000, 0x0000, 0x0000, 0x0000, 0x0000, 0x0000, 0x0000, 0x0000, 0x0000, 0x0000, 0x0000,
    0x0000, 0x0000, 0x0000, 0x0000, 0x0000, 0x0000, 0x0000, 0x0000, 0x0000, 0x0000, 0x0000, 0x0000,
    0x0000, 0x0000, 0x0000, 0x0000, 0x0000, 0x0000, 0x0000, 0x0000, 0x0000, 0x0000, 0x0000, 0x0000,
    0x0000, 0x0000, 0x0000, 0x0000, 0x0000, 0x0000, 0x0000, 0x0000, 0x0000, 0x0000, 0x0000, 0x0000,
    0x0000, 0x0000, 0x0000, 0x0000, 0x0000, 0x0000, 0x0000, 0x0000, 0x0000, 0x0000, 0x0000, 0x0000,
    0x0000, 0x0000, 0x0000, 0x0000, 0x0000, 0x0000, 0x0000, 0x0000, 0x0000, 0x0000, 0x0000, 0x0000,
    0x0000, 0x0000, 0x0000, 0x0000, 0x0000, 0x0000, 0x0000, 0x0000, 0x0000, 0x0000, 0x0000, 0x0800,
    0x1040, 0x1860, 0x1881, 0x2081, 0x30C2, 0x30E2, 0x4103, 0x4103, 0x4943, 0x5164, 0x5143, 0x5984,
    0x61A4, 0x6164, 0x5963, 0x6184, 0x6184, 0x61A5, 0x69E5, 0x61A5, 0x61A5, 0x61C5, 0x61C5, 0x61C5,
    0x59C5, 0x51A5, 0x4143, 0x30E2, 0x20A1, 0x1040, 0x0000, 0x0000, 0x0000, 0x0000, 0x0000, 0x0800,
    0x0000, 0x0000, 0x0000, 0x0000, 0x0000, 0x0000, 0x0000, 0x0000, 0x0000, 0x0000, 0x0000, 0x0000,
    0x0000, 0x0000, 0x0000, 0x0000, 0x0000, 0x0000, 0x0000, 0x0000, 0x0000, 0x0000, 0x0000, 0x0000,
    0x0000, 0x0000, 0x0000, 0x0000, 0x0000, 0x0000, 0x0000, 0x0000, 0x0000, 0x0000, 0x0000, 0x0000,
    0x0000, 0x0000, 0x0000, 0x0000, 0x0000, 0x0000, 0x0000, 0x0000, 0x0000, 0x0000, 0x0000, 0x0000,
    0x0000, 0x0000, 0x0000, 0x0000, 0x0000, 0x0000, 0x0000, 0x0000, 0x0000, 0x0000, 0x0000, 0x0000,
    0x0000, 0x0000, 0x0000, 0x0000, 0x0000, 0x0000, 0x0000, 0x0000, 0x0000, 0x0000, 0x0000, 0x0000,
    0x0000, 0x0000, 0x0000, 0x0000, 0x0000, 0x0000, 0x0000, 0x0000, 0x0000, 0x0000, 0x0000, 0x0000,
    0x0000, 0x0000, 0x0000, 0x0000, 0x0000, 0x0000, 0x0000, 0x0000, 0x0000, 0x0000, 0x0000, 0x0000,
    0x0000, 0x0000, 0x0000, 0x0000, 0x0000, 0x0000, 0x0000, 0x0000, 0x0000, 0x0000, 0x0000, 0x0000,
    0x0000, 0x0000, 0x0000, 0x0000, 0x0000, 0x0000, 0x0000, 0x0000, 0x0000, 0x0000, 0x0000, 0x0000,
    0x0000, 0x0000, 0x0000, 0x0000, 0x0000, 0x0000, 0x0000, 0x0000, 0x0000, 0x0000, 0x0000, 0x0000,
    0x0000, 0x0000, 0x0000, 0x0000, 0x0000, 0x0000, 0x0000, 0x0000, 0x0000, 0x0000, 0x0000, 0x0000,
    0x0000, 0x0000, 0x0000, 0x0000, 0x0000, 0x0000, 0x0000, 0x0000, 0x0000, 0x0000, 0x0000, 0x0000,
    0x0000, 0x0000, 0x0000, 0x0000, 0x0000, 0x0800, 0x0820, 0x0000, 0x0000, 0x0000, 0x0000, 0x0000,
    0x0000, 0x0000, 0x0000, 0x0000, 0x0000, 0x0000, 0x0000, 0x0000, 0x0000, 0x0820, 0x0800, 0x0000,
    0x0000, 0x0000, 0x0000, 0x0000, 0x0000, 0x0000, 0x0000, 0x0000, 0x0000, 0x0000, 0x0000, 0x0000,
    0x0000, 0x0000, 0x0820, 0x0820, 0x0820, 0x0800, 0x0000, 0x0000, 0x0000, 0x0000, 0x0000, 0x0000,
    0x0000, 0x0000, 0x0000, 0x0000, 0x0000, 0x0000, 0x0000, 0x0000, 0x0000, 0x0000, 0x0000, 0x0000,
    0x0000, 0x0000, 0x0000, 0x0000, 0x0000, 0x0000, 0x0000, 0x0000, 0x0000, 0x0000, 0x0000, 0x0000,
    0x0000, 0x0000, 0x0000, 0x0000, 0x0000, 0x0000, 0x0000, 0x0000, 0x0000, 0x0000, 0x0000, 0x0000,
    0x0000, 0x0000, 0x0000, 0x0000, 0x0000, 0x0000, 0x0000, 0x0000, 0x0000, 0x0000, 0x0000, 0x0000,
    0x0000, 0x0000, 0x0000, 0x0000, 0x0000, 0x0000, 0x0000, 0x0000, 0x0000, 0x0000, 0x0000, 0x0000,
    0x0000, 0x0000, 0x0000, 0x0000, 0x0000, 0x0000, 0x0000, 0x0000, 0x0000, 0x0000, 0x0000, 0x0000,
    0x0000, 0x0000, 0x0000, 0x0000, 0x0000, 0x0000, 0x0000, 0x0000, 0x0000, 0x0000, 0x0000, 0x0000,
    0x0000, 0x0000, 0x0000, 0x0000, 0x0000, 0x0000, 0x0000, 0x0000, 0x0000, 0x0000, 0x0000, 0x0000,
    0x0000, 0x0000, 0x0000, 0x0000, 0x0000, 0x0000, 0x0000, 0x0000, 0x0000, 0x0000, 0x0000, 0x0000,
    0x0000, 0x0000, 0x0000, 0x0000, 0x0000, 0x0000, 0x0000, 0x0000, 0x0000, 0x0000, 0x0000, 0x0000,
    0x0000, 0x0000, 0x0000, 0x0000, 0x0000, 0x0000, 0x0000, 0x0000, 0x0000, 0x0000, 0x0000, 0x0000,
    0x0000, 0x0000, 0x0000, 0x0000, 0x0000, 0x0000, 0x0000, 0x0000, 0x0000, 0x0000, 0x0000, 0x0000,
    0x0000, 0x0000, 0x0000, 0x0000, 0x0000, 0x0000, 0x0000, 0x0000, 0x0000, 0x0000, 0x0000, 0x0000,
    0x0000, 0x0000, 0x0000, 0x0000, 0x0000, 0x0000, 0x0000, 0x0000, 0x0000, 0x0000, 0x0000, 0x0000,
    0x0000, 0x0000, 0x0000, 0x0000, 0x0000, 0x0000, 0x0000, 0x0000, 0x0000, 0x0000, 0x0000, 0x0000,
    0x0800, 0x0800, 0x0820, 0x0820, 0x0820, 0x0820, 0x0820, 0x0820, 0x0820, 0x0800, 0x0000, 0x0000,
    0x0000, 0x0000, 0x0000, 0x0000, 0x0000, 0x0000, 0x0000, 0x0000, 0x0000, 0x0000, 0x0000, 0x0000,
    0x0000, 0x0000, 0x0000, 0x0000, 0x0000, 0x0000, 0x0000, 0x0000, 0x0000, 0x0000, 0x0000, 0x0000,
    0x0000, 0x0000, 0x0000, 0x0000, 0x0000, 0x0000, 0x0000, 0x0000, 0x0000, 0x0000, 0x0000, 0x0000,
    0x0000, 0x0000, 0x0000, 0x0000, 0x0000, 0x0000, 0x0000, 0x0000, 0x0000, 0x0000, 0x0000, 0x0000,
    0x0000, 0x0000, 0x0000, 0x0000, 0x0000, 0x0000, 0x0000, 0x0000, 0x0000, 0x0000, 0x0000, 0x0000,
    0x0000, 0x0000, 0x0000, 0x0000, 0x0000, 0x0000, 0x0000, 0x0000, 0x0000, 0x0000, 0x0000, 0x0000,
    0x0000, 0x0000, 0x0000, 0x0000, 0x0000, 0x0000, 0x0000, 0x0000, 0x0000, 0x0000, 0x0000, 0x0000,
    0x0000, 0x0000, 0x0000, 0x0000, 0x0000, 0x0000, 0x0000, 0x0000, 0x0000, 0x0000, 0x0000, 0x0000,
    0x0000, 0x0000, 0x0000, 0x0000, 0x0000, 0x0000, 0x0000, 0x0000, 0x0000, 0x0000, 0x0000, 0x0000,
    0x0000, 0x0000, 0x0000, 0x0000, 0x0000, 0x0000, 0x0000, 0x0000, 0x0000, 0x0000, 0x0000, 0x0000,
    0x0000, 0x0000, 0x0000, 0x0000, 0x0000, 0x0000, 0x0000, 0x0000, 0x0000, 0x0000, 0x0000, 0x0000,
    0x0000, 0x0000, 0x0000, 0x0000, 0x0000, 0x0000, 0x0000, 0x0000, 0x0000, 0x0000, 0x0000, 0x0000,
    0x0000, 0x0000, 0x0000, 0x0000, 0x0000, 0x0000, 0x0000, 0x0000, 0x0000, 0x0000, 0x0000, 0x0000,
    0x0000, 0x0000, 0x0000, 0x0000, 0x0000, 0x0000, 0x0000, 0x0000, 0x0000, 0x0000, 0x0000, 0x0000,
    0x0000, 0x0000, 0x0000, 0x0000, 0x0000, 0x0000, 0x0000, 0x0000, 0x0000, 0x0000, 0x0000, 0x0000,
    0x0000, 0x0000, 0x0000, 0x0000, 0x0000, 0x0000, 0x0000, 0x0000, 0x0000, 0x0000, 0x0000, 0x0000,
    0x0000, 0x0000, 0x0000, 0x0000, 0x0000, 0x0000, 0x0000, 0x0000, 0x0000, 0x0000, 0x0000, 0x0000,
    0x0000, 0x0000, 0x0000, 0x0000, 0x0000, 0x0000, 0x0000, 0x0000, 0x0000, 0x0000, 0x0000, 0x0000,
    0x0000, 0x0000, 0x0000, 0x0000, 0x0000, 0x0000, 0x0000, 0x0000, 0x0000, 0x0000, 0x0000, 0x0000,
    0x0000, 0x0000, 0x0000, 0x0000, 0x0000, 0x0000, 0x0000, 0x0000, 0x0000, 0x0000, 0x0000, 0x0000,
    0x0000, 0x0000, 0x0000, 0x0000, 0x0000, 0x0000, 0x0000, 0x0000, 0x0000, 0x0000, 0x0000, 0x0000,
    0x0000, 0x0000, 0x0000, 0x0000, 0x0000, 0x0000, 0x0000, 0x0000, 0x0000, 0x0000, 0x0000, 0x0000,
    0x0000, 0x0000, 0x0000, 0x0000, 0x0000, 0x0000, 0x0000, 0x0000, 0x0000, 0x0000, 0x0000, 0x0000,
    0x0000, 0x0000, 0x0000, 0x0000, 0x0000, 0x0000, 0x0000, 0x0000, 0x0000, 0x0000, 0x0000, 0x0000,
    0x0000, 0x0000, 0x0000, 0x0000, 0x0000, 0x0000, 0x0000, 0x0000, 0x0000, 0x0000, 0x0000, 0x0000,
    0x0000, 0x0000, 0x0000, 0x0000, 0x0000, 0x0000, 0x0000, 0x0000, 0x0000, 0x0000, 0x0000, 0x0000,
    0x0000, 0x0000, 0x0000, 0x0000, 0x0000, 0x0000, 0x0000, 0x0000, 0x0000, 0x0000, 0x0000, 0x0000,
    0x0000, 0x0000, 0x0000, 0x0000, 0x0000, 0x0000, 0x0000, 0x0000, 0x0000, 0x0000, 0x0000, 0x0000,
    0x0000, 0x0000, 0x0000, 0x0000, 0x0000, 0x0000, 0x0000, 0x0000, 0x0000, 0x0000, 0x0000, 0x0000,
    0x0000, 0x0000, 0x0000, 0x0000, 0x0000, 0x0000, 0x0000, 0x0000, 0x0000, 0x0000, 0x0000, 0x0000,
    0x0000, 0x0000, 0x0000, 0x0000, 0x0000, 0x0000, 0x0000, 0x0000, 0x0000, 0x0000, 0x0000, 0x0000,
    0x0000, 0x0000, 0x0000, 0x0000, 0x0000, 0x0000, 0x0000, 0x0000, 0x0000, 0x0000, 0x0000, 0x0000,
    0x0000, 0x0000, 0x0000, 0x0000, 0x0000, 0x0000, 0x0000, 0x0000, 0x0000, 0x0000, 0x0000, 0x0000,
    0x0000, 0x0000, 0x0000, 0x0000, 0x0000, 0x0000, 0x0000, 0x0000, 0x0000, 0x0000, 0x0000, 0x0000,
    0x0000, 0x0000, 0x0000, 0x0000, 0x0000, 0x0000, 0x0000, 0x0000, 0x0000, 0x0000, 0x0000, 0x0000,
    0x0000, 0x0000, 0x0000, 0x0000, 0x0000, 0x0000, 0x0000, 0x0000, 0x0000, 0x0000, 0x0000, 0x0000,
    0x0000, 0x0000, 0x0000, 0x0000, 0x0000, 0x0000, 0x0000, 0x0000, 0x0000, 0x0000, 0x0000, 0x0000,
    0x0000, 0x0000, 0x0000, 0x0000, 0x0000, 0x0000, 0x0000, 0x0000, 0x0000, 0x0000, 0x0000, 0x0000,
    0x0000, 0x0000, 0x0000, 0x0000, 0x0000, 0x0000, 0x0000, 0x0000, 0x0000, 0x0000, 0x0000, 0x0000,
    0x0000, 0x0000, 0x0000, 0x0000, 0x0000, 0x0000, 0x0000, 0x0000, 0x0000, 0x0000, 0x0000, 0x0000,
    0x0000, 0x0000, 0x0000, 0x0000, 0x0000, 0x0000, 0x0000, 0x0000, 0x0000, 0x0000, 0x0000, 0x0000,
    0x0000, 0x0000, 0x0000, 0x0000, 0x0000, 0x0000, 0x0000, 0x0000, 0x0000, 0x0000, 0x0000, 0x0000,
    0x0000, 0x0000, 0x0000, 0x0000, 0x0000, 0x0000, 0x0000, 0x0000, 0x0000, 0x0000, 0x0000, 0x0000,
    0x0000, 0x0000, 0x0000, 0x0000, 0x0000, 0x0000, 0x0000, 0x0000, 0x0000, 0x0000, 0x0000, 0x0000,
    0x0000, 0x0000, 0x0000, 0x0000, 0x0000, 0x0000, 0x0000, 0x0000, 0x0000, 0x0000, 0x0000, 0x0000,
    0x0000, 0x0000, 0x0000, 0x0000, 0x0000, 0x0000, 0x0000, 0x0000, 0x0000, 0x0000, 0x0000, 0x0000,
    0x0000, 0x0000, 0x0000, 0x0000, 0x0000, 0x0000, 0x0000, 0x0000, 0x0000, 0x0000, 0x0000, 0x0000,
    0x0000, 0x0000, 0x0000, 0x0000, 0x0000, 0x0000, 0x0000, 0x0000, 0x0000, 0x0000, 0x0000, 0x0000,
    0x0000, 0x0000, 0x0000, 0x0000, 0x0000, 0x0000, 0x0000, 0x0000, 0x0000, 0x0000, 0x0000, 0x0000,
    0x0000, 0x0000, 0x0000, 0x0000, 0x0000, 0x0000, 0x0000, 0x0000, 0x0000, 0x0000, 0x0000, 0x0000,
    0x0000, 0x0000, 0x0000, 0x0000, 0x0000, 0x0000, 0x0000, 0x0000, 0x0000, 0x0000, 0x0000, 0x0000,
    0x0000, 0x0000, 0x0000, 0x0000, 0x0000, 0x0000, 0x0000, 0x0000, 0x0000, 0x0000, 0x0000, 0x0000,
    0x0000, 0x0000, 0x0000, 0x0000, 0x0000, 0x0000, 0x0000, 0x0000, 0x0000, 0x0000, 0x0000, 0x0000,
    0x0000, 0x0000, 0x0000, 0x0000, 0x0000, 0x0000, 0x0000, 0x0000, 0x0000, 0x0000, 0x0000, 0x0000,
    0x0000, 0x0000, 0x0000, 0x0000, 0x0000, 0x0000, 0x0000, 0x0000, 0x0000, 0x0000, 0x0000, 0x0000,
    0x0000, 0x0000, 0x0000, 0x0000, 0x0000, 0x0000, 0x0000, 0x0000, 0x0000, 0x0000, 0x0000, 0x0000,
    0x0000, 0x0000, 0x0000, 0x0000, 0x0000, 0x0000, 0x0000, 0x0000, 0x0000, 0x0000, 0x0000, 0x0000,
    0x0000, 0x0000, 0x0000, 0x0000, 0x0000, 0x0000, 0x0000, 0x0000, 0x0000, 0x0000, 0x0000, 0x0000,
    0x0000, 0x0000, 0x0000, 0x0000, 0x0000, 0x0000, 0x0000, 0x0000, 0x0000, 0x0000, 0x0000, 0x0000,
    0x0000, 0x0000, 0x0000, 0x0000, 0x0000, 0x0000, 0x0000, 0x0000, 0x0000, 0x0000, 0x0000, 0x0000,
    0x0000, 0x0000, 0x0000, 0x0000, 0x0000, 0x0000, 0x0000, 0x0000, 0x0000, 0x0000, 0x0000, 0x0000,
    0x0000, 0x0000, 0x0000, 0x0000, 0x0000, 0x0000, 0x0000, 0x0000, 0x0000, 0x0000, 0x0000, 0x0000,
    0x0000, 0x0000, 0x0000, 0x0000, 0x0000, 0x0000, 0x0000, 0x0000, 0x0000, 0x0000, 0x0000, 0x0000,
    0x0000, 0x0000, 0x0000, 0x0000, 0x0000, 0x0000, 0x0000, 0x0000, 0x0000, 0x0000, 0x0000, 0x0000,
    0x0000, 0x0000, 0x0000, 0x0000, 0x0000, 0x0000, 0x0000, 0x0000, 0x0000, 0x0000, 0x0000, 0x0000,
    0x0000, 0x0000, 0x0000, 0x0000, 0x0000, 0x0000, 0x0000, 0x0000, 0x0000, 0x0000, 0x0000, 0x0000,
    0x0000, 0x0000, 0x0000, 0x0000, 0x0000, 0x0000, 0x0000, 0x0000, 0x0000, 0x0000, 0x0000, 0x0000,
    0x0000, 0x0000, 0x0000, 0x0000, 0x0000, 0x0000, 0x0000, 0x0000, 0x0000, 0x0000, 0x0000, 0x0000,
    0x0000, 0x0000, 0x0000, 0x0000, 0x0000, 0x0000, 0x0000, 0x0000, 0x0000, 0x0000, 0x0000, 0x0000,
    0x0000, 0x0000, 0x0000, 0x0000, 0x0000, 0x0000, 0x0000, 0x0000, 0x0000, 0x0000, 0x0000, 0x0000,
    0x0000, 0x0000, 0x0000, 0x0000, 0x0000, 0x0000, 0x0000, 0x0000, 0x0000, 0x0000, 0x0000, 0x0000,
    0x0000, 0x0000, 0x0000, 0x0000, 0x0000, 0x0000, 0x0000, 0x0000, 0x0000, 0x0000, 0x0000, 0x0000,
    0x0000, 0x0000, 0x0000, 0x0000, 0x0000, 0x0000, 0x0000, 0x0000, 0x0000, 0x0000, 0x0000, 0x0000,
    0x0000, 0x0000, 0x0000, 0x0000, 0x0000, 0x0000, 0x0000, 0x0000, 0x0000, 0x0000, 0x0000, 0x0000,
    0x0000, 0x0000, 0x0000, 0x0000, 0x0000, 0x0000, 0x0000, 0x0000, 0x0000, 0x0000, 0x0000, 0x0000,
    0x0000, 0x0000, 0x0000, 0x0000, 0x0000, 0x0000, 0x0000, 0x0000, 0x0000, 0x0000, 0x0000, 0x0000,
    0x0000, 0x0000, 0x0000, 0x0000, 0x0000, 0x0000, 0x0000, 0x0000, 0x0000, 0x0000, 0x0000, 0x0000,
    0x0000, 0x0000, 0x0000, 0x0000, 0x0000, 0x0000, 0x0000, 0x0000, 0x0000, 0x0000, 0x0000, 0x0000,
    0x0000, 0x0000, 0x0000, 0x0000, 0x0000, 0x0000, 0x0000, 0x0000, 0x0000, 0x0000, 0x0000, 0x0000,
    0x0000, 0x0000, 0x0000, 0x0000, 0x0000, 0x0000, 0x0000, 0x0000, 0x0000, 0x0000, 0x0000, 0x0000,
    0x0000, 0x0000, 0x0000, 0x0000, 0x0000, 0x0000, 0x0000, 0x0000, 0x0000, 0x0000, 0x0000, 0x0000,
    0x0000, 0x0000, 0x0000, 0x0000, 0x0000, 0x0000, 0x0000, 0x0000, 0x0000, 0x0000, 0x0000, 0x0000,
    0x0000, 0x0000, 0x0000, 0x0000, 0x0000, 0x0000, 0x0000, 0x0000, 0x0000, 0x0000, 0x0000, 0x0000,
    0x0000, 0x0000, 0x0000, 0x0000, 0x0000, 0x0000, 0x0000, 0x0000, 0x0000, 0x0000, 0x0000, 0x0000,
    0x0000, 0x0000, 0x0000, 0x0000, 0x0000, 0x0000, 0x0000, 0x0000, 0x0000, 0x0000, 0x0000, 0x0000,
    0x0000, 0x0000, 0x0000, 0x0000, 0x0000, 0x0000, 0x0000, 0x0000, 0x0000, 0x0000, 0x0000, 0x0000,
    0x0000, 0x0000, 0x0000, 0x0000, 0x0000, 0x0000, 0x0000, 0x0000, 0x0000, 0x0000, 0x0000, 0x0000,
    0x0000, 0x0000, 0x0000, 0x0000, 0x0000, 0x0000, 0x0000, 0x0000, 0x0000, 0x0000, 0x0000, 0x0000,
    0x0000, 0x0000, 0x0000, 0x0000, 0x0000, 0x0000, 0x0000, 0x0000, 0x0000, 0x0000, 0x0000, 0x0000,
    0x0000, 0x0000, 0x0000, 0x0000, 0x0000, 0x0000, 0x0000, 0x0000, 0x0000, 0x0000, 0x0000, 0x0000,
    0x0000, 0x0000, 0x0000, 0x0000,
};
